#
# There is insufficient memory for the Java Runtime Environment to continue.
# Native memory allocation (malloc) failed to allocate 1087168 bytes. Error detail: Chunk::new
# Possible reasons:
#   The system is out of physical RAM or swap space
#   This process is running with CompressedOops enabled, and the Java Heap may be blocking the growth of the native heap
# Possible solutions:
#   Reduce memory load on the system
#   Increase physical memory or swap space
#   Check if swap backing store is full
#   Decrease Java heap size (-Xmx/-Xms)
#   Decrease number of Java threads
#   Decrease Java thread stack sizes (-Xss)
#   Set larger code cache with -XX:ReservedCodeCacheSize=
#   JVM is running with Unscaled Compressed Oops mode in which the Java heap is
#     placed in the first 4GB address space. The Java Heap base address is the
#     maximum limit for the native heap growth. Please use -XX:HeapBaseMinAddress
#     to set the Java Heap base and to place the Java Heap above 4GB virtual address.
# This output file may be truncated or incomplete.
#
#  Out of Memory Error (arena.cpp:168), pid=5164, tid=28972
#
# JRE version: OpenJDK Runtime Environment (21.0.9) (build 21.0.9+-14649483-b1163.86)
# Java VM: OpenJDK 64-Bit Server VM (21.0.9+-14649483-b1163.86, mixed mode, tiered, compressed oops, compressed class ptrs, g1 gc, windows-amd64)
# No core dump will be written. Minidumps are not enabled by default on client versions of Windows
#

---------------  S U M M A R Y ------------

Command Line: --add-opens=java.base/java.lang=ALL-UNNAMED --add-opens=java.base/java.lang.invoke=ALL-UNNAMED --add-opens=java.base/java.util=ALL-UNNAMED --add-opens=java.prefs/java.util.prefs=ALL-UNNAMED --add-exports=jdk.compiler/com.sun.tools.javac.api=ALL-UNNAMED --add-exports=jdk.compiler/com.sun.tools.javac.util=ALL-UNNAMED --add-opens=java.base/java.util=ALL-UNNAMED --add-opens=java.prefs/java.util.prefs=ALL-UNNAMED --add-opens=java.base/java.nio.charset=ALL-UNNAMED --add-opens=java.base/java.net=ALL-UNNAMED --add-opens=java.base/java.util.concurrent=ALL-UNNAMED --add-opens=java.base/java.util.concurrent.atomic=ALL-UNNAMED --add-opens=java.xml/javax.xml.namespace=ALL-UNNAMED --add-opens=java.base/java.time=ALL-UNNAMED -Xmx2048m -Dfile.encoding=UTF-8 -Duser.country=US -Duser.language=en -Duser.variant -javaagent:C:\Users\User\.gradle\wrapper\dists\gradle-9.2.1-bin\2t0n5ozlw9xmuyvbp7dnzaxug\gradle-9.2.1\lib\agents\gradle-instrumentation-agent-9.2.1.jar org.gradle.launcher.daemon.bootstrap.GradleDaemon 9.2.1

Host: AMD Ryzen 3 7320U with Radeon Graphics         , 8 cores, 7G,  Windows 11 , 64 bit Build 26100 (10.0.26100.7309)
Time: Fri May  8 14:18:36 2026 SE Asia Standard Time elapsed time: 63.564608 seconds (0d 0h 1m 3s)

---------------  T H R E A D  ---------------

Current thread (0x00000147c7718d30):  JavaThread "C2 CompilerThread1" daemon [_thread_in_native, id=28972, stack(0x0000002a45000000,0x0000002a45100000) (1024K)]


Current CompileTask:
C2:63564 18125       4       java.util.zip.ZipFile$Source::initCEN (612 bytes)

Stack: [0x0000002a45000000,0x0000002a45100000]
Native frames: (J=compiled Java code, j=interpreted, Vv=VM code, C=native code)
V  [jvm.dll+0x6d6c99]
V  [jvm.dll+0x866b83]
V  [jvm.dll+0x86919e]
V  [jvm.dll+0x869883]
V  [jvm.dll+0x280776]
V  [jvm.dll+0xc07cd]
V  [jvm.dll+0xc0d03]
V  [jvm.dll+0x3b986b]
V  [jvm.dll+0x3856a7]
V  [jvm.dll+0x384b1a]
V  [jvm.dll+0x249462]
V  [jvm.dll+0x248a31]
V  [jvm.dll+0x1c7344]
V  [jvm.dll+0x2581ae]
V  [jvm.dll+0x2566f6]
V  [jvm.dll+0x3f48a6]
V  [jvm.dll+0x80f118]
V  [jvm.dll+0x6d54ed]
C  [ucrtbase.dll+0x37b0]
C  [KERNEL32.DLL+0x2e8d7]
C  [ntdll.dll+0x8c53c]


---------------  P R O C E S S  ---------------

Threads class SMR info:
_java_thread_list=0x00000147c5f7cbd0, length=137, elements={
0x00000147a25a8580, 0x00000147bc103a70, 0x00000147bc133e20, 0x00000147bc136010,
0x00000147bc14ed50, 0x00000147bc14f3c0, 0x00000147bc150990, 0x00000147bc152700,
0x00000147bc157320, 0x00000147bc15bb90, 0x00000147bc457c10, 0x00000147c18b7ef0,
0x00000147c2356ef0, 0x00000147c1b49290, 0x00000147c16b9060, 0x00000147bc610ed0,
0x00000147c1f383b0, 0x00000147bc9831f0, 0x00000147bc983f10, 0x00000147bc983880,
0x00000147bc9845a0, 0x00000147c22745d0, 0x00000147c22752f0, 0x00000147c2274c60,
0x00000147c2273220, 0x00000147c2273f40, 0x00000147c2272b90, 0x00000147c2276d30,
0x00000147c2277a50, 0x00000147c2279490, 0x00000147c2278770, 0x00000147c22773c0,
0x00000147c2276010, 0x00000147c22766a0, 0x00000147c22780e0, 0x00000147c49d9310,
0x00000147c49dad50, 0x00000147c49db3e0, 0x00000147c49dce20, 0x00000147c49dba70,
0x00000147c49dc790, 0x00000147c49dc100, 0x00000147c49d99a0, 0x00000147c49da030,
0x00000147c49dd4b0, 0x00000147c49ddb40, 0x00000147c49da6c0, 0x00000147c49e02a0,
0x00000147c49de1d0, 0x00000147c49de860, 0x00000147c49deef0, 0x00000147c49df580,
0x00000147c49dfc10, 0x00000147c49e0930, 0x00000147c3755610, 0x00000147c3757050,
0x00000147c3755ca0, 0x00000147c37548f0, 0x00000147c3757d70, 0x00000147c37576e0,
0x00000147c3758400, 0x00000147c37569c0, 0x00000147c3754f80, 0x00000147c3759120,
0x00000147c375ab60, 0x00000147c375b880, 0x00000147c375b1f0, 0x00000147c375bf10,
0x00000147c3758a90, 0x00000147bc5a8e80, 0x00000147bc5a6db0, 0x00000147bc5a87f0,
0x00000147bc5a9510, 0x00000147bc5a6090, 0x00000147bc5a9ba0, 0x00000147bc5a8160,
0x00000147bc5a6720, 0x00000147bc5aa230, 0x00000147bc5aa8c0, 0x00000147bc5a7440,
0x00000147bc5aaf50, 0x00000147bc5a7ad0, 0x00000147bc5ab5e0, 0x00000147bc5ad6b0,
0x00000147bc5abc70, 0x00000147c6459f40, 0x00000147c645ac60, 0x00000147c645c010,
0x00000147c436ee10, 0x00000147c436e780, 0x00000147c658d3d0, 0x00000147c658ee10,
0x00000147c658c6b0, 0x00000147c658da60, 0x00000147c658f4a0, 0x00000147c658c020,
0x00000147c6592290, 0x00000147c6592fb0, 0x00000147c6591570, 0x00000147c658e780,
0x00000147c658cd40, 0x00000147c6590ee0, 0x00000147c658fb30, 0x00000147c658e0f0,
0x00000147c6591c00, 0x00000147c6592920, 0x00000147c43749f0, 0x00000147c4372920,
0x00000147c4372fb0, 0x00000147c4373640, 0x00000147c4373cd0, 0x00000147c4374360,
0x00000147c37597b0, 0x00000147c375a4d0, 0x00000147c64cd520, 0x00000147c64cadc0,
0x00000147c64cc800, 0x00000147c64cce90, 0x00000147c64ca0a0, 0x00000147c64d0310,
0x00000147c64ce8d0, 0x00000147c64d09a0, 0x00000147c64d1030, 0x00000147c64cef60,
0x00000147c64cfc80, 0x00000147c64cf5f0, 0x00000147c64cdbb0, 0x00000147c64d16c0,
0x00000147c5cee680, 0x00000147c7718d30, 0x00000147cc5f6db0, 0x00000147cc5f5a00,
0x00000147cc5f6090, 0x00000147cc5f6720, 0x00000147ccceed20, 0x00000147cccf0df0,
0x00000147cd2ed990
}

Java Threads: ( => current thread )
  0x00000147a25a8580 JavaThread "main"                              [_thread_blocked, id=13580, stack(0x0000002a3be00000,0x0000002a3bf00000) (1024K)]
  0x00000147bc103a70 JavaThread "Common-Cleaner"             daemon [_thread_blocked, id=14624, stack(0x0000002a3c600000,0x0000002a3c700000) (1024K)]
  0x00000147bc133e20 JavaThread "Reference Handler"          daemon [_thread_blocked, id=1388, stack(0x0000002a3c700000,0x0000002a3c800000) (1024K)]
  0x00000147bc136010 JavaThread "Finalizer"                  daemon [_thread_blocked, id=28256, stack(0x0000002a3c800000,0x0000002a3c900000) (1024K)]
  0x00000147bc14ed50 JavaThread "Signal Dispatcher"          daemon [_thread_blocked, id=10648, stack(0x0000002a3c900000,0x0000002a3ca00000) (1024K)]
  0x00000147bc14f3c0 JavaThread "Attach Listener"            daemon [_thread_blocked, id=5016, stack(0x0000002a3ca00000,0x0000002a3cb00000) (1024K)]
  0x00000147bc150990 JavaThread "Service Thread"             daemon [_thread_blocked, id=13488, stack(0x0000002a3cb00000,0x0000002a3cc00000) (1024K)]
  0x00000147bc152700 JavaThread "Monitor Deflation Thread"   daemon [_thread_blocked, id=11944, stack(0x0000002a3cc00000,0x0000002a3cd00000) (1024K)]
  0x00000147bc157320 JavaThread "C2 CompilerThread0"         daemon [_thread_blocked, id=27428, stack(0x0000002a3cd00000,0x0000002a3ce00000) (1024K)]
  0x00000147bc15bb90 JavaThread "C1 CompilerThread0"         daemon [_thread_blocked, id=27960, stack(0x0000002a3ce00000,0x0000002a3cf00000) (1024K)]
  0x00000147bc457c10 JavaThread "Notification Thread"        daemon [_thread_blocked, id=11684, stack(0x0000002a3cf00000,0x0000002a3d000000) (1024K)]
  0x00000147c18b7ef0 JavaThread "Daemon health stats"               [_thread_blocked, id=14632, stack(0x0000002a3d400000,0x0000002a3d500000) (1024K)]
  0x00000147c2356ef0 JavaThread "Incoming local TCP Connector on port 58962"        [_thread_in_native, id=8060, stack(0x0000002a3d800000,0x0000002a3d900000) (1024K)]
  0x00000147c1b49290 JavaThread "Daemon periodic checks"            [_thread_blocked, id=18824, stack(0x0000002a3da00000,0x0000002a3db00000) (1024K)]
  0x00000147c16b9060 JavaThread "Daemon"                            [_thread_blocked, id=1704, stack(0x0000002a3db00000,0x0000002a3dc00000) (1024K)]
  0x00000147bc610ed0 JavaThread "Handler for socket connection from /127.0.0.1:58962 to /127.0.0.1:58963"        [_thread_in_native, id=29900, stack(0x0000002a3dc00000,0x0000002a3dd00000) (1024K)]
  0x00000147c1f383b0 JavaThread "Cancel handler"                    [_thread_blocked, id=26688, stack(0x0000002a3d900000,0x0000002a3da00000) (1024K)]
  0x00000147bc9831f0 JavaThread "Daemon worker"                     [_thread_blocked, id=14844, stack(0x0000002a3de00000,0x0000002a3df00000) (1024K)]
  0x00000147bc983f10 JavaThread "Asynchronous log dispatcher for DefaultDaemonConnection: socket connection from /127.0.0.1:58962 to /127.0.0.1:58963"        [_thread_blocked, id=27380, stack(0x0000002a3df00000,0x0000002a3e000000) (1024K)]
  0x00000147bc983880 JavaThread "Stdin handler"                     [_thread_blocked, id=30140, stack(0x0000002a3e000000,0x0000002a3e100000) (1024K)]
  0x00000147bc9845a0 JavaThread "Daemon client event forwarder"        [_thread_blocked, id=23756, stack(0x0000002a3e100000,0x0000002a3e200000) (1024K)]
  0x00000147c22745d0 JavaThread "Cache worker for journal cache (C:\Users\User\.gradle\caches\journal-1)"        [_thread_blocked, id=21356, stack(0x0000002a3e200000,0x0000002a3e300000) (1024K)]
  0x00000147c22752f0 JavaThread "File lock request listener"        [_thread_in_native, id=11608, stack(0x0000002a3e300000,0x0000002a3e400000) (1024K)]
  0x00000147c2274c60 JavaThread "Cache worker for file hash cache (C:\Users\User\.gradle\caches\9.2.1\fileHashes)"        [_thread_in_native, id=18880, stack(0x0000002a3e500000,0x0000002a3e600000) (1024K)]
  0x00000147c2273220 JavaThread "Cache worker for file hash cache (D:\Downloads\ProjectTrashPay\ProjectTrashPay\.gradle\9.2.1\fileHashes)"        [_thread_blocked, id=23340, stack(0x0000002a3e600000,0x0000002a3e700000) (1024K)]
  0x00000147c2273f40 JavaThread "Cache worker for Build Output Cleanup Cache (D:\Downloads\ProjectTrashPay\ProjectTrashPay\.gradle\buildOutputCleanup)"        [_thread_blocked, id=24624, stack(0x0000002a3e700000,0x0000002a3e800000) (1024K)]
  0x00000147c2272b90 JavaThread "File watcher server"        daemon [_thread_in_native, id=29620, stack(0x0000002a3e800000,0x0000002a3e900000) (1024K)]
  0x00000147c2276d30 JavaThread "File watcher consumer"      daemon [_thread_blocked, id=28888, stack(0x0000002a3e900000,0x0000002a3ea00000) (1024K)]
  0x00000147c2277a50 JavaThread "Cache worker for checksums cache (D:\Downloads\ProjectTrashPay\ProjectTrashPay\.gradle\9.2.1\checksums)"        [_thread_blocked, id=17940, stack(0x0000002a3ea00000,0x0000002a3eb00000) (1024K)]
  0x00000147c2279490 JavaThread "Cache worker for file content cache (C:\Users\User\.gradle\caches\9.2.1\fileContent)"        [_thread_blocked, id=7272, stack(0x0000002a3eb00000,0x0000002a3ec00000) (1024K)]
  0x00000147c2278770 JavaThread "Cache worker for cache directory md-supplier (C:\Users\User\.gradle\caches\9.2.1\md-supplier)"        [_thread_blocked, id=27460, stack(0x0000002a3e400000,0x0000002a3e500000) (1024K)]
  0x00000147c22773c0 JavaThread "Cache worker for cache directory md-rule (C:\Users\User\.gradle\caches\9.2.1\md-rule)"        [_thread_blocked, id=2540, stack(0x0000002a3ec00000,0x0000002a3ed00000) (1024K)]
  0x00000147c2276010 JavaThread "jar transforms"                    [_thread_blocked, id=28944, stack(0x0000002a3ee00000,0x0000002a3ef00000) (1024K)]
  0x00000147c22766a0 JavaThread "jar transforms Thread 2"           [_thread_blocked, id=15028, stack(0x0000002a3ef00000,0x0000002a3f000000) (1024K)]
  0x00000147c22780e0 JavaThread "jar transforms Thread 3"           [_thread_blocked, id=11240, stack(0x0000002a3f000000,0x0000002a3f100000) (1024K)]
  0x00000147c49d9310 JavaThread "Unconstrained build operations"        [_thread_in_native, id=21084, stack(0x0000002a3f100000,0x0000002a3f200000) (1024K)]
  0x00000147c49dad50 JavaThread "Unconstrained build operations Thread 2"        [_thread_blocked, id=11872, stack(0x0000002a3f200000,0x0000002a3f300000) (1024K)]
  0x00000147c49db3e0 JavaThread "Unconstrained build operations Thread 3"        [_thread_blocked, id=28900, stack(0x0000002a3f300000,0x0000002a3f400000) (1024K)]
  0x00000147c49dce20 JavaThread "Unconstrained build operations Thread 4"        [_thread_blocked, id=28240, stack(0x0000002a3f400000,0x0000002a3f500000) (1024K)]
  0x00000147c49dba70 JavaThread "Unconstrained build operations Thread 5"        [_thread_blocked, id=23284, stack(0x0000002a3f500000,0x0000002a3f600000) (1024K)]
  0x00000147c49dc790 JavaThread "Unconstrained build operations Thread 6"        [_thread_in_native, id=10476, stack(0x0000002a3f600000,0x0000002a3f700000) (1024K)]
  0x00000147c49dc100 JavaThread "Unconstrained build operations Thread 7"        [_thread_in_Java, id=24184, stack(0x0000002a3f700000,0x0000002a3f800000) (1024K)]
  0x00000147c49d99a0 JavaThread "Unconstrained build operations Thread 8"        [_thread_blocked, id=28028, stack(0x0000002a3f800000,0x0000002a3f900000) (1024K)]
  0x00000147c49da030 JavaThread "Unconstrained build operations Thread 9"        [_thread_blocked, id=28948, stack(0x0000002a3f900000,0x0000002a3fa00000) (1024K)]
  0x00000147c49dd4b0 JavaThread "Unconstrained build operations Thread 10"        [_thread_blocked, id=10496, stack(0x0000002a3fa00000,0x0000002a3fb00000) (1024K)]
  0x00000147c49ddb40 JavaThread "Unconstrained build operations Thread 11"        [_thread_blocked, id=24628, stack(0x0000002a3fb00000,0x0000002a3fc00000) (1024K)]
  0x00000147c49da6c0 JavaThread "Unconstrained build operations Thread 12"        [_thread_blocked, id=12308, stack(0x0000002a3fc00000,0x0000002a3fd00000) (1024K)]
  0x00000147c49e02a0 JavaThread "Unconstrained build operations Thread 13"        [_thread_blocked, id=20172, stack(0x0000002a3fd00000,0x0000002a3fe00000) (1024K)]
  0x00000147c49de1d0 JavaThread "Unconstrained build operations Thread 14"        [_thread_blocked, id=6224, stack(0x0000002a3fe00000,0x0000002a3ff00000) (1024K)]
  0x00000147c49de860 JavaThread "jar transforms Thread 4"           [_thread_blocked, id=2460, stack(0x0000002a3ff00000,0x0000002a40000000) (1024K)]
  0x00000147c49deef0 JavaThread "jar transforms Thread 5"           [_thread_blocked, id=29984, stack(0x0000002a40000000,0x0000002a40100000) (1024K)]
  0x00000147c49df580 JavaThread "Unconstrained build operations Thread 15"        [_thread_blocked, id=28536, stack(0x0000002a40100000,0x0000002a40200000) (1024K)]
  0x00000147c49dfc10 JavaThread "Unconstrained build operations Thread 16"        [_thread_blocked, id=17648, stack(0x0000002a40200000,0x0000002a40300000) (1024K)]
  0x00000147c49e0930 JavaThread "Unconstrained build operations Thread 17"        [_thread_blocked, id=21628, stack(0x0000002a40300000,0x0000002a40400000) (1024K)]
  0x00000147c3755610 JavaThread "Unconstrained build operations Thread 18"        [_thread_blocked, id=28852, stack(0x0000002a40400000,0x0000002a40500000) (1024K)]
  0x00000147c3757050 JavaThread "Unconstrained build operations Thread 19"        [_thread_blocked, id=6280, stack(0x0000002a40500000,0x0000002a40600000) (1024K)]
  0x00000147c3755ca0 JavaThread "Unconstrained build operations Thread 20"        [_thread_blocked, id=25236, stack(0x0000002a40600000,0x0000002a40700000) (1024K)]
  0x00000147c37548f0 JavaThread "Unconstrained build operations Thread 21"        [_thread_blocked, id=26824, stack(0x0000002a40700000,0x0000002a40800000) (1024K)]
  0x00000147c3757d70 JavaThread "jar transforms Thread 6"           [_thread_blocked, id=3124, stack(0x0000002a40800000,0x0000002a40900000) (1024K)]
  0x00000147c37576e0 JavaThread "jar transforms Thread 7"           [_thread_blocked, id=24496, stack(0x0000002a40900000,0x0000002a40a00000) (1024K)]
  0x00000147c3758400 JavaThread "jar transforms Thread 8"           [_thread_blocked, id=21556, stack(0x0000002a40a00000,0x0000002a40b00000) (1024K)]
  0x00000147c37569c0 JavaThread "Unconstrained build operations Thread 22"        [_thread_blocked, id=28636, stack(0x0000002a3ed00000,0x0000002a3ee00000) (1024K)]
  0x00000147c3754f80 JavaThread "Unconstrained build operations Thread 23"        [_thread_blocked, id=20228, stack(0x0000002a40c00000,0x0000002a40d00000) (1024K)]
  0x00000147c3759120 JavaThread "Unconstrained build operations Thread 24"        [_thread_blocked, id=18856, stack(0x0000002a40d00000,0x0000002a40e00000) (1024K)]
  0x00000147c375ab60 JavaThread "Unconstrained build operations Thread 25"        [_thread_blocked, id=30508, stack(0x0000002a40f00000,0x0000002a41000000) (1024K)]
  0x00000147c375b880 JavaThread "Unconstrained build operations Thread 26"        [_thread_blocked, id=1524, stack(0x0000002a41000000,0x0000002a41100000) (1024K)]
  0x00000147c375b1f0 JavaThread "Unconstrained build operations Thread 27"        [_thread_blocked, id=22064, stack(0x0000002a41100000,0x0000002a41200000) (1024K)]
  0x00000147c375bf10 JavaThread "Unconstrained build operations Thread 28"        [_thread_blocked, id=15036, stack(0x0000002a41200000,0x0000002a41300000) (1024K)]
  0x00000147c3758a90 JavaThread "Unconstrained build operations Thread 29"        [_thread_blocked, id=26088, stack(0x0000002a41300000,0x0000002a41400000) (1024K)]
  0x00000147bc5a8e80 JavaThread "Unconstrained build operations Thread 30"        [_thread_blocked, id=28300, stack(0x0000002a41400000,0x0000002a41500000) (1024K)]
  0x00000147bc5a6db0 JavaThread "Unconstrained build operations Thread 31"        [_thread_blocked, id=29040, stack(0x0000002a41500000,0x0000002a41600000) (1024K)]
  0x00000147bc5a87f0 JavaThread "Unconstrained build operations Thread 32"        [_thread_blocked, id=30584, stack(0x0000002a41600000,0x0000002a41700000) (1024K)]
  0x00000147bc5a9510 JavaThread "Unconstrained build operations Thread 33"        [_thread_blocked, id=29648, stack(0x0000002a41700000,0x0000002a41800000) (1024K)]
  0x00000147bc5a6090 JavaThread "Unconstrained build operations Thread 34"        [_thread_blocked, id=25824, stack(0x0000002a41800000,0x0000002a41900000) (1024K)]
  0x00000147bc5a9ba0 JavaThread "Unconstrained build operations Thread 35"        [_thread_blocked, id=7712, stack(0x0000002a41900000,0x0000002a41a00000) (1024K)]
  0x00000147bc5a8160 JavaThread "Unconstrained build operations Thread 36"        [_thread_blocked, id=23096, stack(0x0000002a41a00000,0x0000002a41b00000) (1024K)]
  0x00000147bc5a6720 JavaThread "Unconstrained build operations Thread 37"        [_thread_blocked, id=4084, stack(0x0000002a41b00000,0x0000002a41c00000) (1024K)]
  0x00000147bc5aa230 JavaThread "Unconstrained build operations Thread 38"        [_thread_blocked, id=28540, stack(0x0000002a41c00000,0x0000002a41d00000) (1024K)]
  0x00000147bc5aa8c0 JavaThread "Unconstrained build operations Thread 39"        [_thread_blocked, id=29860, stack(0x0000002a41d00000,0x0000002a41e00000) (1024K)]
  0x00000147bc5a7440 JavaThread "Unconstrained build operations Thread 40"        [_thread_blocked, id=12884, stack(0x0000002a41e00000,0x0000002a41f00000) (1024K)]
  0x00000147bc5aaf50 JavaThread "Unconstrained build operations Thread 41"        [_thread_blocked, id=14132, stack(0x0000002a41f00000,0x0000002a42000000) (1024K)]
  0x00000147bc5a7ad0 JavaThread "Unconstrained build operations Thread 42"        [_thread_blocked, id=5948, stack(0x0000002a42000000,0x0000002a42100000) (1024K)]
  0x00000147bc5ab5e0 JavaThread "Unconstrained build operations Thread 43"        [_thread_blocked, id=30520, stack(0x0000002a42100000,0x0000002a42200000) (1024K)]
  0x00000147bc5ad6b0 JavaThread "Unconstrained build operations Thread 44"        [_thread_blocked, id=11784, stack(0x0000002a42200000,0x0000002a42300000) (1024K)]
  0x00000147bc5abc70 JavaThread "Unconstrained build operations Thread 45"        [_thread_blocked, id=20660, stack(0x0000002a42300000,0x0000002a42400000) (1024K)]
  0x00000147c6459f40 JavaThread "build event listener"              [_thread_blocked, id=12124, stack(0x0000002a40e00000,0x0000002a40f00000) (1024K)]
  0x00000147c645ac60 JavaThread "Memory manager"                    [_thread_blocked, id=25060, stack(0x0000002a42500000,0x0000002a42600000) (1024K)]
  0x00000147c645c010 JavaThread "build event listener"              [_thread_blocked, id=7296, stack(0x0000002a42600000,0x0000002a42700000) (1024K)]
  0x00000147c436ee10 JavaThread "pool-3-thread-1"                   [_thread_blocked, id=29736, stack(0x0000002a42700000,0x0000002a42800000) (1024K)]
  0x00000147c436e780 JavaThread "build event listener"              [_thread_blocked, id=12408, stack(0x0000002a42800000,0x0000002a42900000) (1024K)]
  0x00000147c658d3d0 JavaThread "included builds"                   [_thread_blocked, id=14568, stack(0x0000002a42900000,0x0000002a42a00000) (1024K)]
  0x00000147c658ee10 JavaThread "Execution worker"                  [_thread_in_native, id=2772, stack(0x0000002a42a00000,0x0000002a42b00000) (1024K)]
  0x00000147c658c6b0 JavaThread "Execution worker Thread 2"         [_thread_blocked, id=14616, stack(0x0000002a42b00000,0x0000002a42c00000) (1024K)]
  0x00000147c658da60 JavaThread "Execution worker Thread 3"         [_thread_blocked, id=25072, stack(0x0000002a42c00000,0x0000002a42d00000) (1024K)]
  0x00000147c658f4a0 JavaThread "Execution worker Thread 4"         [_thread_blocked, id=29800, stack(0x0000002a42d00000,0x0000002a42e00000) (1024K)]
  0x00000147c658c020 JavaThread "Execution worker Thread 5"         [_thread_blocked, id=10480, stack(0x0000002a42e00000,0x0000002a42f00000) (1024K)]
  0x00000147c6592290 JavaThread "Execution worker Thread 6"         [_thread_blocked, id=27136, stack(0x0000002a42f00000,0x0000002a43000000) (1024K)]
  0x00000147c6592fb0 JavaThread "Execution worker Thread 7"         [_thread_blocked, id=19224, stack(0x0000002a43000000,0x0000002a43100000) (1024K)]
  0x00000147c6591570 JavaThread "Cache worker for execution history cache (D:\Downloads\ProjectTrashPay\ProjectTrashPay\.gradle\9.2.1\executionHistory)"        [_thread_blocked, id=27508, stack(0x0000002a43100000,0x0000002a43200000) (1024K)]
  0x00000147c658e780 JavaThread "Unconstrained build operations Thread 46"        [_thread_blocked, id=20584, stack(0x0000002a43200000,0x0000002a43300000) (1024K)]
  0x00000147c658cd40 JavaThread "Unconstrained build operations Thread 47"        [_thread_blocked, id=22672, stack(0x0000002a43300000,0x0000002a43400000) (1024K)]
  0x00000147c6590ee0 JavaThread "Unconstrained build operations Thread 48"        [_thread_blocked, id=24104, stack(0x0000002a43400000,0x0000002a43500000) (1024K)]
  0x00000147c658fb30 JavaThread "Unconstrained build operations Thread 49"        [_thread_blocked, id=24788, stack(0x0000002a43500000,0x0000002a43600000) (1024K)]
  0x00000147c658e0f0 JavaThread "Unconstrained build operations Thread 50"        [_thread_blocked, id=15220, stack(0x0000002a43600000,0x0000002a43700000) (1024K)]
  0x00000147c6591c00 JavaThread "Unconstrained build operations Thread 51"        [_thread_blocked, id=19632, stack(0x0000002a43700000,0x0000002a43800000) (1024K)]
  0x00000147c6592920 JavaThread "Unconstrained build operations Thread 52"        [_thread_blocked, id=26860, stack(0x0000002a43800000,0x0000002a43900000) (1024K)]
  0x00000147c43749f0 JavaThread "Unconstrained build operations Thread 53"        [_thread_blocked, id=30120, stack(0x0000002a43900000,0x0000002a43a00000) (1024K)]
  0x00000147c4372920 JavaThread "Unconstrained build operations Thread 54"        [_thread_blocked, id=27768, stack(0x0000002a43a00000,0x0000002a43b00000) (1024K)]
  0x00000147c4372fb0 JavaThread "Unconstrained build operations Thread 55"        [_thread_blocked, id=10004, stack(0x0000002a43b00000,0x0000002a43c00000) (1024K)]
  0x00000147c4373640 JavaThread "Unconstrained build operations Thread 56"        [_thread_blocked, id=15368, stack(0x0000002a43c00000,0x0000002a43d00000) (1024K)]
  0x00000147c4373cd0 JavaThread "Unconstrained build operations Thread 57"        [_thread_blocked, id=28056, stack(0x0000002a43d00000,0x0000002a43e00000) (1024K)]
  0x00000147c4374360 JavaThread "Unconstrained build operations Thread 58"        [_thread_blocked, id=30600, stack(0x0000002a43e00000,0x0000002a43f00000) (1024K)]
  0x00000147c37597b0 JavaThread "Unconstrained build operations Thread 59"        [_thread_blocked, id=10308, stack(0x0000002a43f00000,0x0000002a44000000) (1024K)]
  0x00000147c375a4d0 JavaThread "Unconstrained build operations Thread 60"        [_thread_blocked, id=29244, stack(0x0000002a44000000,0x0000002a44100000) (1024K)]
  0x00000147c64cd520 JavaThread "Unconstrained build operations Thread 61"        [_thread_blocked, id=23752, stack(0x0000002a42400000,0x0000002a42500000) (1024K)]
  0x00000147c64cadc0 JavaThread "Unconstrained build operations Thread 62"        [_thread_blocked, id=19152, stack(0x0000002a44300000,0x0000002a44400000) (1024K)]
  0x00000147c64cc800 JavaThread "Unconstrained build operations Thread 63"        [_thread_blocked, id=29140, stack(0x0000002a44400000,0x0000002a44500000) (1024K)]
  0x00000147c64cce90 JavaThread "Unconstrained build operations Thread 64"        [_thread_blocked, id=29576, stack(0x0000002a44500000,0x0000002a44600000) (1024K)]
  0x00000147c64ca0a0 JavaThread "Unconstrained build operations Thread 65"        [_thread_blocked, id=6180, stack(0x0000002a44600000,0x0000002a44700000) (1024K)]
  0x00000147c64d0310 JavaThread "Unconstrained build operations Thread 66"        [_thread_blocked, id=30608, stack(0x0000002a44700000,0x0000002a44800000) (1024K)]
  0x00000147c64ce8d0 JavaThread "Unconstrained build operations Thread 67"        [_thread_blocked, id=15076, stack(0x0000002a44800000,0x0000002a44900000) (1024K)]
  0x00000147c64d09a0 JavaThread "Unconstrained build operations Thread 68"        [_thread_blocked, id=19720, stack(0x0000002a44900000,0x0000002a44a00000) (1024K)]
  0x00000147c64d1030 JavaThread "Unconstrained build operations Thread 69"        [_thread_blocked, id=28428, stack(0x0000002a44a00000,0x0000002a44b00000) (1024K)]
  0x00000147c64cef60 JavaThread "Unconstrained build operations Thread 70"        [_thread_blocked, id=17344, stack(0x0000002a44b00000,0x0000002a44c00000) (1024K)]
  0x00000147c64cfc80 JavaThread "Unconstrained build operations Thread 71"        [_thread_blocked, id=30252, stack(0x0000002a44c00000,0x0000002a44d00000) (1024K)]
  0x00000147c64cf5f0 JavaThread "Unconstrained build operations Thread 72"        [_thread_blocked, id=29604, stack(0x0000002a44d00000,0x0000002a44e00000) (1024K)]
  0x00000147c64cdbb0 JavaThread "Unconstrained build operations Thread 73"        [_thread_blocked, id=30412, stack(0x0000002a44e00000,0x0000002a44f00000) (1024K)]
  0x00000147c64d16c0 JavaThread "Unconstrained build operations Thread 74"        [_thread_blocked, id=12464, stack(0x0000002a44f00000,0x0000002a45000000) (1024K)]
  0x00000147c5cee680 JavaThread "Unconstrained build operations Thread 75"        [_thread_blocked, id=27004, stack(0x0000002a45100000,0x0000002a45200000) (1024K)]
=>0x00000147c7718d30 JavaThread "C2 CompilerThread1"         daemon [_thread_in_native, id=28972, stack(0x0000002a45000000,0x0000002a45100000) (1024K)]
  0x00000147cc5f6db0 JavaThread "WorkerExecutor Queue"              [_thread_blocked, id=28768, stack(0x0000002a3bb00000,0x0000002a3bc00000) (1024K)]
  0x00000147cc5f5a00 JavaThread "Unconstrained build operations Thread 76"        [_thread_blocked, id=27468, stack(0x0000002a3bc00000,0x0000002a3bd00000) (1024K)]
  0x00000147cc5f6090 JavaThread "Unconstrained build operations Thread 77"        [_thread_blocked, id=6976, stack(0x0000002a3bd00000,0x0000002a3be00000) (1024K)]
  0x00000147cc5f6720 JavaThread "Unconstrained build operations Thread 78"        [_thread_blocked, id=24892, stack(0x0000002a45200000,0x0000002a45300000) (1024K)]
  0x00000147ccceed20 JavaThread "Unconstrained build operations Thread 79"        [_thread_blocked, id=6096, stack(0x0000002a45300000,0x0000002a45400000) (1024K)]
  0x00000147cccf0df0 JavaThread "Unconstrained build operations Thread 80"        [_thread_blocked, id=25320, stack(0x0000002a45400000,0x0000002a45500000) (1024K)]
  0x00000147cd2ed990 JavaThread "Thread-120"                        [_thread_in_native, id=30276, stack(0x0000002a45500000,0x0000002a45600000) (1024K)]
Total: 137

Other Threads:
  0x00000147bbf68d00 VMThread "VM Thread"                           [id=12608, stack(0x0000002a3c500000,0x0000002a3c600000) (1024K)]
  0x00000147bbf22ca0 WatcherThread "VM Periodic Task Thread"        [id=23104, stack(0x0000002a3c400000,0x0000002a3c500000) (1024K)]
  0x00000147a266e020 WorkerThread "GC Thread#0"                     [id=3848, stack(0x0000002a3bf00000,0x0000002a3c000000) (1024K)]
  0x00000147bc79f9f0 WorkerThread "GC Thread#1"                     [id=29500, stack(0x0000002a3d100000,0x0000002a3d200000) (1024K)]
  0x00000147bc6f4240 WorkerThread "GC Thread#2"                     [id=30004, stack(0x0000002a3d200000,0x0000002a3d300000) (1024K)]
  0x00000147c1670110 WorkerThread "GC Thread#3"                     [id=24424, stack(0x0000002a3d000000,0x0000002a3d100000) (1024K)]
  0x00000147c15fee40 WorkerThread "GC Thread#4"                     [id=20616, stack(0x0000002a3d300000,0x0000002a3d400000) (1024K)]
  0x00000147c16bf5e0 WorkerThread "GC Thread#5"                     [id=12436, stack(0x0000002a3d500000,0x0000002a3d600000) (1024K)]
  0x00000147c16bf980 WorkerThread "GC Thread#6"                     [id=17576, stack(0x0000002a3d600000,0x0000002a3d700000) (1024K)]
  0x00000147c16bfd20 WorkerThread "GC Thread#7"                     [id=17816, stack(0x0000002a3d700000,0x0000002a3d800000) (1024K)]
  0x00000147a48f5050 ConcurrentGCThread "G1 Main Marker"            [id=29468, stack(0x0000002a3c000000,0x0000002a3c100000) (1024K)]
  0x00000147a48f6200 WorkerThread "G1 Conc#0"                       [id=7512, stack(0x0000002a3c100000,0x0000002a3c200000) (1024K)]
  0x00000147bc1cefe0 WorkerThread "G1 Conc#1"                       [id=20416, stack(0x0000002a3dd00000,0x0000002a3de00000) (1024K)]
  0x00000147bbdf2570 ConcurrentGCThread "G1 Refine#0"               [id=26668, stack(0x0000002a3c200000,0x0000002a3c300000) (1024K)]
  0x00000147bbdf3da0 ConcurrentGCThread "G1 Service"                [id=8964, stack(0x0000002a3c300000,0x0000002a3c400000) (1024K)]
Total: 15

Threads with active compile tasks:
C2 CompilerThread0  63644 18220       4       java.lang.ThreadLocal$ThreadLocalMap::expungeStaleEntry (146 bytes)
C2 CompilerThread1  63644 18125       4       java.util.zip.ZipFile$Source::initCEN (612 bytes)
Total: 2

VM state: not at safepoint (normal execution)

VM Mutex/Monitor currently owned by a thread: None

Heap address: 0x0000000080000000, size: 2048 MB, Compressed Oops mode: 32-bit

CDS archive(s) not mapped
Compressed class space mapped at: 0x0000000100000000-0x0000000140000000, reserved size: 1073741824
Narrow klass base: 0x0000000000000000, Narrow klass shift: 3, Narrow klass range: 0x140000000

GC Precious Log:
 CardTable entry size: 512
 Card Set container configuration: InlinePtr #cards 5 size 8 Array Of Cards #cards 12 size 40 Howl #buckets 4 coarsen threshold 1843 Howl Bitmap #cards 512 size 80 coarsen threshold 460 Card regions per heap region 1 cards per card region 2048
 CPUs: 8 total, 8 available
 Memory: 7455M
 Large Page Support: Disabled
 NUMA Support: Disabled
 Compressed Oops: Enabled (32-bit)
 Heap Region Size: 1M
 Heap Min Capacity: 8M
 Heap Initial Capacity: 118M
 Heap Max Capacity: 2G
 Pre-touch: Disabled
 Parallel Workers: 8
 Concurrent Workers: 2
 Concurrent Refinement Workers: 8
 Periodic GC: Disabled

Heap:
 garbage-first heap   total 401408K, used 152647K [0x0000000080000000, 0x0000000100000000)
  region size 1024K, 24 young (24576K), 12 survivors (12288K)
 Metaspace       used 135106K, committed 137472K, reserved 1179648K
  class space    used 18451K, committed 19584K, reserved 1048576K

Heap Regions: E=young(eden), S=young(survivor), O=old, HS=humongous(starts), HC=humongous(continues), CS=collection set, F=free, TAMS=top-at-mark-start, PB=parsable bottom
|   0|0x0000000080000000, 0x0000000080100000, 0x0000000080100000|100%|HS|  |TAMS 0x0000000080100000| PB 0x0000000080000000| Complete 
|   1|0x0000000080100000, 0x0000000080200000, 0x0000000080200000|100%|HC|  |TAMS 0x0000000080200000| PB 0x0000000080100000| Complete 
|   2|0x0000000080200000, 0x0000000080300000, 0x0000000080300000|100%|HC|  |TAMS 0x0000000080300000| PB 0x0000000080200000| Complete 
|   3|0x0000000080300000, 0x0000000080400000, 0x0000000080400000|100%|HC|  |TAMS 0x0000000080400000| PB 0x0000000080300000| Complete 
|   4|0x0000000080400000, 0x0000000080500000, 0x0000000080500000|100%| O|  |TAMS 0x0000000080500000| PB 0x0000000080400000| Untracked 
|   5|0x0000000080500000, 0x0000000080600000, 0x0000000080600000|100%| O|  |TAMS 0x0000000080600000| PB 0x0000000080500000| Untracked 
|   6|0x0000000080600000, 0x0000000080700000, 0x0000000080700000|100%| O|  |TAMS 0x0000000080700000| PB 0x0000000080600000| Untracked 
|   7|0x0000000080700000, 0x0000000080800000, 0x0000000080800000|100%|HS|  |TAMS 0x0000000080800000| PB 0x0000000080700000| Complete 
|   8|0x0000000080800000, 0x0000000080900000, 0x0000000080900000|100%| O|  |TAMS 0x0000000080900000| PB 0x0000000080800000| Untracked 
|   9|0x0000000080900000, 0x0000000080a00000, 0x0000000080a00000|100%| O|  |TAMS 0x0000000080a00000| PB 0x0000000080900000| Untracked 
|  10|0x0000000080a00000, 0x0000000080b00000, 0x0000000080b00000|100%| O|  |TAMS 0x0000000080b00000| PB 0x0000000080a00000| Untracked 
|  11|0x0000000080b00000, 0x0000000080c00000, 0x0000000080c00000|100%| O|  |TAMS 0x0000000080c00000| PB 0x0000000080b00000| Untracked 
|  12|0x0000000080c00000, 0x0000000080d00000, 0x0000000080d00000|100%| O|  |TAMS 0x0000000080d00000| PB 0x0000000080c00000| Untracked 
|  13|0x0000000080d00000, 0x0000000080e00000, 0x0000000080e00000|100%| O|  |TAMS 0x0000000080e00000| PB 0x0000000080d00000| Untracked 
|  14|0x0000000080e00000, 0x0000000080f00000, 0x0000000080f00000|100%| O|  |TAMS 0x0000000080f00000| PB 0x0000000080e00000| Untracked 
|  15|0x0000000080f00000, 0x0000000081000000, 0x0000000081000000|100%| O|  |TAMS 0x0000000081000000| PB 0x0000000080f00000| Untracked 
|  16|0x0000000081000000, 0x0000000081100000, 0x0000000081100000|100%| O|  |TAMS 0x0000000081100000| PB 0x0000000081000000| Untracked 
|  17|0x0000000081100000, 0x0000000081200000, 0x0000000081200000|100%| O|  |TAMS 0x0000000081200000| PB 0x0000000081100000| Untracked 
|  18|0x0000000081200000, 0x0000000081300000, 0x0000000081300000|100%| O|  |TAMS 0x0000000081300000| PB 0x0000000081200000| Untracked 
|  19|0x0000000081300000, 0x0000000081400000, 0x0000000081400000|100%| O|  |TAMS 0x0000000081400000| PB 0x0000000081300000| Untracked 
|  20|0x0000000081400000, 0x0000000081500000, 0x0000000081500000|100%| O|  |TAMS 0x0000000081500000| PB 0x0000000081400000| Untracked 
|  21|0x0000000081500000, 0x0000000081600000, 0x0000000081600000|100%| O|  |TAMS 0x0000000081600000| PB 0x0000000081500000| Untracked 
|  22|0x0000000081600000, 0x0000000081700000, 0x0000000081700000|100%| O|  |TAMS 0x0000000081700000| PB 0x0000000081600000| Untracked 
|  23|0x0000000081700000, 0x0000000081800000, 0x0000000081800000|100%| O|  |TAMS 0x0000000081800000| PB 0x0000000081700000| Untracked 
|  24|0x0000000081800000, 0x0000000081900000, 0x0000000081900000|100%| O|  |TAMS 0x0000000081900000| PB 0x0000000081800000| Untracked 
|  25|0x0000000081900000, 0x0000000081a00000, 0x0000000081a00000|100%| O|  |TAMS 0x0000000081a00000| PB 0x0000000081900000| Untracked 
|  26|0x0000000081a00000, 0x0000000081b00000, 0x0000000081b00000|100%| O|  |TAMS 0x0000000081b00000| PB 0x0000000081a00000| Untracked 
|  27|0x0000000081b00000, 0x0000000081c00000, 0x0000000081c00000|100%|HS|  |TAMS 0x0000000081c00000| PB 0x0000000081b00000| Complete 
|  28|0x0000000081c00000, 0x0000000081d00000, 0x0000000081d00000|100%|HC|  |TAMS 0x0000000081d00000| PB 0x0000000081c00000| Complete 
|  29|0x0000000081d00000, 0x0000000081e00000, 0x0000000081e00000|100%| O|  |TAMS 0x0000000081e00000| PB 0x0000000081d00000| Untracked 
|  30|0x0000000081e00000, 0x0000000081f00000, 0x0000000081f00000|100%| O|  |TAMS 0x0000000081f00000| PB 0x0000000081e00000| Untracked 
|  31|0x0000000081f00000, 0x0000000082000000, 0x0000000082000000|100%| O|  |TAMS 0x0000000082000000| PB 0x0000000081f00000| Untracked 
|  32|0x0000000082000000, 0x0000000082100000, 0x0000000082100000|100%| O|  |TAMS 0x0000000082100000| PB 0x0000000082000000| Untracked 
|  33|0x0000000082100000, 0x0000000082200000, 0x0000000082200000|100%| O|  |TAMS 0x0000000082200000| PB 0x0000000082100000| Untracked 
|  34|0x0000000082200000, 0x0000000082300000, 0x0000000082300000|100%| O|  |TAMS 0x0000000082300000| PB 0x0000000082200000| Untracked 
|  35|0x0000000082300000, 0x0000000082400000, 0x0000000082400000|100%| O|  |TAMS 0x0000000082400000| PB 0x0000000082300000| Untracked 
|  36|0x0000000082400000, 0x0000000082500000, 0x0000000082500000|100%| O|  |TAMS 0x0000000082500000| PB 0x0000000082400000| Untracked 
|  37|0x0000000082500000, 0x0000000082600000, 0x0000000082600000|100%| O|  |TAMS 0x0000000082600000| PB 0x0000000082500000| Untracked 
|  38|0x0000000082600000, 0x0000000082700000, 0x0000000082700000|100%| O|  |TAMS 0x0000000082700000| PB 0x0000000082600000| Untracked 
|  39|0x0000000082700000, 0x0000000082800000, 0x0000000082800000|100%| O|  |TAMS 0x0000000082800000| PB 0x0000000082700000| Untracked 
|  40|0x0000000082800000, 0x0000000082900000, 0x0000000082900000|100%| O|  |TAMS 0x0000000082900000| PB 0x0000000082800000| Untracked 
|  41|0x0000000082900000, 0x0000000082a00000, 0x0000000082a00000|100%| O|  |TAMS 0x0000000082a00000| PB 0x0000000082900000| Untracked 
|  42|0x0000000082a00000, 0x0000000082b00000, 0x0000000082b00000|100%| O|  |TAMS 0x0000000082b00000| PB 0x0000000082a00000| Untracked 
|  43|0x0000000082b00000, 0x0000000082c00000, 0x0000000082c00000|100%| O|  |TAMS 0x0000000082c00000| PB 0x0000000082b00000| Untracked 
|  44|0x0000000082c00000, 0x0000000082d00000, 0x0000000082d00000|100%| O|  |TAMS 0x0000000082d00000| PB 0x0000000082c00000| Untracked 
|  45|0x0000000082d00000, 0x0000000082e00000, 0x0000000082e00000|100%| O|  |TAMS 0x0000000082e00000| PB 0x0000000082d00000| Untracked 
|  46|0x0000000082e00000, 0x0000000082f00000, 0x0000000082f00000|100%| O|  |TAMS 0x0000000082f00000| PB 0x0000000082e00000| Untracked 
|  47|0x0000000082f00000, 0x0000000083000000, 0x0000000083000000|100%| O|  |TAMS 0x0000000083000000| PB 0x0000000082f00000| Untracked 
|  48|0x0000000083000000, 0x0000000083100000, 0x0000000083100000|100%| O|  |TAMS 0x0000000083100000| PB 0x0000000083000000| Untracked 
|  49|0x0000000083100000, 0x0000000083200000, 0x0000000083200000|100%| O|  |TAMS 0x0000000083200000| PB 0x0000000083100000| Untracked 
|  50|0x0000000083200000, 0x0000000083300000, 0x0000000083300000|100%| O|  |TAMS 0x0000000083300000| PB 0x0000000083200000| Untracked 
|  51|0x0000000083300000, 0x0000000083400000, 0x0000000083400000|100%| O|  |TAMS 0x0000000083400000| PB 0x0000000083300000| Untracked 
|  52|0x0000000083400000, 0x0000000083500000, 0x0000000083500000|100%| O|  |TAMS 0x0000000083500000| PB 0x0000000083400000| Untracked 
|  53|0x0000000083500000, 0x0000000083600000, 0x0000000083600000|100%| O|  |TAMS 0x0000000083600000| PB 0x0000000083500000| Untracked 
|  54|0x0000000083600000, 0x0000000083700000, 0x0000000083700000|100%|HS|  |TAMS 0x0000000083700000| PB 0x0000000083600000| Complete 
|  55|0x0000000083700000, 0x0000000083800000, 0x0000000083800000|100%|HS|  |TAMS 0x0000000083800000| PB 0x0000000083700000| Complete 
|  56|0x0000000083800000, 0x0000000083900000, 0x0000000083900000|100%|HS|  |TAMS 0x0000000083900000| PB 0x0000000083800000| Complete 
|  57|0x0000000083900000, 0x0000000083a00000, 0x0000000083a00000|100%|HC|  |TAMS 0x0000000083a00000| PB 0x0000000083900000| Complete 
|  58|0x0000000083a00000, 0x0000000083b00000, 0x0000000083b00000|100%|HS|  |TAMS 0x0000000083b00000| PB 0x0000000083a00000| Complete 
|  59|0x0000000083b00000, 0x0000000083c00000, 0x0000000083c00000|100%|HS|  |TAMS 0x0000000083c00000| PB 0x0000000083b00000| Complete 
|  60|0x0000000083c00000, 0x0000000083d00000, 0x0000000083d00000|100%| O|  |TAMS 0x0000000083d00000| PB 0x0000000083c00000| Untracked 
|  61|0x0000000083d00000, 0x0000000083e00000, 0x0000000083e00000|100%|HS|  |TAMS 0x0000000083e00000| PB 0x0000000083d00000| Complete 
|  62|0x0000000083e00000, 0x0000000083f00000, 0x0000000083f00000|100%|HS|  |TAMS 0x0000000083f00000| PB 0x0000000083e00000| Complete 
|  63|0x0000000083f00000, 0x0000000084000000, 0x0000000084000000|100%| O|  |TAMS 0x0000000084000000| PB 0x0000000083f00000| Untracked 
|  64|0x0000000084000000, 0x0000000084100000, 0x0000000084100000|100%| O|  |TAMS 0x0000000084100000| PB 0x0000000084000000| Untracked 
|  65|0x0000000084100000, 0x0000000084200000, 0x0000000084200000|100%| O|  |TAMS 0x0000000084200000| PB 0x0000000084100000| Untracked 
|  66|0x0000000084200000, 0x0000000084300000, 0x0000000084300000|100%| O|  |TAMS 0x0000000084300000| PB 0x0000000084200000| Untracked 
|  67|0x0000000084300000, 0x0000000084400000, 0x0000000084400000|100%| O|  |TAMS 0x0000000084400000| PB 0x0000000084300000| Untracked 
|  68|0x0000000084400000, 0x0000000084500000, 0x0000000084500000|100%| O|  |TAMS 0x0000000084500000| PB 0x0000000084400000| Untracked 
|  69|0x0000000084500000, 0x0000000084600000, 0x0000000084600000|100%| O|  |TAMS 0x0000000084600000| PB 0x0000000084500000| Untracked 
|  70|0x0000000084600000, 0x0000000084700000, 0x0000000084700000|100%| O|  |TAMS 0x0000000084700000| PB 0x0000000084600000| Untracked 
|  71|0x0000000084700000, 0x0000000084800000, 0x0000000084800000|100%| O|  |TAMS 0x0000000084800000| PB 0x0000000084700000| Untracked 
|  72|0x0000000084800000, 0x0000000084900000, 0x0000000084900000|100%| O|  |TAMS 0x0000000084900000| PB 0x0000000084800000| Untracked 
|  73|0x0000000084900000, 0x0000000084a00000, 0x0000000084a00000|100%|HS|  |TAMS 0x0000000084a00000| PB 0x0000000084900000| Complete 
|  74|0x0000000084a00000, 0x0000000084b00000, 0x0000000084b00000|100%| O|  |TAMS 0x0000000084b00000| PB 0x0000000084a00000| Untracked 
|  75|0x0000000084b00000, 0x0000000084b00000, 0x0000000084c00000|  0%| F|  |TAMS 0x0000000084b00000| PB 0x0000000084b00000| Untracked 
|  76|0x0000000084c00000, 0x0000000084d00000, 0x0000000084d00000|100%| O|  |TAMS 0x0000000084d00000| PB 0x0000000084c00000| Untracked 
|  77|0x0000000084d00000, 0x0000000084e00000, 0x0000000084e00000|100%| O|  |TAMS 0x0000000084e00000| PB 0x0000000084d00000| Untracked 
|  78|0x0000000084e00000, 0x0000000084f00000, 0x0000000084f00000|100%| O|  |TAMS 0x0000000084f00000| PB 0x0000000084e00000| Untracked 
|  79|0x0000000084f00000, 0x0000000085000000, 0x0000000085000000|100%| O|  |TAMS 0x0000000085000000| PB 0x0000000084f00000| Untracked 
|  80|0x0000000085000000, 0x0000000085100000, 0x0000000085100000|100%|HS|  |TAMS 0x0000000085100000| PB 0x0000000085000000| Complete 
|  81|0x0000000085100000, 0x0000000085200000, 0x0000000085200000|100%|HC|  |TAMS 0x0000000085200000| PB 0x0000000085100000| Complete 
|  82|0x0000000085200000, 0x0000000085300000, 0x0000000085300000|100%| O|  |TAMS 0x0000000085300000| PB 0x0000000085200000| Untracked 
|  83|0x0000000085300000, 0x0000000085400000, 0x0000000085400000|100%| O|  |TAMS 0x0000000085400000| PB 0x0000000085300000| Untracked 
|  84|0x0000000085400000, 0x0000000085500000, 0x0000000085500000|100%| O|  |TAMS 0x0000000085500000| PB 0x0000000085400000| Untracked 
|  85|0x0000000085500000, 0x0000000085600000, 0x0000000085600000|100%| O|  |TAMS 0x0000000085600000| PB 0x0000000085500000| Untracked 
|  86|0x0000000085600000, 0x0000000085700000, 0x0000000085700000|100%| O|  |TAMS 0x0000000085700000| PB 0x0000000085600000| Untracked 
|  87|0x0000000085700000, 0x0000000085800000, 0x0000000085800000|100%| O|  |TAMS 0x0000000085800000| PB 0x0000000085700000| Untracked 
|  88|0x0000000085800000, 0x0000000085900000, 0x0000000085900000|100%| O|  |TAMS 0x0000000085900000| PB 0x0000000085800000| Untracked 
|  89|0x0000000085900000, 0x0000000085a00000, 0x0000000085a00000|100%| O|  |TAMS 0x0000000085a00000| PB 0x0000000085900000| Untracked 
|  90|0x0000000085a00000, 0x0000000085b00000, 0x0000000085b00000|100%| O|  |TAMS 0x0000000085b00000| PB 0x0000000085a00000| Untracked 
|  91|0x0000000085b00000, 0x0000000085c00000, 0x0000000085c00000|100%| O|  |TAMS 0x0000000085c00000| PB 0x0000000085b00000| Untracked 
|  92|0x0000000085c00000, 0x0000000085d00000, 0x0000000085d00000|100%| O|  |TAMS 0x0000000085d00000| PB 0x0000000085c00000| Untracked 
|  93|0x0000000085d00000, 0x0000000085e00000, 0x0000000085e00000|100%| O|  |TAMS 0x0000000085e00000| PB 0x0000000085d00000| Untracked 
|  94|0x0000000085e00000, 0x0000000085f00000, 0x0000000085f00000|100%| O|  |TAMS 0x0000000085f00000| PB 0x0000000085e00000| Untracked 
|  95|0x0000000085f00000, 0x0000000086000000, 0x0000000086000000|100%| O|  |TAMS 0x0000000086000000| PB 0x0000000085f00000| Untracked 
|  96|0x0000000086000000, 0x0000000086100000, 0x0000000086100000|100%| O|  |TAMS 0x0000000086100000| PB 0x0000000086000000| Untracked 
|  97|0x0000000086100000, 0x0000000086200000, 0x0000000086200000|100%| O|  |TAMS 0x0000000086200000| PB 0x0000000086100000| Untracked 
|  98|0x0000000086200000, 0x0000000086300000, 0x0000000086300000|100%| O|  |TAMS 0x0000000086300000| PB 0x0000000086200000| Untracked 
|  99|0x0000000086300000, 0x0000000086400000, 0x0000000086400000|100%| O|  |TAMS 0x0000000086400000| PB 0x0000000086300000| Untracked 
| 100|0x0000000086400000, 0x0000000086500000, 0x0000000086500000|100%| O|  |TAMS 0x0000000086500000| PB 0x0000000086400000| Untracked 
| 101|0x0000000086500000, 0x0000000086600000, 0x0000000086600000|100%| O|  |TAMS 0x0000000086600000| PB 0x0000000086500000| Untracked 
| 102|0x0000000086600000, 0x0000000086700000, 0x0000000086700000|100%| O|  |TAMS 0x0000000086700000| PB 0x0000000086600000| Untracked 
| 103|0x0000000086700000, 0x0000000086800000, 0x0000000086800000|100%| O|  |TAMS 0x0000000086800000| PB 0x0000000086700000| Untracked 
| 104|0x0000000086800000, 0x0000000086900000, 0x0000000086900000|100%| O|  |TAMS 0x0000000086900000| PB 0x0000000086800000| Untracked 
| 105|0x0000000086900000, 0x0000000086a00000, 0x0000000086a00000|100%| O|  |TAMS 0x0000000086a00000| PB 0x0000000086900000| Untracked 
| 106|0x0000000086a00000, 0x0000000086b00000, 0x0000000086b00000|100%| O|  |TAMS 0x0000000086b00000| PB 0x0000000086a00000| Untracked 
| 107|0x0000000086b00000, 0x0000000086c00000, 0x0000000086c00000|100%| O|  |TAMS 0x0000000086c00000| PB 0x0000000086b00000| Untracked 
| 108|0x0000000086c00000, 0x0000000086d00000, 0x0000000086d00000|100%| O|  |TAMS 0x0000000086d00000| PB 0x0000000086c00000| Untracked 
| 109|0x0000000086d00000, 0x0000000086e00000, 0x0000000086e00000|100%| O|  |TAMS 0x0000000086e00000| PB 0x0000000086d00000| Untracked 
| 110|0x0000000086e00000, 0x0000000086f00000, 0x0000000086f00000|100%| O|  |TAMS 0x0000000086f00000| PB 0x0000000086e00000| Untracked 
| 111|0x0000000086f00000, 0x0000000087000000, 0x0000000087000000|100%| O|  |TAMS 0x0000000087000000| PB 0x0000000086f00000| Untracked 
| 112|0x0000000087000000, 0x0000000087100000, 0x0000000087100000|100%| O|  |TAMS 0x0000000087100000| PB 0x0000000087000000| Untracked 
| 113|0x0000000087100000, 0x0000000087200000, 0x0000000087200000|100%| O|  |TAMS 0x0000000087200000| PB 0x0000000087100000| Untracked 
| 114|0x0000000087200000, 0x0000000087300000, 0x0000000087300000|100%| O|  |TAMS 0x0000000087300000| PB 0x0000000087200000| Untracked 
| 115|0x0000000087300000, 0x0000000087400000, 0x0000000087400000|100%| O|  |TAMS 0x0000000087400000| PB 0x0000000087300000| Untracked 
| 116|0x0000000087400000, 0x0000000087500000, 0x0000000087500000|100%| O|  |TAMS 0x0000000087500000| PB 0x0000000087400000| Untracked 
| 117|0x0000000087500000, 0x0000000087600000, 0x0000000087600000|100%| O|  |TAMS 0x0000000087600000| PB 0x0000000087500000| Untracked 
| 118|0x0000000087600000, 0x0000000087700000, 0x0000000087700000|100%| O|  |TAMS 0x0000000087700000| PB 0x0000000087600000| Untracked 
| 119|0x0000000087700000, 0x0000000087800000, 0x0000000087800000|100%|HS|  |TAMS 0x0000000087800000| PB 0x0000000087700000| Complete 
| 120|0x0000000087800000, 0x0000000087900000, 0x0000000087900000|100%|HC|  |TAMS 0x0000000087900000| PB 0x0000000087800000| Complete 
| 121|0x0000000087900000, 0x0000000087a00000, 0x0000000087a00000|100%|HC|  |TAMS 0x0000000087a00000| PB 0x0000000087900000| Complete 
| 122|0x0000000087a00000, 0x0000000087a97ee8, 0x0000000087b00000| 59%| O|  |TAMS 0x0000000087a65cc0| PB 0x0000000087a00000| Untracked 
| 123|0x0000000087b00000, 0x0000000087b00000, 0x0000000087c00000|  0%| F|  |TAMS 0x0000000087b00000| PB 0x0000000087b00000| Untracked 
| 124|0x0000000087c00000, 0x0000000087d00000, 0x0000000087d00000|100%| O|  |TAMS 0x0000000087d00000| PB 0x0000000087c00000| Untracked 
| 125|0x0000000087d00000, 0x0000000087e00000, 0x0000000087e00000|100%| O|  |TAMS 0x0000000087e00000| PB 0x0000000087d00000| Untracked 
| 126|0x0000000087e00000, 0x0000000087e00000, 0x0000000087f00000|  0%| F|  |TAMS 0x0000000087e00000| PB 0x0000000087e00000| Untracked 
| 127|0x0000000087f00000, 0x0000000087f00000, 0x0000000088000000|  0%| F|  |TAMS 0x0000000087f00000| PB 0x0000000087f00000| Untracked 
| 128|0x0000000088000000, 0x0000000088000000, 0x0000000088100000|  0%| F|  |TAMS 0x0000000088000000| PB 0x0000000088000000| Untracked 
| 129|0x0000000088100000, 0x0000000088100000, 0x0000000088200000|  0%| F|  |TAMS 0x0000000088100000| PB 0x0000000088100000| Untracked 
| 130|0x0000000088200000, 0x0000000088200000, 0x0000000088300000|  0%| F|  |TAMS 0x0000000088200000| PB 0x0000000088200000| Untracked 
| 131|0x0000000088300000, 0x0000000088400000, 0x0000000088400000|100%| O|  |TAMS 0x0000000088400000| PB 0x0000000088300000| Untracked 
| 132|0x0000000088400000, 0x0000000088500000, 0x0000000088500000|100%| O|  |TAMS 0x0000000088500000| PB 0x0000000088400000| Untracked 
| 133|0x0000000088500000, 0x0000000088500000, 0x0000000088600000|  0%| F|  |TAMS 0x0000000088500000| PB 0x0000000088500000| Untracked 
| 134|0x0000000088600000, 0x0000000088600000, 0x0000000088700000|  0%| F|  |TAMS 0x0000000088600000| PB 0x0000000088600000| Untracked 
| 135|0x0000000088700000, 0x0000000088700000, 0x0000000088800000|  0%| F|  |TAMS 0x0000000088700000| PB 0x0000000088700000| Untracked 
| 136|0x0000000088800000, 0x0000000088800000, 0x0000000088900000|  0%| F|  |TAMS 0x0000000088800000| PB 0x0000000088800000| Untracked 
| 137|0x0000000088900000, 0x0000000088900000, 0x0000000088a00000|  0%| F|  |TAMS 0x0000000088900000| PB 0x0000000088900000| Untracked 
| 138|0x0000000088a00000, 0x0000000088a00000, 0x0000000088b00000|  0%| F|  |TAMS 0x0000000088a00000| PB 0x0000000088a00000| Untracked 
| 139|0x0000000088b00000, 0x0000000088b00000, 0x0000000088c00000|  0%| F|  |TAMS 0x0000000088b00000| PB 0x0000000088b00000| Untracked 
| 140|0x0000000088c00000, 0x0000000088c00000, 0x0000000088d00000|  0%| F|  |TAMS 0x0000000088c00000| PB 0x0000000088c00000| Untracked 
| 141|0x0000000088d00000, 0x0000000088d00000, 0x0000000088e00000|  0%| F|  |TAMS 0x0000000088d00000| PB 0x0000000088d00000| Untracked 
| 142|0x0000000088e00000, 0x0000000088e00000, 0x0000000088f00000|  0%| F|  |TAMS 0x0000000088e00000| PB 0x0000000088e00000| Untracked 
| 143|0x0000000088f00000, 0x0000000088f79e10, 0x0000000089000000| 47%| S|CS|TAMS 0x0000000088f00000| PB 0x0000000088f00000| Complete 
| 144|0x0000000089000000, 0x0000000089100000, 0x0000000089100000|100%| S|CS|TAMS 0x0000000089000000| PB 0x0000000089000000| Complete 
| 145|0x0000000089100000, 0x0000000089200000, 0x0000000089200000|100%| S|CS|TAMS 0x0000000089100000| PB 0x0000000089100000| Complete 
| 146|0x0000000089200000, 0x0000000089300000, 0x0000000089300000|100%| S|CS|TAMS 0x0000000089200000| PB 0x0000000089200000| Complete 
| 147|0x0000000089300000, 0x0000000089400000, 0x0000000089400000|100%| S|CS|TAMS 0x0000000089300000| PB 0x0000000089300000| Complete 
| 148|0x0000000089400000, 0x0000000089500000, 0x0000000089500000|100%| S|CS|TAMS 0x0000000089400000| PB 0x0000000089400000| Complete 
| 149|0x0000000089500000, 0x0000000089600000, 0x0000000089600000|100%| S|CS|TAMS 0x0000000089500000| PB 0x0000000089500000| Complete 
| 150|0x0000000089600000, 0x0000000089600000, 0x0000000089700000|  0%| F|  |TAMS 0x0000000089600000| PB 0x0000000089600000| Untracked 
| 151|0x0000000089700000, 0x0000000089700000, 0x0000000089800000|  0%| F|  |TAMS 0x0000000089700000| PB 0x0000000089700000| Untracked 
| 152|0x0000000089800000, 0x0000000089800000, 0x0000000089900000|  0%| F|  |TAMS 0x0000000089800000| PB 0x0000000089800000| Untracked 
| 153|0x0000000089900000, 0x0000000089900000, 0x0000000089a00000|  0%| F|  |TAMS 0x0000000089900000| PB 0x0000000089900000| Untracked 
| 154|0x0000000089a00000, 0x0000000089a00000, 0x0000000089b00000|  0%| F|  |TAMS 0x0000000089a00000| PB 0x0000000089a00000| Untracked 
| 155|0x0000000089b00000, 0x0000000089c00000, 0x0000000089c00000|100%| S|CS|TAMS 0x0000000089b00000| PB 0x0000000089b00000| Complete 
| 156|0x0000000089c00000, 0x0000000089d00000, 0x0000000089d00000|100%| S|CS|TAMS 0x0000000089c00000| PB 0x0000000089c00000| Complete 
| 157|0x0000000089d00000, 0x0000000089e00000, 0x0000000089e00000|100%| S|CS|TAMS 0x0000000089d00000| PB 0x0000000089d00000| Complete 
| 158|0x0000000089e00000, 0x0000000089f00000, 0x0000000089f00000|100%| S|CS|TAMS 0x0000000089e00000| PB 0x0000000089e00000| Complete 
| 159|0x0000000089f00000, 0x000000008a000000, 0x000000008a000000|100%| S|CS|TAMS 0x0000000089f00000| PB 0x0000000089f00000| Complete 
| 160|0x000000008a000000, 0x000000008a000000, 0x000000008a100000|  0%| F|  |TAMS 0x000000008a000000| PB 0x000000008a000000| Untracked 
| 161|0x000000008a100000, 0x000000008a100000, 0x000000008a200000|  0%| F|  |TAMS 0x000000008a100000| PB 0x000000008a100000| Untracked 
| 162|0x000000008a200000, 0x000000008a200000, 0x000000008a300000|  0%| F|  |TAMS 0x000000008a200000| PB 0x000000008a200000| Untracked 
| 163|0x000000008a300000, 0x000000008a300000, 0x000000008a400000|  0%| F|  |TAMS 0x000000008a300000| PB 0x000000008a300000| Untracked 
| 164|0x000000008a400000, 0x000000008a400000, 0x000000008a500000|  0%| F|  |TAMS 0x000000008a400000| PB 0x000000008a400000| Untracked 
| 165|0x000000008a500000, 0x000000008a500000, 0x000000008a600000|  0%| F|  |TAMS 0x000000008a500000| PB 0x000000008a500000| Untracked 
| 166|0x000000008a600000, 0x000000008a600000, 0x000000008a700000|  0%| F|  |TAMS 0x000000008a600000| PB 0x000000008a600000| Untracked 
| 167|0x000000008a700000, 0x000000008a700000, 0x000000008a800000|  0%| F|  |TAMS 0x000000008a700000| PB 0x000000008a700000| Untracked 
| 168|0x000000008a800000, 0x000000008a800000, 0x000000008a900000|  0%| F|  |TAMS 0x000000008a800000| PB 0x000000008a800000| Untracked 
| 169|0x000000008a900000, 0x000000008a900000, 0x000000008aa00000|  0%| F|  |TAMS 0x000000008a900000| PB 0x000000008a900000| Untracked 
| 170|0x000000008aa00000, 0x000000008aa00000, 0x000000008ab00000|  0%| F|  |TAMS 0x000000008aa00000| PB 0x000000008aa00000| Untracked 
| 171|0x000000008ab00000, 0x000000008ab00000, 0x000000008ac00000|  0%| F|  |TAMS 0x000000008ab00000| PB 0x000000008ab00000| Untracked 
| 172|0x000000008ac00000, 0x000000008ac00000, 0x000000008ad00000|  0%| F|  |TAMS 0x000000008ac00000| PB 0x000000008ac00000| Untracked 
| 173|0x000000008ad00000, 0x000000008ad00000, 0x000000008ae00000|  0%| F|  |TAMS 0x000000008ad00000| PB 0x000000008ad00000| Untracked 
| 174|0x000000008ae00000, 0x000000008ae00000, 0x000000008af00000|  0%| F|  |TAMS 0x000000008ae00000| PB 0x000000008ae00000| Untracked 
| 175|0x000000008af00000, 0x000000008af00000, 0x000000008b000000|  0%| F|  |TAMS 0x000000008af00000| PB 0x000000008af00000| Untracked 
| 176|0x000000008b000000, 0x000000008b000000, 0x000000008b100000|  0%| F|  |TAMS 0x000000008b000000| PB 0x000000008b000000| Untracked 
| 177|0x000000008b100000, 0x000000008b100000, 0x000000008b200000|  0%| F|  |TAMS 0x000000008b100000| PB 0x000000008b100000| Untracked 
| 178|0x000000008b200000, 0x000000008b200000, 0x000000008b300000|  0%| F|  |TAMS 0x000000008b200000| PB 0x000000008b200000| Untracked 
| 179|0x000000008b300000, 0x000000008b300000, 0x000000008b400000|  0%| F|  |TAMS 0x000000008b300000| PB 0x000000008b300000| Untracked 
| 180|0x000000008b400000, 0x000000008b400000, 0x000000008b500000|  0%| F|  |TAMS 0x000000008b400000| PB 0x000000008b400000| Untracked 
| 181|0x000000008b500000, 0x000000008b500000, 0x000000008b600000|  0%| F|  |TAMS 0x000000008b500000| PB 0x000000008b500000| Untracked 
| 182|0x000000008b600000, 0x000000008b600000, 0x000000008b700000|  0%| F|  |TAMS 0x000000008b600000| PB 0x000000008b600000| Untracked 
| 183|0x000000008b700000, 0x000000008b700000, 0x000000008b800000|  0%| F|  |TAMS 0x000000008b700000| PB 0x000000008b700000| Untracked 
| 184|0x000000008b800000, 0x000000008b800000, 0x000000008b900000|  0%| F|  |TAMS 0x000000008b800000| PB 0x000000008b800000| Untracked 
| 185|0x000000008b900000, 0x000000008b900000, 0x000000008ba00000|  0%| F|  |TAMS 0x000000008b900000| PB 0x000000008b900000| Untracked 
| 186|0x000000008ba00000, 0x000000008ba00000, 0x000000008bb00000|  0%| F|  |TAMS 0x000000008ba00000| PB 0x000000008ba00000| Untracked 
| 187|0x000000008bb00000, 0x000000008bb00000, 0x000000008bc00000|  0%| F|  |TAMS 0x000000008bb00000| PB 0x000000008bb00000| Untracked 
| 188|0x000000008bc00000, 0x000000008bc00000, 0x000000008bd00000|  0%| F|  |TAMS 0x000000008bc00000| PB 0x000000008bc00000| Untracked 
| 189|0x000000008bd00000, 0x000000008bd00000, 0x000000008be00000|  0%| F|  |TAMS 0x000000008bd00000| PB 0x000000008bd00000| Untracked 
| 190|0x000000008be00000, 0x000000008be00000, 0x000000008bf00000|  0%| F|  |TAMS 0x000000008be00000| PB 0x000000008be00000| Untracked 
| 191|0x000000008bf00000, 0x000000008bf00000, 0x000000008c000000|  0%| F|  |TAMS 0x000000008bf00000| PB 0x000000008bf00000| Untracked 
| 192|0x000000008c000000, 0x000000008c000000, 0x000000008c100000|  0%| F|  |TAMS 0x000000008c000000| PB 0x000000008c000000| Untracked 
| 193|0x000000008c100000, 0x000000008c100000, 0x000000008c200000|  0%| F|  |TAMS 0x000000008c100000| PB 0x000000008c100000| Untracked 
| 194|0x000000008c200000, 0x000000008c200000, 0x000000008c300000|  0%| F|  |TAMS 0x000000008c200000| PB 0x000000008c200000| Untracked 
| 195|0x000000008c300000, 0x000000008c300000, 0x000000008c400000|  0%| F|  |TAMS 0x000000008c300000| PB 0x000000008c300000| Untracked 
| 196|0x000000008c400000, 0x000000008c400000, 0x000000008c500000|  0%| F|  |TAMS 0x000000008c400000| PB 0x000000008c400000| Untracked 
| 197|0x000000008c500000, 0x000000008c500000, 0x000000008c600000|  0%| F|  |TAMS 0x000000008c500000| PB 0x000000008c500000| Untracked 
| 198|0x000000008c600000, 0x000000008c600000, 0x000000008c700000|  0%| F|  |TAMS 0x000000008c600000| PB 0x000000008c600000| Untracked 
| 199|0x000000008c700000, 0x000000008c700000, 0x000000008c800000|  0%| F|  |TAMS 0x000000008c700000| PB 0x000000008c700000| Untracked 
| 200|0x000000008c800000, 0x000000008c800000, 0x000000008c900000|  0%| F|  |TAMS 0x000000008c800000| PB 0x000000008c800000| Untracked 
| 201|0x000000008c900000, 0x000000008c900000, 0x000000008ca00000|  0%| F|  |TAMS 0x000000008c900000| PB 0x000000008c900000| Untracked 
| 202|0x000000008ca00000, 0x000000008ca00000, 0x000000008cb00000|  0%| F|  |TAMS 0x000000008ca00000| PB 0x000000008ca00000| Untracked 
| 203|0x000000008cb00000, 0x000000008cb00000, 0x000000008cc00000|  0%| F|  |TAMS 0x000000008cb00000| PB 0x000000008cb00000| Untracked 
| 204|0x000000008cc00000, 0x000000008cc00000, 0x000000008cd00000|  0%| F|  |TAMS 0x000000008cc00000| PB 0x000000008cc00000| Untracked 
| 205|0x000000008cd00000, 0x000000008cd00000, 0x000000008ce00000|  0%| F|  |TAMS 0x000000008cd00000| PB 0x000000008cd00000| Untracked 
| 206|0x000000008ce00000, 0x000000008ce00000, 0x000000008cf00000|  0%| F|  |TAMS 0x000000008ce00000| PB 0x000000008ce00000| Untracked 
| 207|0x000000008cf00000, 0x000000008cf00000, 0x000000008d000000|  0%| F|  |TAMS 0x000000008cf00000| PB 0x000000008cf00000| Untracked 
| 208|0x000000008d000000, 0x000000008d000000, 0x000000008d100000|  0%| F|  |TAMS 0x000000008d000000| PB 0x000000008d000000| Untracked 
| 209|0x000000008d100000, 0x000000008d100000, 0x000000008d200000|  0%| F|  |TAMS 0x000000008d100000| PB 0x000000008d100000| Untracked 
| 210|0x000000008d200000, 0x000000008d200000, 0x000000008d300000|  0%| F|  |TAMS 0x000000008d200000| PB 0x000000008d200000| Untracked 
| 211|0x000000008d300000, 0x000000008d300000, 0x000000008d400000|  0%| F|  |TAMS 0x000000008d300000| PB 0x000000008d300000| Untracked 
| 212|0x000000008d400000, 0x000000008d400000, 0x000000008d500000|  0%| F|  |TAMS 0x000000008d400000| PB 0x000000008d400000| Untracked 
| 213|0x000000008d500000, 0x000000008d500000, 0x000000008d600000|  0%| F|  |TAMS 0x000000008d500000| PB 0x000000008d500000| Untracked 
| 214|0x000000008d600000, 0x000000008d600000, 0x000000008d700000|  0%| F|  |TAMS 0x000000008d600000| PB 0x000000008d600000| Untracked 
| 215|0x000000008d700000, 0x000000008d700000, 0x000000008d800000|  0%| F|  |TAMS 0x000000008d700000| PB 0x000000008d700000| Untracked 
| 216|0x000000008d800000, 0x000000008d800000, 0x000000008d900000|  0%| F|  |TAMS 0x000000008d800000| PB 0x000000008d800000| Untracked 
| 217|0x000000008d900000, 0x000000008d900000, 0x000000008da00000|  0%| F|  |TAMS 0x000000008d900000| PB 0x000000008d900000| Untracked 
| 218|0x000000008da00000, 0x000000008da00000, 0x000000008db00000|  0%| F|  |TAMS 0x000000008da00000| PB 0x000000008da00000| Untracked 
| 219|0x000000008db00000, 0x000000008db00000, 0x000000008dc00000|  0%| F|  |TAMS 0x000000008db00000| PB 0x000000008db00000| Untracked 
| 220|0x000000008dc00000, 0x000000008dc00000, 0x000000008dd00000|  0%| F|  |TAMS 0x000000008dc00000| PB 0x000000008dc00000| Untracked 
| 221|0x000000008dd00000, 0x000000008dd00000, 0x000000008de00000|  0%| F|  |TAMS 0x000000008dd00000| PB 0x000000008dd00000| Untracked 
| 222|0x000000008de00000, 0x000000008de00000, 0x000000008df00000|  0%| F|  |TAMS 0x000000008de00000| PB 0x000000008de00000| Untracked 
| 223|0x000000008df00000, 0x000000008df00000, 0x000000008e000000|  0%| F|  |TAMS 0x000000008df00000| PB 0x000000008df00000| Untracked 
| 224|0x000000008e000000, 0x000000008e000000, 0x000000008e100000|  0%| F|  |TAMS 0x000000008e000000| PB 0x000000008e000000| Untracked 
| 225|0x000000008e100000, 0x000000008e100000, 0x000000008e200000|  0%| F|  |TAMS 0x000000008e100000| PB 0x000000008e100000| Untracked 
| 226|0x000000008e200000, 0x000000008e200000, 0x000000008e300000|  0%| F|  |TAMS 0x000000008e200000| PB 0x000000008e200000| Untracked 
| 227|0x000000008e300000, 0x000000008e300000, 0x000000008e400000|  0%| F|  |TAMS 0x000000008e300000| PB 0x000000008e300000| Untracked 
| 228|0x000000008e400000, 0x000000008e400000, 0x000000008e500000|  0%| F|  |TAMS 0x000000008e400000| PB 0x000000008e400000| Untracked 
| 229|0x000000008e500000, 0x000000008e500000, 0x000000008e600000|  0%| F|  |TAMS 0x000000008e500000| PB 0x000000008e500000| Untracked 
| 230|0x000000008e600000, 0x000000008e600000, 0x000000008e700000|  0%| F|  |TAMS 0x000000008e600000| PB 0x000000008e600000| Untracked 
| 231|0x000000008e700000, 0x000000008e700000, 0x000000008e800000|  0%| F|  |TAMS 0x000000008e700000| PB 0x000000008e700000| Untracked 
| 232|0x000000008e800000, 0x000000008e800000, 0x000000008e900000|  0%| F|  |TAMS 0x000000008e800000| PB 0x000000008e800000| Untracked 
| 233|0x000000008e900000, 0x000000008e900000, 0x000000008ea00000|  0%| F|  |TAMS 0x000000008e900000| PB 0x000000008e900000| Untracked 
| 234|0x000000008ea00000, 0x000000008ea00000, 0x000000008eb00000|  0%| F|  |TAMS 0x000000008ea00000| PB 0x000000008ea00000| Untracked 
| 235|0x000000008eb00000, 0x000000008eb00000, 0x000000008ec00000|  0%| F|  |TAMS 0x000000008eb00000| PB 0x000000008eb00000| Untracked 
| 236|0x000000008ec00000, 0x000000008ec00000, 0x000000008ed00000|  0%| F|  |TAMS 0x000000008ec00000| PB 0x000000008ec00000| Untracked 
| 237|0x000000008ed00000, 0x000000008ed00000, 0x000000008ee00000|  0%| F|  |TAMS 0x000000008ed00000| PB 0x000000008ed00000| Untracked 
| 238|0x000000008ee00000, 0x000000008ee00000, 0x000000008ef00000|  0%| F|  |TAMS 0x000000008ee00000| PB 0x000000008ee00000| Untracked 
| 239|0x000000008ef00000, 0x000000008ef00000, 0x000000008f000000|  0%| F|  |TAMS 0x000000008ef00000| PB 0x000000008ef00000| Untracked 
| 240|0x000000008f000000, 0x000000008f000000, 0x000000008f100000|  0%| F|  |TAMS 0x000000008f000000| PB 0x000000008f000000| Untracked 
| 241|0x000000008f100000, 0x000000008f100000, 0x000000008f200000|  0%| F|  |TAMS 0x000000008f100000| PB 0x000000008f100000| Untracked 
| 242|0x000000008f200000, 0x000000008f200000, 0x000000008f300000|  0%| F|  |TAMS 0x000000008f200000| PB 0x000000008f200000| Untracked 
| 243|0x000000008f300000, 0x000000008f300000, 0x000000008f400000|  0%| F|  |TAMS 0x000000008f300000| PB 0x000000008f300000| Untracked 
| 244|0x000000008f400000, 0x000000008f400000, 0x000000008f500000|  0%| F|  |TAMS 0x000000008f400000| PB 0x000000008f400000| Untracked 
| 245|0x000000008f500000, 0x000000008f500000, 0x000000008f600000|  0%| F|  |TAMS 0x000000008f500000| PB 0x000000008f500000| Untracked 
| 246|0x000000008f600000, 0x000000008f600000, 0x000000008f700000|  0%| F|  |TAMS 0x000000008f600000| PB 0x000000008f600000| Untracked 
| 247|0x000000008f700000, 0x000000008f700000, 0x000000008f800000|  0%| F|  |TAMS 0x000000008f700000| PB 0x000000008f700000| Untracked 
| 248|0x000000008f800000, 0x000000008f800000, 0x000000008f900000|  0%| F|  |TAMS 0x000000008f800000| PB 0x000000008f800000| Untracked 
| 249|0x000000008f900000, 0x000000008f900000, 0x000000008fa00000|  0%| F|  |TAMS 0x000000008f900000| PB 0x000000008f900000| Untracked 
| 250|0x000000008fa00000, 0x000000008fa00000, 0x000000008fb00000|  0%| F|  |TAMS 0x000000008fa00000| PB 0x000000008fa00000| Untracked 
| 251|0x000000008fb00000, 0x000000008fb00000, 0x000000008fc00000|  0%| F|  |TAMS 0x000000008fb00000| PB 0x000000008fb00000| Untracked 
| 252|0x000000008fc00000, 0x000000008fc00000, 0x000000008fd00000|  0%| F|  |TAMS 0x000000008fc00000| PB 0x000000008fc00000| Untracked 
| 253|0x000000008fd00000, 0x000000008fd00000, 0x000000008fe00000|  0%| F|  |TAMS 0x000000008fd00000| PB 0x000000008fd00000| Untracked 
| 254|0x000000008fe00000, 0x000000008fe00000, 0x000000008ff00000|  0%| F|  |TAMS 0x000000008fe00000| PB 0x000000008fe00000| Untracked 
| 255|0x000000008ff00000, 0x000000008ff00000, 0x0000000090000000|  0%| F|  |TAMS 0x000000008ff00000| PB 0x000000008ff00000| Untracked 
| 256|0x0000000090000000, 0x0000000090000000, 0x0000000090100000|  0%| F|  |TAMS 0x0000000090000000| PB 0x0000000090000000| Untracked 
| 257|0x0000000090100000, 0x0000000090100000, 0x0000000090200000|  0%| F|  |TAMS 0x0000000090100000| PB 0x0000000090100000| Untracked 
| 258|0x0000000090200000, 0x0000000090200000, 0x0000000090300000|  0%| F|  |TAMS 0x0000000090200000| PB 0x0000000090200000| Untracked 
| 259|0x0000000090300000, 0x0000000090300000, 0x0000000090400000|  0%| F|  |TAMS 0x0000000090300000| PB 0x0000000090300000| Untracked 
| 260|0x0000000090400000, 0x0000000090400000, 0x0000000090500000|  0%| F|  |TAMS 0x0000000090400000| PB 0x0000000090400000| Untracked 
| 261|0x0000000090500000, 0x0000000090500000, 0x0000000090600000|  0%| F|  |TAMS 0x0000000090500000| PB 0x0000000090500000| Untracked 
| 262|0x0000000090600000, 0x0000000090600000, 0x0000000090700000|  0%| F|  |TAMS 0x0000000090600000| PB 0x0000000090600000| Untracked 
| 263|0x0000000090700000, 0x0000000090700000, 0x0000000090800000|  0%| F|  |TAMS 0x0000000090700000| PB 0x0000000090700000| Untracked 
| 264|0x0000000090800000, 0x0000000090800000, 0x0000000090900000|  0%| F|  |TAMS 0x0000000090800000| PB 0x0000000090800000| Untracked 
| 265|0x0000000090900000, 0x0000000090900000, 0x0000000090a00000|  0%| F|  |TAMS 0x0000000090900000| PB 0x0000000090900000| Untracked 
| 266|0x0000000090a00000, 0x0000000090a00000, 0x0000000090b00000|  0%| F|  |TAMS 0x0000000090a00000| PB 0x0000000090a00000| Untracked 
| 267|0x0000000090b00000, 0x0000000090b00000, 0x0000000090c00000|  0%| F|  |TAMS 0x0000000090b00000| PB 0x0000000090b00000| Untracked 
| 268|0x0000000090c00000, 0x0000000090c00000, 0x0000000090d00000|  0%| F|  |TAMS 0x0000000090c00000| PB 0x0000000090c00000| Untracked 
| 269|0x0000000090d00000, 0x0000000090d00000, 0x0000000090e00000|  0%| F|  |TAMS 0x0000000090d00000| PB 0x0000000090d00000| Untracked 
| 270|0x0000000090e00000, 0x0000000090e00000, 0x0000000090f00000|  0%| F|  |TAMS 0x0000000090e00000| PB 0x0000000090e00000| Untracked 
| 271|0x0000000090f00000, 0x0000000090f00000, 0x0000000091000000|  0%| F|  |TAMS 0x0000000090f00000| PB 0x0000000090f00000| Untracked 
| 272|0x0000000091000000, 0x0000000091000000, 0x0000000091100000|  0%| F|  |TAMS 0x0000000091000000| PB 0x0000000091000000| Untracked 
| 273|0x0000000091100000, 0x0000000091100000, 0x0000000091200000|  0%| F|  |TAMS 0x0000000091100000| PB 0x0000000091100000| Untracked 
| 274|0x0000000091200000, 0x0000000091200000, 0x0000000091300000|  0%| F|  |TAMS 0x0000000091200000| PB 0x0000000091200000| Untracked 
| 275|0x0000000091300000, 0x0000000091300000, 0x0000000091400000|  0%| F|  |TAMS 0x0000000091300000| PB 0x0000000091300000| Untracked 
| 276|0x0000000091400000, 0x0000000091400000, 0x0000000091500000|  0%| F|  |TAMS 0x0000000091400000| PB 0x0000000091400000| Untracked 
| 277|0x0000000091500000, 0x0000000091500000, 0x0000000091600000|  0%| F|  |TAMS 0x0000000091500000| PB 0x0000000091500000| Untracked 
| 278|0x0000000091600000, 0x0000000091600000, 0x0000000091700000|  0%| F|  |TAMS 0x0000000091600000| PB 0x0000000091600000| Untracked 
| 279|0x0000000091700000, 0x0000000091700000, 0x0000000091800000|  0%| F|  |TAMS 0x0000000091700000| PB 0x0000000091700000| Untracked 
| 280|0x0000000091800000, 0x0000000091800000, 0x0000000091900000|  0%| F|  |TAMS 0x0000000091800000| PB 0x0000000091800000| Untracked 
| 281|0x0000000091900000, 0x0000000091900000, 0x0000000091a00000|  0%| F|  |TAMS 0x0000000091900000| PB 0x0000000091900000| Untracked 
| 282|0x0000000091a00000, 0x0000000091a00000, 0x0000000091b00000|  0%| F|  |TAMS 0x0000000091a00000| PB 0x0000000091a00000| Untracked 
| 283|0x0000000091b00000, 0x0000000091b00000, 0x0000000091c00000|  0%| F|  |TAMS 0x0000000091b00000| PB 0x0000000091b00000| Untracked 
| 284|0x0000000091c00000, 0x0000000091c00000, 0x0000000091d00000|  0%| F|  |TAMS 0x0000000091c00000| PB 0x0000000091c00000| Untracked 
| 285|0x0000000091d00000, 0x0000000091d00000, 0x0000000091e00000|  0%| F|  |TAMS 0x0000000091d00000| PB 0x0000000091d00000| Untracked 
| 286|0x0000000091e00000, 0x0000000091e00000, 0x0000000091f00000|  0%| F|  |TAMS 0x0000000091e00000| PB 0x0000000091e00000| Untracked 
| 287|0x0000000091f00000, 0x0000000091f00000, 0x0000000092000000|  0%| F|  |TAMS 0x0000000091f00000| PB 0x0000000091f00000| Untracked 
| 288|0x0000000092000000, 0x0000000092000000, 0x0000000092100000|  0%| F|  |TAMS 0x0000000092000000| PB 0x0000000092000000| Untracked 
| 289|0x0000000092100000, 0x0000000092100000, 0x0000000092200000|  0%| F|  |TAMS 0x0000000092100000| PB 0x0000000092100000| Untracked 
| 290|0x0000000092200000, 0x0000000092200000, 0x0000000092300000|  0%| F|  |TAMS 0x0000000092200000| PB 0x0000000092200000| Untracked 
| 291|0x0000000092300000, 0x0000000092300000, 0x0000000092400000|  0%| F|  |TAMS 0x0000000092300000| PB 0x0000000092300000| Untracked 
| 292|0x0000000092400000, 0x0000000092400000, 0x0000000092500000|  0%| F|  |TAMS 0x0000000092400000| PB 0x0000000092400000| Untracked 
| 293|0x0000000092500000, 0x0000000092500000, 0x0000000092600000|  0%| F|  |TAMS 0x0000000092500000| PB 0x0000000092500000| Untracked 
| 294|0x0000000092600000, 0x0000000092600000, 0x0000000092700000|  0%| F|  |TAMS 0x0000000092600000| PB 0x0000000092600000| Untracked 
| 295|0x0000000092700000, 0x0000000092700000, 0x0000000092800000|  0%| F|  |TAMS 0x0000000092700000| PB 0x0000000092700000| Untracked 
| 296|0x0000000092800000, 0x0000000092800000, 0x0000000092900000|  0%| F|  |TAMS 0x0000000092800000| PB 0x0000000092800000| Untracked 
| 297|0x0000000092900000, 0x0000000092900000, 0x0000000092a00000|  0%| F|  |TAMS 0x0000000092900000| PB 0x0000000092900000| Untracked 
| 298|0x0000000092a00000, 0x0000000092a00000, 0x0000000092b00000|  0%| F|  |TAMS 0x0000000092a00000| PB 0x0000000092a00000| Untracked 
| 299|0x0000000092b00000, 0x0000000092b00000, 0x0000000092c00000|  0%| F|  |TAMS 0x0000000092b00000| PB 0x0000000092b00000| Untracked 
| 300|0x0000000092c00000, 0x0000000092c00000, 0x0000000092d00000|  0%| F|  |TAMS 0x0000000092c00000| PB 0x0000000092c00000| Untracked 
| 301|0x0000000092d00000, 0x0000000092d00000, 0x0000000092e00000|  0%| F|  |TAMS 0x0000000092d00000| PB 0x0000000092d00000| Untracked 
| 302|0x0000000092e00000, 0x0000000092e00000, 0x0000000092f00000|  0%| F|  |TAMS 0x0000000092e00000| PB 0x0000000092e00000| Untracked 
| 303|0x0000000092f00000, 0x0000000092f00000, 0x0000000093000000|  0%| F|  |TAMS 0x0000000092f00000| PB 0x0000000092f00000| Untracked 
| 304|0x0000000093000000, 0x0000000093000000, 0x0000000093100000|  0%| F|  |TAMS 0x0000000093000000| PB 0x0000000093000000| Untracked 
| 305|0x0000000093100000, 0x0000000093100000, 0x0000000093200000|  0%| F|  |TAMS 0x0000000093100000| PB 0x0000000093100000| Untracked 
| 306|0x0000000093200000, 0x0000000093200000, 0x0000000093300000|  0%| F|  |TAMS 0x0000000093200000| PB 0x0000000093200000| Untracked 
| 307|0x0000000093300000, 0x0000000093300000, 0x0000000093400000|  0%| F|  |TAMS 0x0000000093300000| PB 0x0000000093300000| Untracked 
| 308|0x0000000093400000, 0x0000000093400000, 0x0000000093500000|  0%| F|  |TAMS 0x0000000093400000| PB 0x0000000093400000| Untracked 
| 309|0x0000000093500000, 0x0000000093500000, 0x0000000093600000|  0%| F|  |TAMS 0x0000000093500000| PB 0x0000000093500000| Untracked 
| 310|0x0000000093600000, 0x0000000093600000, 0x0000000093700000|  0%| F|  |TAMS 0x0000000093600000| PB 0x0000000093600000| Untracked 
| 311|0x0000000093700000, 0x0000000093700000, 0x0000000093800000|  0%| F|  |TAMS 0x0000000093700000| PB 0x0000000093700000| Untracked 
| 312|0x0000000093800000, 0x0000000093800000, 0x0000000093900000|  0%| F|  |TAMS 0x0000000093800000| PB 0x0000000093800000| Untracked 
| 313|0x0000000093900000, 0x0000000093900000, 0x0000000093a00000|  0%| F|  |TAMS 0x0000000093900000| PB 0x0000000093900000| Untracked 
| 314|0x0000000093a00000, 0x0000000093a00000, 0x0000000093b00000|  0%| F|  |TAMS 0x0000000093a00000| PB 0x0000000093a00000| Untracked 
| 315|0x0000000093b00000, 0x0000000093b00000, 0x0000000093c00000|  0%| F|  |TAMS 0x0000000093b00000| PB 0x0000000093b00000| Untracked 
| 316|0x0000000093c00000, 0x0000000093c00000, 0x0000000093d00000|  0%| F|  |TAMS 0x0000000093c00000| PB 0x0000000093c00000| Untracked 
| 317|0x0000000093d00000, 0x0000000093d00000, 0x0000000093e00000|  0%| F|  |TAMS 0x0000000093d00000| PB 0x0000000093d00000| Untracked 
| 318|0x0000000093e00000, 0x0000000093e00000, 0x0000000093f00000|  0%| F|  |TAMS 0x0000000093e00000| PB 0x0000000093e00000| Untracked 
| 319|0x0000000093f00000, 0x0000000093f00000, 0x0000000094000000|  0%| F|  |TAMS 0x0000000093f00000| PB 0x0000000093f00000| Untracked 
| 320|0x0000000094000000, 0x0000000094000000, 0x0000000094100000|  0%| F|  |TAMS 0x0000000094000000| PB 0x0000000094000000| Untracked 
| 321|0x0000000094100000, 0x0000000094100000, 0x0000000094200000|  0%| F|  |TAMS 0x0000000094100000| PB 0x0000000094100000| Untracked 
| 322|0x0000000094200000, 0x0000000094200000, 0x0000000094300000|  0%| F|  |TAMS 0x0000000094200000| PB 0x0000000094200000| Untracked 
| 323|0x0000000094300000, 0x0000000094300000, 0x0000000094400000|  0%| F|  |TAMS 0x0000000094300000| PB 0x0000000094300000| Untracked 
| 324|0x0000000094400000, 0x0000000094400000, 0x0000000094500000|  0%| F|  |TAMS 0x0000000094400000| PB 0x0000000094400000| Untracked 
| 325|0x0000000094500000, 0x0000000094500000, 0x0000000094600000|  0%| F|  |TAMS 0x0000000094500000| PB 0x0000000094500000| Untracked 
| 326|0x0000000094600000, 0x0000000094600000, 0x0000000094700000|  0%| F|  |TAMS 0x0000000094600000| PB 0x0000000094600000| Untracked 
| 327|0x0000000094700000, 0x0000000094700000, 0x0000000094800000|  0%| F|  |TAMS 0x0000000094700000| PB 0x0000000094700000| Untracked 
| 328|0x0000000094800000, 0x0000000094800000, 0x0000000094900000|  0%| F|  |TAMS 0x0000000094800000| PB 0x0000000094800000| Untracked 
| 329|0x0000000094900000, 0x0000000094900000, 0x0000000094a00000|  0%| F|  |TAMS 0x0000000094900000| PB 0x0000000094900000| Untracked 
| 330|0x0000000094a00000, 0x0000000094a00000, 0x0000000094b00000|  0%| F|  |TAMS 0x0000000094a00000| PB 0x0000000094a00000| Untracked 
| 331|0x0000000094b00000, 0x0000000094b00000, 0x0000000094c00000|  0%| F|  |TAMS 0x0000000094b00000| PB 0x0000000094b00000| Untracked 
| 332|0x0000000094c00000, 0x0000000094c00000, 0x0000000094d00000|  0%| F|  |TAMS 0x0000000094c00000| PB 0x0000000094c00000| Untracked 
| 333|0x0000000094d00000, 0x0000000094d00000, 0x0000000094e00000|  0%| F|  |TAMS 0x0000000094d00000| PB 0x0000000094d00000| Untracked 
| 334|0x0000000094e00000, 0x0000000094e00000, 0x0000000094f00000|  0%| F|  |TAMS 0x0000000094e00000| PB 0x0000000094e00000| Untracked 
| 335|0x0000000094f00000, 0x0000000094f00000, 0x0000000095000000|  0%| F|  |TAMS 0x0000000094f00000| PB 0x0000000094f00000| Untracked 
| 336|0x0000000095000000, 0x0000000095000000, 0x0000000095100000|  0%| F|  |TAMS 0x0000000095000000| PB 0x0000000095000000| Untracked 
| 337|0x0000000095100000, 0x0000000095100000, 0x0000000095200000|  0%| F|  |TAMS 0x0000000095100000| PB 0x0000000095100000| Untracked 
| 338|0x0000000095200000, 0x0000000095200000, 0x0000000095300000|  0%| F|  |TAMS 0x0000000095200000| PB 0x0000000095200000| Untracked 
| 339|0x0000000095300000, 0x0000000095300000, 0x0000000095400000|  0%| F|  |TAMS 0x0000000095300000| PB 0x0000000095300000| Untracked 
| 340|0x0000000095400000, 0x0000000095400000, 0x0000000095500000|  0%| F|  |TAMS 0x0000000095400000| PB 0x0000000095400000| Untracked 
| 341|0x0000000095500000, 0x0000000095500000, 0x0000000095600000|  0%| F|  |TAMS 0x0000000095500000| PB 0x0000000095500000| Untracked 
| 342|0x0000000095600000, 0x0000000095600000, 0x0000000095700000|  0%| F|  |TAMS 0x0000000095600000| PB 0x0000000095600000| Untracked 
| 343|0x0000000095700000, 0x0000000095700000, 0x0000000095800000|  0%| F|  |TAMS 0x0000000095700000| PB 0x0000000095700000| Untracked 
| 344|0x0000000095800000, 0x0000000095800000, 0x0000000095900000|  0%| F|  |TAMS 0x0000000095800000| PB 0x0000000095800000| Untracked 
| 345|0x0000000095900000, 0x0000000095900000, 0x0000000095a00000|  0%| F|  |TAMS 0x0000000095900000| PB 0x0000000095900000| Untracked 
| 346|0x0000000095a00000, 0x0000000095a00000, 0x0000000095b00000|  0%| F|  |TAMS 0x0000000095a00000| PB 0x0000000095a00000| Untracked 
| 347|0x0000000095b00000, 0x0000000095b00000, 0x0000000095c00000|  0%| F|  |TAMS 0x0000000095b00000| PB 0x0000000095b00000| Untracked 
| 348|0x0000000095c00000, 0x0000000095c00000, 0x0000000095d00000|  0%| F|  |TAMS 0x0000000095c00000| PB 0x0000000095c00000| Untracked 
| 349|0x0000000095d00000, 0x0000000095d00000, 0x0000000095e00000|  0%| F|  |TAMS 0x0000000095d00000| PB 0x0000000095d00000| Untracked 
| 350|0x0000000095e00000, 0x0000000095e00000, 0x0000000095f00000|  0%| F|  |TAMS 0x0000000095e00000| PB 0x0000000095e00000| Untracked 
| 351|0x0000000095f00000, 0x0000000095f00000, 0x0000000096000000|  0%| F|  |TAMS 0x0000000095f00000| PB 0x0000000095f00000| Untracked 
| 352|0x0000000096000000, 0x0000000096000000, 0x0000000096100000|  0%| F|  |TAMS 0x0000000096000000| PB 0x0000000096000000| Untracked 
| 353|0x0000000096100000, 0x0000000096100000, 0x0000000096200000|  0%| F|  |TAMS 0x0000000096100000| PB 0x0000000096100000| Untracked 
| 354|0x0000000096200000, 0x0000000096200000, 0x0000000096300000|  0%| F|  |TAMS 0x0000000096200000| PB 0x0000000096200000| Untracked 
| 355|0x0000000096300000, 0x0000000096300000, 0x0000000096400000|  0%| F|  |TAMS 0x0000000096300000| PB 0x0000000096300000| Untracked 
| 356|0x0000000096400000, 0x0000000096400000, 0x0000000096500000|  0%| F|  |TAMS 0x0000000096400000| PB 0x0000000096400000| Untracked 
| 357|0x0000000096500000, 0x0000000096500000, 0x0000000096600000|  0%| F|  |TAMS 0x0000000096500000| PB 0x0000000096500000| Untracked 
| 358|0x0000000096600000, 0x0000000096600000, 0x0000000096700000|  0%| F|  |TAMS 0x0000000096600000| PB 0x0000000096600000| Untracked 
| 359|0x0000000096700000, 0x0000000096700000, 0x0000000096800000|  0%| F|  |TAMS 0x0000000096700000| PB 0x0000000096700000| Untracked 
| 360|0x0000000096800000, 0x0000000096800000, 0x0000000096900000|  0%| F|  |TAMS 0x0000000096800000| PB 0x0000000096800000| Untracked 
| 361|0x0000000096900000, 0x0000000096900000, 0x0000000096a00000|  0%| F|  |TAMS 0x0000000096900000| PB 0x0000000096900000| Untracked 
| 362|0x0000000096a00000, 0x0000000096a00000, 0x0000000096b00000|  0%| F|  |TAMS 0x0000000096a00000| PB 0x0000000096a00000| Untracked 
| 363|0x0000000096b00000, 0x0000000096b00000, 0x0000000096c00000|  0%| F|  |TAMS 0x0000000096b00000| PB 0x0000000096b00000| Untracked 
| 364|0x0000000096c00000, 0x0000000096c00000, 0x0000000096d00000|  0%| F|  |TAMS 0x0000000096c00000| PB 0x0000000096c00000| Untracked 
| 365|0x0000000096d00000, 0x0000000096d00000, 0x0000000096e00000|  0%| F|  |TAMS 0x0000000096d00000| PB 0x0000000096d00000| Untracked 
| 366|0x0000000096e00000, 0x0000000096e00000, 0x0000000096f00000|  0%| F|  |TAMS 0x0000000096e00000| PB 0x0000000096e00000| Untracked 
| 367|0x0000000096f00000, 0x0000000096f00000, 0x0000000097000000|  0%| F|  |TAMS 0x0000000096f00000| PB 0x0000000096f00000| Untracked 
| 368|0x0000000097000000, 0x0000000097000000, 0x0000000097100000|  0%| F|  |TAMS 0x0000000097000000| PB 0x0000000097000000| Untracked 
| 369|0x0000000097100000, 0x0000000097100000, 0x0000000097200000|  0%| F|  |TAMS 0x0000000097100000| PB 0x0000000097100000| Untracked 
| 370|0x0000000097200000, 0x0000000097200000, 0x0000000097300000|  0%| F|  |TAMS 0x0000000097200000| PB 0x0000000097200000| Untracked 
| 371|0x0000000097300000, 0x0000000097380000, 0x0000000097400000| 50%| E|  |TAMS 0x0000000097300000| PB 0x0000000097300000| Complete 
| 372|0x0000000097400000, 0x0000000097500000, 0x0000000097500000|100%| E|CS|TAMS 0x0000000097400000| PB 0x0000000097400000| Complete 
| 373|0x0000000097500000, 0x0000000097600000, 0x0000000097600000|100%| E|CS|TAMS 0x0000000097500000| PB 0x0000000097500000| Complete 
| 374|0x0000000097600000, 0x0000000097700000, 0x0000000097700000|100%| E|CS|TAMS 0x0000000097600000| PB 0x0000000097600000| Complete 
| 375|0x0000000097700000, 0x0000000097800000, 0x0000000097800000|100%| E|CS|TAMS 0x0000000097700000| PB 0x0000000097700000| Complete 
| 376|0x0000000097800000, 0x0000000097900000, 0x0000000097900000|100%| E|  |TAMS 0x0000000097800000| PB 0x0000000097800000| Complete 
| 377|0x0000000097900000, 0x0000000097a00000, 0x0000000097a00000|100%| E|CS|TAMS 0x0000000097900000| PB 0x0000000097900000| Complete 
| 378|0x0000000097a00000, 0x0000000097b00000, 0x0000000097b00000|100%| E|CS|TAMS 0x0000000097a00000| PB 0x0000000097a00000| Complete 
| 379|0x0000000097b00000, 0x0000000097c00000, 0x0000000097c00000|100%| E|CS|TAMS 0x0000000097b00000| PB 0x0000000097b00000| Complete 
| 380|0x0000000097c00000, 0x0000000097d00000, 0x0000000097d00000|100%| E|CS|TAMS 0x0000000097c00000| PB 0x0000000097c00000| Complete 
| 381|0x0000000097d00000, 0x0000000097e00000, 0x0000000097e00000|100%| E|CS|TAMS 0x0000000097d00000| PB 0x0000000097d00000| Complete 
| 382|0x0000000097e00000, 0x0000000097f00000, 0x0000000097f00000|100%| E|CS|TAMS 0x0000000097e00000| PB 0x0000000097e00000| Complete 
| 383|0x0000000097f00000, 0x0000000098000000, 0x0000000098000000|100%| E|CS|TAMS 0x0000000097f00000| PB 0x0000000097f00000| Complete 
|2040|0x00000000ff800000, 0x00000000ff900000, 0x00000000ff900000|100%| E|CS|TAMS 0x00000000ff800000| PB 0x00000000ff800000| Complete 
|2041|0x00000000ff900000, 0x00000000ffa00000, 0x00000000ffa00000|100%| E|CS|TAMS 0x00000000ff900000| PB 0x00000000ff900000| Complete 
|2042|0x00000000ffa00000, 0x00000000ffb00000, 0x00000000ffb00000|100%| E|CS|TAMS 0x00000000ffa00000| PB 0x00000000ffa00000| Complete 
|2043|0x00000000ffb00000, 0x00000000ffc00000, 0x00000000ffc00000|100%| E|CS|TAMS 0x00000000ffb00000| PB 0x00000000ffb00000| Complete 
|2044|0x00000000ffc00000, 0x00000000ffd00000, 0x00000000ffd00000|100%| E|CS|TAMS 0x00000000ffc00000| PB 0x00000000ffc00000| Complete 
|2045|0x00000000ffd00000, 0x00000000ffe00000, 0x00000000ffe00000|100%| O|  |TAMS 0x00000000ffe00000| PB 0x00000000ffd00000| Untracked 
|2046|0x00000000ffe00000, 0x00000000fff00000, 0x00000000fff00000|100%| E|CS|TAMS 0x00000000ffe00000| PB 0x00000000ffe00000| Complete 
|2047|0x00000000fff00000, 0x0000000100000000, 0x0000000100000000|100%| O|  |TAMS 0x0000000100000000| PB 0x00000000fff00000| Untracked 

Card table byte_map: [0x00000147b7120000,0x00000147b7520000] _byte_map_base: 0x00000147b6d20000

Marking Bits: (CMBitMap*) 0x00000147a266e630
 Bits: [0x00000147b7520000, 0x00000147b9520000)

Polling page: 0x00000147a26d0000

Metaspace:

Usage:
  Non-class:    113.92 MB used.
      Class:     18.02 MB used.
       Both:    131.94 MB used.

Virtual space:
  Non-class space:      128.00 MB reserved,     115.12 MB ( 90%) committed,  2 nodes.
      Class space:        1.00 GB reserved,      19.12 MB (  2%) committed,  1 nodes.
             Both:        1.12 GB reserved,     134.25 MB ( 12%) committed. 

Chunk freelists:
   Non-Class:  12.75 MB
       Class:  12.70 MB
        Both:  25.45 MB

MaxMetaspaceSize: unlimited
CompressedClassSpaceSize: 1.00 GB
Initial GC threshold: 21.00 MB
Current GC threshold: 223.38 MB
CDS: off
 - commit_granule_bytes: 65536.
 - commit_granule_words: 8192.
 - virtual_space_node_default_size: 8388608.
 - enlarge_chunks_in_place: 1.
 - use_allocation_guard: 0.


Internal statistics:

num_allocs_failed_limit: 6.
num_arena_births: 4720.
num_arena_deaths: 4.
num_vsnodes_births: 3.
num_vsnodes_deaths: 0.
num_space_committed: 2147.
num_space_uncommitted: 0.
num_chunks_returned_to_freelist: 11.
num_chunks_taken_from_freelist: 10400.
num_chunk_merges: 6.
num_chunk_splits: 6808.
num_chunks_enlarged: 4353.
num_inconsistent_stats: 0.

CodeHeap 'non-profiled nmethods': size=120000Kb used=9970Kb max_used=9970Kb free=110029Kb
 bounds [0x00000147af4c0000, 0x00000147afe80000, 0x00000147b69f0000]
CodeHeap 'profiled nmethods': size=120000Kb used=29549Kb max_used=29549Kb free=90450Kb
 bounds [0x00000147a79f0000, 0x00000147a96d0000, 0x00000147aef20000]
CodeHeap 'non-nmethods': size=5760Kb used=2092Kb max_used=2146Kb free=3667Kb
 bounds [0x00000147aef20000, 0x00000147af190000, 0x00000147af4c0000]
CodeCache: size=245760Kb, used=41611Kb, max_used=41665Kb, free=204146Kb
 total_blobs=15732, nmethods=14770, adapters=866, full_count=0
Compilation: enabled, stopped_count=0, restarted_count=0

Compilation events (20 events):
Event: 62.573 Thread 0x00000147bc15bb90 18188       3       org.gradle.api.internal.artifacts.transform.NonNormalizedIdentityImmutableTransformExecution::visitRegularInputs (6 bytes)
Event: 62.573 Thread 0x00000147bc15bb90 nmethod 18188 0x00000147a96bac90 code [0x00000147a96bae40, 0x00000147a96baff8]
Event: 62.573 Thread 0x00000147bc15bb90 18189       3       org.gradle.api.internal.artifacts.transform.AbstractTransformExecution::shouldDisableCaching (26 bytes)
Event: 62.574 Thread 0x00000147bc15bb90 nmethod 18189 0x00000147a96bb090 code [0x00000147a96bb2c0, 0x00000147a96bba20]
Event: 62.574 Thread 0x00000147bc15bb90 18190       3       org.gradle.internal.execution.steps.CaptureOutputsAfterExecutionStep::execute (10 bytes)
Event: 62.574 Thread 0x00000147bc15bb90 nmethod 18190 0x00000147a96bbd10 code [0x00000147a96bbec0, 0x00000147a96bc0f8]
Event: 62.574 Thread 0x00000147bc15bb90 18191       3       org.gradle.api.internal.artifacts.transform.DefaultTransform$TransformServiceLookup::get (25 bytes)
Event: 62.575 Thread 0x00000147bc15bb90 nmethod 18191 0x00000147a96bc210 code [0x00000147a96bc3e0, 0x00000147a96bc668]
Event: 62.578 Thread 0x00000147bc15bb90 18192       3       org.gradle.api.internal.artifacts.transform.DefaultTransformOutputs::getRegisteredOutputs (22 bytes)
Event: 62.579 Thread 0x00000147bc15bb90 nmethod 18192 0x00000147a96bc790 code [0x00000147a96bc9e0, 0x00000147a96bd348]
Event: 62.579 Thread 0x00000147bc15bb90 18196       3       org.gradle.api.internal.artifacts.transform.TransformExecutionResult$OutputTypeInferringBuilder::<init> (76 bytes)
Event: 62.580 Thread 0x00000147bc157320 18198       4       com.android.build.gradle.internal.dependency.EnumerateClassesDelegate$extractClasses$1$2::apply (9 bytes)
Event: 62.580 Thread 0x00000147bc15bb90 nmethod 18196 0x00000147a96bd710 code [0x00000147a96bda00, 0x00000147a96be9f8]
Event: 62.580 Thread 0x00000147bc15bb90 18193       3       org.gradle.api.internal.artifacts.transform.TransformExecutionResult$OutputTypeInferringBuilder::build (8 bytes)
Event: 62.581 Thread 0x00000147bc15bb90 nmethod 18193 0x00000147a96bf010 code [0x00000147a96bf220, 0x00000147a96bf860]
Event: 62.581 Thread 0x00000147bc15bb90 18194       3       org.gradle.api.internal.artifacts.transform.DefaultTransformOutputs$1::<init> (10 bytes)
Event: 62.581 Thread 0x00000147bc157320 nmethod 18198 0x00000147afe7a110 code [0x00000147afe7a2a0, 0x00000147afe7a390]
Event: 62.581 Thread 0x00000147bc15bb90 nmethod 18194 0x00000147a96bfb10 code [0x00000147a96bfcc0, 0x00000147a96bfe88]
Event: 62.581 Thread 0x00000147bc15bb90 18195       3       org.gradle.api.internal.artifacts.transform.TransformExecutionResult::size (8 bytes)
Event: 63.560 Thread 0x00000147bc15bb90 nmethod 18195 0x00000147a96bff90 code [0x00000147a96c0140, 0x00000147a96c0310]

GC Heap History (20 events):
Event: 54.839 GC heap before
{Heap before GC invocations=88 (full 0):
 garbage-first heap   total 327680K, used 310216K [0x0000000080000000, 0x0000000100000000)
  region size 1024K, 171 young (175104K), 10 survivors (10240K)
 Metaspace       used 131119K, committed 133504K, reserved 1179648K
  class space    used 17948K, committed 19072K, reserved 1048576K
}
Event: 54.848 GC heap after
{Heap after GC invocations=89 (full 0):
 garbage-first heap   total 327680K, used 146530K [0x0000000080000000, 0x0000000100000000)
  region size 1024K, 11 young (11264K), 11 survivors (11264K)
 Metaspace       used 131119K, committed 133504K, reserved 1179648K
  class space    used 17948K, committed 19072K, reserved 1048576K
}
Event: 55.213 GC heap before
{Heap before GC invocations=89 (full 0):
 garbage-first heap   total 327680K, used 309346K [0x0000000080000000, 0x0000000100000000)
  region size 1024K, 171 young (175104K), 11 survivors (11264K)
 Metaspace       used 131122K, committed 133504K, reserved 1179648K
  class space    used 17948K, committed 19072K, reserved 1048576K
}
Event: 55.222 GC heap after
{Heap after GC invocations=90 (full 0):
 garbage-first heap   total 401408K, used 147078K [0x0000000080000000, 0x0000000100000000)
  region size 1024K, 11 young (11264K), 11 survivors (11264K)
 Metaspace       used 131122K, committed 133504K, reserved 1179648K
  class space    used 17948K, committed 19072K, reserved 1048576K
}
Event: 55.792 GC heap before
{Heap before GC invocations=91 (full 0):
 garbage-first heap   total 401408K, used 378502K [0x0000000080000000, 0x0000000100000000)
  region size 1024K, 235 young (240640K), 11 survivors (11264K)
 Metaspace       used 131139K, committed 133504K, reserved 1179648K
  class space    used 17948K, committed 19072K, reserved 1048576K
}
Event: 55.800 GC heap after
{Heap after GC invocations=92 (full 0):
 garbage-first heap   total 401408K, used 145810K [0x0000000080000000, 0x0000000100000000)
  region size 1024K, 10 young (10240K), 10 survivors (10240K)
 Metaspace       used 131139K, committed 133504K, reserved 1179648K
  class space    used 17948K, committed 19072K, reserved 1048576K
}
Event: 56.187 GC heap before
{Heap before GC invocations=92 (full 0):
 garbage-first heap   total 401408K, used 376210K [0x0000000080000000, 0x0000000100000000)
  region size 1024K, 235 young (240640K), 10 survivors (10240K)
 Metaspace       used 131141K, committed 133504K, reserved 1179648K
  class space    used 17948K, committed 19072K, reserved 1048576K
}
Event: 56.200 GC heap after
{Heap after GC invocations=93 (full 0):
 garbage-first heap   total 401408K, used 145795K [0x0000000080000000, 0x0000000100000000)
  region size 1024K, 10 young (10240K), 10 survivors (10240K)
 Metaspace       used 131141K, committed 133504K, reserved 1179648K
  class space    used 17948K, committed 19072K, reserved 1048576K
}
Event: 56.774 GC heap before
{Heap before GC invocations=93 (full 0):
 garbage-first heap   total 401408K, used 376195K [0x0000000080000000, 0x0000000100000000)
  region size 1024K, 235 young (240640K), 10 survivors (10240K)
 Metaspace       used 131141K, committed 133504K, reserved 1179648K
  class space    used 17948K, committed 19072K, reserved 1048576K
}
Event: 56.786 GC heap after
{Heap after GC invocations=94 (full 0):
 garbage-first heap   total 401408K, used 146728K [0x0000000080000000, 0x0000000100000000)
  region size 1024K, 13 young (13312K), 13 survivors (13312K)
 Metaspace       used 131141K, committed 133504K, reserved 1179648K
  class space    used 17948K, committed 19072K, reserved 1048576K
}
Event: 57.458 GC heap before
{Heap before GC invocations=95 (full 0):
 garbage-first heap   total 401408K, used 374056K [0x0000000080000000, 0x0000000100000000)
  region size 1024K, 235 young (240640K), 13 survivors (13312K)
 Metaspace       used 131143K, committed 133504K, reserved 1179648K
  class space    used 17949K, committed 19072K, reserved 1048576K
}
Event: 57.469 GC heap after
{Heap after GC invocations=96 (full 0):
 garbage-first heap   total 401408K, used 147366K [0x0000000080000000, 0x0000000100000000)
  region size 1024K, 14 young (14336K), 14 survivors (14336K)
 Metaspace       used 131143K, committed 133504K, reserved 1179648K
  class space    used 17949K, committed 19072K, reserved 1048576K
}
Event: 57.986 GC heap before
{Heap before GC invocations=96 (full 0):
 garbage-first heap   total 401408K, used 373670K [0x0000000080000000, 0x0000000100000000)
  region size 1024K, 235 young (240640K), 14 survivors (14336K)
 Metaspace       used 131143K, committed 133504K, reserved 1179648K
  class space    used 17949K, committed 19072K, reserved 1048576K
}
Event: 57.995 GC heap after
{Heap after GC invocations=97 (full 0):
 garbage-first heap   total 401408K, used 147517K [0x0000000080000000, 0x0000000100000000)
  region size 1024K, 15 young (15360K), 15 survivors (15360K)
 Metaspace       used 131143K, committed 133504K, reserved 1179648K
  class space    used 17949K, committed 19072K, reserved 1048576K
}
Event: 60.479 GC heap before
{Heap before GC invocations=97 (full 0):
 garbage-first heap   total 401408K, used 371773K [0x0000000080000000, 0x0000000100000000)
  region size 1024K, 235 young (240640K), 15 survivors (15360K)
 Metaspace       used 134761K, committed 137152K, reserved 1179648K
  class space    used 18424K, committed 19584K, reserved 1048576K
}
Event: 60.489 GC heap after
{Heap after GC invocations=98 (full 0):
 garbage-first heap   total 401408K, used 139748K [0x0000000080000000, 0x0000000100000000)
  region size 1024K, 9 young (9216K), 9 survivors (9216K)
 Metaspace       used 134761K, committed 137152K, reserved 1179648K
  class space    used 18424K, committed 19584K, reserved 1048576K
}
Event: 61.252 GC heap before
{Heap before GC invocations=99 (full 0):
 garbage-first heap   total 401408K, used 370148K [0x0000000080000000, 0x0000000100000000)
  region size 1024K, 235 young (240640K), 9 survivors (9216K)
 Metaspace       used 134991K, committed 137344K, reserved 1179648K
  class space    used 18450K, committed 19584K, reserved 1048576K
}
Event: 61.261 GC heap after
{Heap after GC invocations=100 (full 0):
 garbage-first heap   total 401408K, used 141154K [0x0000000080000000, 0x0000000100000000)
  region size 1024K, 11 young (11264K), 11 survivors (11264K)
 Metaspace       used 134991K, committed 137344K, reserved 1179648K
  class space    used 18450K, committed 19584K, reserved 1048576K
}
Event: 62.027 GC heap before
{Heap before GC invocations=100 (full 0):
 garbage-first heap   total 401408K, used 369506K [0x0000000080000000, 0x0000000100000000)
  region size 1024K, 235 young (240640K), 11 survivors (11264K)
 Metaspace       used 135022K, committed 137408K, reserved 1179648K
  class space    used 18450K, committed 19584K, reserved 1048576K
}
Event: 62.039 GC heap after
{Heap after GC invocations=101 (full 0):
 garbage-first heap   total 401408K, used 141719K [0x0000000080000000, 0x0000000100000000)
  region size 1024K, 11 young (11264K), 11 survivors (11264K)
 Metaspace       used 135022K, committed 137408K, reserved 1179648K
  class space    used 18450K, committed 19584K, reserved 1048576K
}

Dll operation events (3 events):
Event: 0.303 Loaded shared library D:\and\jbr\bin\java.dll
Event: 0.372 Loaded shared library D:\and\jbr\bin\zip.dll
Event: 2.303 Loaded shared library D:\and\jbr\bin\verify.dll

Deoptimization events (20 events):
Event: 61.498 Thread 0x00000147c49ddb40 DEOPT PACKING pc=0x00000147afe42e54 sp=0x0000002a3fbfad20
Event: 61.498 Thread 0x00000147c49ddb40 DEOPT UNPACKING pc=0x00000147aef743a2 sp=0x0000002a3fbfacc0 mode 2
Event: 61.511 Thread 0x00000147c49d9310 Uncommon trap: trap_request=0xffffff45 fr.pc=0x00000147af669e8c relative=0x000000000000032c
Event: 61.511 Thread 0x00000147c49d9310 Uncommon trap: reason=unstable_if action=reinterpret pc=0x00000147af669e8c method=java.util.zip.Inflater.inflate([BII)I @ 31 c2
Event: 61.511 Thread 0x00000147c49d9310 DEOPT PACKING pc=0x00000147af669e8c sp=0x0000002a3f1fad20
Event: 61.511 Thread 0x00000147c49d9310 DEOPT UNPACKING pc=0x00000147aef743a2 sp=0x0000002a3f1fac90 mode 2
Event: 61.710 Thread 0x00000147c49d9310 Uncommon trap: trap_request=0xffffffd6 fr.pc=0x00000147afe49c24 relative=0x00000000000009a4
Event: 61.710 Thread 0x00000147c49d9310 Uncommon trap: reason=array_check action=maybe_recompile pc=0x00000147afe49c24 method=java.util.ComparableTimSort.binarySort([Ljava/lang/Object;III)V @ 183 c2
Event: 61.710 Thread 0x00000147c49d9310 DEOPT PACKING pc=0x00000147afe49c24 sp=0x0000002a3f1faf00
Event: 61.710 Thread 0x00000147c49d9310 DEOPT UNPACKING pc=0x00000147aef743a2 sp=0x0000002a3f1faeb0 mode 2
Event: 61.710 Thread 0x00000147c49d9310 Uncommon trap: trap_request=0xffffffd6 fr.pc=0x00000147afe49c24 relative=0x00000000000009a4
Event: 61.710 Thread 0x00000147c49d9310 Uncommon trap: reason=array_check action=maybe_recompile pc=0x00000147afe49c24 method=java.util.ComparableTimSort.binarySort([Ljava/lang/Object;III)V @ 183 c2
Event: 61.710 Thread 0x00000147c49d9310 DEOPT PACKING pc=0x00000147afe49c24 sp=0x0000002a3f1faf00
Event: 61.710 Thread 0x00000147c49d9310 DEOPT UNPACKING pc=0x00000147aef743a2 sp=0x0000002a3f1faeb0 mode 2
Event: 62.309 Thread 0x00000147c49dc100 DEOPT PACKING pc=0x00000147a91b56b0 sp=0x0000002a3f7fac20
Event: 62.309 Thread 0x00000147c49dc100 DEOPT UNPACKING pc=0x00000147aef74b42 sp=0x0000002a3f7fa180 mode 0
Event: 62.580 Thread 0x00000147c49ddb40 Uncommon trap: trap_request=0xffffff45 fr.pc=0x00000147afe73f54 relative=0x0000000000001454
Event: 62.580 Thread 0x00000147c49ddb40 Uncommon trap: reason=unstable_if action=reinterpret pc=0x00000147afe73f54 method=com.android.builder.dexing.ClassFileInput.lambda$static$0(Ljava/lang/String;)Z @ 37 c2
Event: 62.580 Thread 0x00000147c49ddb40 DEOPT PACKING pc=0x00000147afe73f54 sp=0x0000002a3fbfaf30
Event: 63.560 Thread 0x00000147c49ddb40 DEOPT UNPACKING pc=0x00000147aef743a2 sp=0x0000002a3fbfadd8 mode 2

Classes loaded (20 events):
Event: 60.491 Loading class java/lang/ProcessImpl
Event: 60.502 Loading class java/lang/ProcessImpl done
Event: 60.579 Loading class java/lang/ProcessHandleImpl
Event: 60.581 Loading class java/lang/ProcessHandleImpl done
Event: 60.583 Loading class java/lang/ProcessImpl$2
Event: 60.584 Loading class java/lang/ProcessImpl$2 done
Event: 60.584 Loading class java/lang/Process$PipeInputStream
Event: 60.584 Loading class java/lang/Process$PipeInputStream done
Event: 60.715 Loading class java/lang/ProcessBuilder$NullInputStream
Event: 60.715 Loading class java/lang/ProcessBuilder$NullInputStream done
Event: 60.722 Loading class jdk/internal/event/ProcessStartEvent
Event: 60.722 Loading class jdk/internal/event/ProcessStartEvent done
Event: 60.723 Loading class java/util/concurrent/Semaphore$NonfairSync
Event: 60.724 Loading class java/util/concurrent/Semaphore$Sync
Event: 60.724 Loading class java/util/concurrent/Semaphore$Sync done
Event: 60.724 Loading class java/util/concurrent/Semaphore$NonfairSync done
Event: 60.900 Loading class java/util/zip/ZipFile$EntrySpliterator
Event: 60.901 Loading class java/util/Spliterators$AbstractSpliterator
Event: 60.901 Loading class java/util/Spliterators$AbstractSpliterator done
Event: 60.901 Loading class java/util/zip/ZipFile$EntrySpliterator done

Classes unloaded (2 events):
Event: 54.324 Thread 0x00000147bbf68d00 Unloading class 0x0000000101284800 'java/lang/invoke/LambdaForm$DMH+0x0000000101284800'
Event: 54.324 Thread 0x00000147bbf68d00 Unloading class 0x0000000101284400 'java/lang/invoke/LambdaForm$DMH+0x0000000101284400'

Classes redefined (0 events):
No events

Internal exceptions (20 events):
Event: 62.570 Thread 0x00000147c49dc100 Exception <a 'sun/nio/fs/WindowsException'{0x000000008c233118}> (0x000000008c233118) 
thrown [s\src\hotspot\share\prims\jni.cpp, line 537]
Event: 62.572 Thread 0x00000147c49ddb40 Exception <a 'sun/nio/fs/WindowsException'{0x000000008cac2420}> (0x000000008cac2420) 
thrown [s\src\hotspot\share\prims\jni.cpp, line 537]
Event: 62.572 Thread 0x00000147c49dba70 Exception <a 'sun/nio/fs/WindowsException'{0x000000008c66fd80}> (0x000000008c66fd80) 
thrown [s\src\hotspot\share\prims\jni.cpp, line 537]
Event: 62.574 Thread 0x00000147c49ddb40 Exception <a 'sun/nio/fs/WindowsException'{0x000000008cacc098}> (0x000000008cacc098) 
thrown [s\src\hotspot\share\prims\jni.cpp, line 537]
Event: 62.574 Thread 0x00000147c49dc100 Exception <a 'sun/nio/fs/WindowsException'{0x000000008c239568}> (0x000000008c239568) 
thrown [s\src\hotspot\share\prims\jni.cpp, line 537]
Event: 62.574 Thread 0x00000147c49ddb40 Exception <a 'sun/nio/fs/WindowsException'{0x000000008cacced0}> (0x000000008cacced0) 
thrown [s\src\hotspot\share\prims\jni.cpp, line 537]
Event: 62.574 Thread 0x00000147c49ddb40 Exception <a 'sun/nio/fs/WindowsException'{0x000000008cacded8}> (0x000000008cacded8) 
thrown [s\src\hotspot\share\prims\jni.cpp, line 537]
Event: 62.574 Thread 0x00000147c49ddb40 Exception <a 'sun/nio/fs/WindowsException'{0x000000008cacf160}> (0x000000008cacf160) 
thrown [s\src\hotspot\share\prims\jni.cpp, line 537]
Event: 62.575 Thread 0x00000147c49dc100 Exception <a 'sun/nio/fs/WindowsException'{0x000000008c253ef8}> (0x000000008c253ef8) 
thrown [s\src\hotspot\share\prims\jni.cpp, line 537]
Event: 62.579 Thread 0x00000147c49ddb40 Exception <a 'sun/nio/fs/WindowsException'{0x000000008bfb2728}> (0x000000008bfb2728) 
thrown [s\src\hotspot\share\prims\jni.cpp, line 537]
Event: 62.579 Thread 0x00000147c49dba70 Exception <a 'sun/nio/fs/WindowsException'{0x000000008c674470}> (0x000000008c674470) 
thrown [s\src\hotspot\share\prims\jni.cpp, line 537]
Event: 62.585 Thread 0x00000147c49dad50 Exception <a 'sun/nio/fs/WindowsException'{0x000000008bd48eb8}> (0x000000008bd48eb8) 
thrown [s\src\hotspot\share\prims\jni.cpp, line 537]
Event: 62.589 Thread 0x00000147c49d9310 Exception <a 'sun/nio/fs/WindowsException'{0x000000008be62e28}> (0x000000008be62e28) 
thrown [s\src\hotspot\share\prims\jni.cpp, line 537]
Event: 62.590 Thread 0x00000147c49d9310 Exception <a 'sun/nio/fs/WindowsException'{0x000000008be6cad8}> (0x000000008be6cad8) 
thrown [s\src\hotspot\share\prims\jni.cpp, line 537]
Event: 62.590 Thread 0x00000147c49d9310 Exception <a 'sun/nio/fs/WindowsException'{0x000000008be6d910}> (0x000000008be6d910) 
thrown [s\src\hotspot\share\prims\jni.cpp, line 537]
Event: 62.590 Thread 0x00000147c49d9310 Exception <a 'sun/nio/fs/WindowsException'{0x000000008be6e918}> (0x000000008be6e918) 
thrown [s\src\hotspot\share\prims\jni.cpp, line 537]
Event: 62.590 Thread 0x00000147c49d9310 Exception <a 'sun/nio/fs/WindowsException'{0x000000008be6fba0}> (0x000000008be6fba0) 
thrown [s\src\hotspot\share\prims\jni.cpp, line 537]
Event: 62.591 Thread 0x00000147c49dba70 Exception <a 'sun/nio/fs/WindowsException'{0x000000008babd130}> (0x000000008babd130) 
thrown [s\src\hotspot\share\prims\jni.cpp, line 537]
Event: 62.593 Thread 0x00000147c49d9310 Exception <a 'sun/nio/fs/WindowsException'{0x000000008be76078}> (0x000000008be76078) 
thrown [s\src\hotspot\share\prims\jni.cpp, line 537]
Event: 62.593 Thread 0x00000147c49d9310 Exception <a 'sun/nio/fs/WindowsException'{0x000000008be77d50}> (0x000000008be77d50) 
thrown [s\src\hotspot\share\prims\jni.cpp, line 537]

ZGC Phase Switch (0 events):
No events

VM Operations (20 events):
Event: 60.671 Executing VM operation: HandshakeAllThreads (HandshakeForDeflation) done
Event: 60.678 Executing VM operation: HandshakeAllThreads (Deoptimize)
Event: 60.687 Executing VM operation: HandshakeAllThreads (Deoptimize) done
Event: 60.687 Executing VM operation: G1PauseRemark
Event: 60.714 Executing VM operation: G1PauseRemark done
Event: 60.716 Executing VM operation: RendezvousGCThreads
Event: 60.716 Executing VM operation: RendezvousGCThreads done
Event: 60.741 Executing VM operation: HandshakeAllThreads (Deoptimize)
Event: 60.741 Executing VM operation: HandshakeAllThreads (Deoptimize) done
Event: 60.745 Executing VM operation: HandshakeAllThreads (Deoptimize)
Event: 60.745 Executing VM operation: HandshakeAllThreads (Deoptimize) done
Event: 60.797 Executing VM operation: G1PauseCleanup
Event: 60.805 Executing VM operation: G1PauseCleanup done
Event: 61.230 Executing VM operation: G1CollectForAllocation (G1 Evacuation Pause)
Event: 61.248 Executing VM operation: G1CollectForAllocation (G1 Evacuation Pause) done
Event: 61.251 Executing VM operation: G1CollectForAllocation (GCLocker Initiated GC)
Event: 61.261 Executing VM operation: G1CollectForAllocation (GCLocker Initiated GC) done
Event: 62.026 Executing VM operation: G1CollectForAllocation (G1 Evacuation Pause)
Event: 62.039 Executing VM operation: G1CollectForAllocation (G1 Evacuation Pause) done
Event: 62.697 Executing VM operation: G1CollectForAllocation (G1 Evacuation Pause)

Memory protections (0 events):
No events

Nmethod flushes (20 events):
Event: 60.710 Thread 0x00000147bbf68d00 flushing  nmethod 0x00000147a9141690
Event: 60.710 Thread 0x00000147bbf68d00 flushing  nmethod 0x00000147a9142190
Event: 60.710 Thread 0x00000147bbf68d00 flushing  nmethod 0x00000147a9142b10
Event: 60.710 Thread 0x00000147bbf68d00 flushing  nmethod 0x00000147a9168e10
Event: 60.710 Thread 0x00000147bbf68d00 flushing  nmethod 0x00000147a9169310
Event: 60.710 Thread 0x00000147bbf68d00 flushing  nmethod 0x00000147a916b510
Event: 60.710 Thread 0x00000147bbf68d00 flushing  nmethod 0x00000147a916b890
Event: 60.710 Thread 0x00000147bbf68d00 flushing  nmethod 0x00000147a916cc10
Event: 60.710 Thread 0x00000147bbf68d00 flushing  nmethod 0x00000147a91d0f10
Event: 60.710 Thread 0x00000147bbf68d00 flushing  nmethod 0x00000147a92de490
Event: 60.710 Thread 0x00000147bbf68d00 flushing  nmethod 0x00000147af8c4d10
Event: 60.710 Thread 0x00000147bbf68d00 flushing  nmethod 0x00000147a913b290
Event: 60.710 Thread 0x00000147bbf68d00 flushing  nmethod 0x00000147a9176810
Event: 60.710 Thread 0x00000147bbf68d00 flushing  nmethod 0x00000147a917b890
Event: 60.710 Thread 0x00000147bbf68d00 flushing  nmethod 0x00000147a9180610
Event: 60.710 Thread 0x00000147bbf68d00 flushing  nmethod 0x00000147a91efc10
Event: 60.710 Thread 0x00000147bbf68d00 flushing  nmethod 0x00000147a9264d90
Event: 60.710 Thread 0x00000147bbf68d00 flushing  nmethod 0x00000147a9265090
Event: 60.710 Thread 0x00000147bbf68d00 flushing  nmethod 0x00000147a92f9f10
Event: 60.710 Thread 0x00000147bbf68d00 flushing  nmethod 0x00000147a942d310

Events (20 events):
Event: 51.434 Thread 0x00000147c658c020 Thread added: 0x00000147c64d0310
Event: 51.435 Thread 0x00000147c658c020 Thread added: 0x00000147c64ce8d0
Event: 51.488 Thread 0x00000147c658c020 Thread added: 0x00000147c64d09a0
Event: 51.490 Thread 0x00000147c658c020 Thread added: 0x00000147c64d1030
Event: 51.490 Thread 0x00000147c658c020 Thread added: 0x00000147c64cef60
Event: 51.491 Thread 0x00000147c658c020 Thread added: 0x00000147c64cfc80
Event: 51.492 Thread 0x00000147c658c020 Thread added: 0x00000147c64cf5f0
Event: 51.492 Thread 0x00000147c658c020 Thread added: 0x00000147c64cdbb0
Event: 51.493 Thread 0x00000147c658c020 Thread added: 0x00000147c64d16c0
Event: 51.839 Thread 0x00000147bc15bb90 Thread added: 0x00000147c7716b20
Event: 58.476 Thread 0x00000147c658c020 Thread added: 0x00000147c5cee680
Event: 59.228 Thread 0x00000147c7716b20 Thread exited: 0x00000147c7716b20
Event: 59.425 Thread 0x00000147bc15bb90 Thread added: 0x00000147c7718d30
Event: 59.980 Thread 0x00000147c658c020 Thread added: 0x00000147cc5f6db0
Event: 60.052 Thread 0x00000147c658ee10 Thread added: 0x00000147cc5f5a00
Event: 60.056 Thread 0x00000147c658ee10 Thread added: 0x00000147cc5f6090
Event: 60.058 Thread 0x00000147c658ee10 Thread added: 0x00000147cc5f6720
Event: 60.059 Thread 0x00000147c658ee10 Thread added: 0x00000147ccceed20
Event: 60.060 Thread 0x00000147c658ee10 Thread added: 0x00000147cccf0df0
Event: 60.762 Thread 0x00000147cc5f6db0 Thread added: 0x00000147cd2ed990


Dynamic libraries:
0x00007ff6e55c0000 - 0x00007ff6e55ca000 	D:\and\jbr\bin\java.exe
0x00007ffe721c0000 - 0x00007ffe72427000 	C:\WINDOWS\SYSTEM32\ntdll.dll
0x00007ffe70d20000 - 0x00007ffe70de9000 	C:\WINDOWS\System32\KERNEL32.DLL
0x00007ffe6f710000 - 0x00007ffe6faff000 	C:\WINDOWS\System32\KERNELBASE.dll
0x00007ffe6fe10000 - 0x00007ffe6ff5b000 	C:\WINDOWS\System32\ucrtbase.dll
0x00007ffe5faa0000 - 0x00007ffe5fabb000 	D:\and\jbr\bin\VCRUNTIME140.dll
0x00007ffe60050000 - 0x00007ffe60068000 	D:\and\jbr\bin\jli.dll
0x00007ffe71300000 - 0x00007ffe714c5000 	C:\WINDOWS\System32\USER32.dll
0x00007ffe6fc90000 - 0x00007ffe6fcb7000 	C:\WINDOWS\System32\win32u.dll
0x00007ffe5ca50000 - 0x00007ffe5cce3000 	C:\WINDOWS\WinSxS\amd64_microsoft.windows.common-controls_6595b64144ccf1df_6.0.26100.7309_none_3e05feeae336a044\COMCTL32.dll
0x00007ffe71aa0000 - 0x00007ffe71acb000 	C:\WINDOWS\System32\GDI32.dll
0x00007ffe6f310000 - 0x00007ffe6f43c000 	C:\WINDOWS\System32\gdi32full.dll
0x00007ffe71630000 - 0x00007ffe716d9000 	C:\WINDOWS\System32\msvcrt.dll
0x00007ffe6f4f0000 - 0x00007ffe6f593000 	C:\WINDOWS\System32\msvcp_win.dll
0x00007ffe708f0000 - 0x00007ffe70921000 	C:\WINDOWS\System32\IMM32.DLL
0x00007ffe60080000 - 0x00007ffe6008c000 	D:\and\jbr\bin\vcruntime140_1.dll
0x00007ffe10f00000 - 0x00007ffe10f8d000 	D:\and\jbr\bin\msvcp140.dll
0x00007ffd81ce0000 - 0x00007ffd82976000 	D:\and\jbr\bin\server\jvm.dll
0x00007ffe6ff60000 - 0x00007ffe70014000 	C:\WINDOWS\System32\ADVAPI32.dll
0x00007ffe70a90000 - 0x00007ffe70b36000 	C:\WINDOWS\System32\sechost.dll
0x00007ffe71760000 - 0x00007ffe71878000 	C:\WINDOWS\System32\RPCRT4.dll
0x00007ffe716e0000 - 0x00007ffe71754000 	C:\WINDOWS\System32\WS2_32.dll
0x00007ffe6f0c0000 - 0x00007ffe6f11e000 	C:\WINDOWS\SYSTEM32\POWRPROF.dll
0x00007ffe616e0000 - 0x00007ffe616eb000 	C:\WINDOWS\SYSTEM32\VERSION.dll
0x00007ffe646b0000 - 0x00007ffe646e5000 	C:\WINDOWS\SYSTEM32\WINMM.dll
0x00007ffe6f0a0000 - 0x00007ffe6f0b4000 	C:\WINDOWS\SYSTEM32\UMPDC.dll
0x00007ffe6e0c0000 - 0x00007ffe6e0db000 	C:\WINDOWS\SYSTEM32\kernel.appcore.dll
0x00007ffe5ff30000 - 0x00007ffe5ff3a000 	D:\and\jbr\bin\jimage.dll
0x00007ffe63970000 - 0x00007ffe63bb2000 	C:\WINDOWS\SYSTEM32\DBGHELP.DLL
0x00007ffe70f70000 - 0x00007ffe712f6000 	C:\WINDOWS\System32\combase.dll
0x00007ffe714d0000 - 0x00007ffe715a6000 	C:\WINDOWS\System32\OLEAUT32.dll
0x00007ffe5ffa0000 - 0x00007ffe5ffdc000 	C:\WINDOWS\SYSTEM32\dbgcore.DLL
0x00007ffe6f440000 - 0x00007ffe6f4e5000 	C:\WINDOWS\System32\bcryptPrimitives.dll
0x00007ffe5ff90000 - 0x00007ffe5ff9e000 	D:\and\jbr\bin\instrument.dll
0x00007ffe5fa30000 - 0x00007ffe5fa50000 	D:\and\jbr\bin\java.dll
0x00007ffe5a510000 - 0x00007ffe5a528000 	D:\and\jbr\bin\zip.dll
0x00007ffe70190000 - 0x00007ffe708e3000 	C:\WINDOWS\System32\SHELL32.dll
0x00007ffe6f5a0000 - 0x00007ffe6f70a000 	C:\WINDOWS\System32\wintypes.dll
0x00007ffe6cf30000 - 0x00007ffe6d78e000 	C:\WINDOWS\SYSTEM32\windows.storage.dll
0x00007ffe70990000 - 0x00007ffe70a84000 	C:\WINDOWS\System32\SHCORE.dll
0x00007ffe71880000 - 0x00007ffe718e6000 	C:\WINDOWS\System32\shlwapi.dll
0x00007ffe6f230000 - 0x00007ffe6f259000 	C:\WINDOWS\SYSTEM32\profapi.dll
0x00007ffe5fc60000 - 0x00007ffe5fc70000 	D:\and\jbr\bin\net.dll
0x00007ffe64730000 - 0x00007ffe64858000 	C:\WINDOWS\SYSTEM32\WINHTTP.dll
0x00007ffe6e630000 - 0x00007ffe6e69b000 	C:\WINDOWS\system32\mswsock.dll
0x00007ffe46a30000 - 0x00007ffe46a46000 	D:\and\jbr\bin\nio.dll
0x00007ffe5fbc0000 - 0x00007ffe5fbd0000 	D:\and\jbr\bin\verify.dll
0x00007ffe35e90000 - 0x00007ffe35eb7000 	C:\Users\User\.gradle\native\660c5614fbf4a5f2a75b1949f50a0caf5cd603558e7d8a26e50b933a0cfb79d1\windows-amd64\native-platform.dll
0x00007ffe128e0000 - 0x00007ffe12957000 	C:\Users\User\.gradle\native\0.2.8\x86_64-windows-gnu\gradle-fileevents.dll
0x00007ffe5fa90000 - 0x00007ffe5fa99000 	D:\and\jbr\bin\management.dll
0x00007ffe5fa20000 - 0x00007ffe5fa2b000 	D:\and\jbr\bin\management_ext.dll
0x00007ffe71ae0000 - 0x00007ffe71ae8000 	C:\WINDOWS\System32\PSAPI.DLL
0x00007ffe6db20000 - 0x00007ffe6db54000 	C:\WINDOWS\SYSTEM32\IPHLPAPI.DLL
0x00007ffe72170000 - 0x00007ffe7217a000 	C:\WINDOWS\System32\NSI.dll
0x00007ffe5fbb0000 - 0x00007ffe5fbb9000 	D:\and\jbr\bin\extnet.dll
0x00007ffe6e8f0000 - 0x00007ffe6e90b000 	C:\WINDOWS\SYSTEM32\CRYPTSP.dll
0x00007ffe6e020000 - 0x00007ffe6e05a000 	C:\WINDOWS\system32\rsaenh.dll
0x00007ffe6e6e0000 - 0x00007ffe6e70b000 	C:\WINDOWS\SYSTEM32\USERENV.dll
0x00007ffe6f200000 - 0x00007ffe6f22a000 	C:\WINDOWS\SYSTEM32\bcrypt.dll
0x00007ffe6e910000 - 0x00007ffe6e91c000 	C:\WINDOWS\SYSTEM32\CRYPTBASE.dll
0x00007ffe5fb80000 - 0x00007ffe5fb88000 	C:\WINDOWS\system32\wshunix.dll
0x00007ffe6dbc0000 - 0x00007ffe6dcec000 	C:\WINDOWS\SYSTEM32\DNSAPI.dll
0x00007ffe62d00000 - 0x00007ffe62d0b000 	C:\Windows\System32\rasadhlp.dll
0x00007ffe69370000 - 0x00007ffe693f6000 	C:\WINDOWS\System32\fwpuclnt.dll

JVMTI agents:
C:\Users\User\.gradle\wrapper\dists\gradle-9.2.1-bin\2t0n5ozlw9xmuyvbp7dnzaxug\gradle-9.2.1\lib\agents\gradle-instrumentation-agent-9.2.1.jar path:D:\and\jbr\bin\instrument.dll, loaded, initialized, instrumentlib options:none

dbghelp: loaded successfully - version: 4.0.5 - missing functions: none
symbol engine: initialized successfully - sym options: 0x614 - pdb path: .;D:\and\jbr\bin;C:\WINDOWS\SYSTEM32;C:\WINDOWS\WinSxS\amd64_microsoft.windows.common-controls_6595b64144ccf1df_6.0.26100.7309_none_3e05feeae336a044;D:\and\jbr\bin\server;C:\Users\User\.gradle\native\660c5614fbf4a5f2a75b1949f50a0caf5cd603558e7d8a26e50b933a0cfb79d1\windows-amd64;C:\Users\User\.gradle\native\0.2.8\x86_64-windows-gnu

VM Arguments:
jvm_args: --add-opens=java.base/java.lang=ALL-UNNAMED --add-opens=java.base/java.lang.invoke=ALL-UNNAMED --add-opens=java.base/java.util=ALL-UNNAMED --add-opens=java.prefs/java.util.prefs=ALL-UNNAMED --add-exports=jdk.compiler/com.sun.tools.javac.api=ALL-UNNAMED --add-exports=jdk.compiler/com.sun.tools.javac.util=ALL-UNNAMED --add-opens=java.base/java.util=ALL-UNNAMED --add-opens=java.prefs/java.util.prefs=ALL-UNNAMED --add-opens=java.base/java.nio.charset=ALL-UNNAMED --add-opens=java.base/java.net=ALL-UNNAMED --add-opens=java.base/java.util.concurrent=ALL-UNNAMED --add-opens=java.base/java.util.concurrent.atomic=ALL-UNNAMED --add-opens=java.xml/javax.xml.namespace=ALL-UNNAMED --add-opens=java.base/java.time=ALL-UNNAMED -Xmx2048m -Dfile.encoding=UTF-8 -Duser.country=US -Duser.language=en -Duser.variant -javaagent:C:\Users\User\.gradle\wrapper\dists\gradle-9.2.1-bin\2t0n5ozlw9xmuyvbp7dnzaxug\gradle-9.2.1\lib\agents\gradle-instrumentation-agent-9.2.1.jar 
java_command: org.gradle.launcher.daemon.bootstrap.GradleDaemon 9.2.1
java_class_path (initial): C:\Users\User\.gradle\wrapper\dists\gradle-9.2.1-bin\2t0n5ozlw9xmuyvbp7dnzaxug\gradle-9.2.1\lib\gradle-daemon-main-9.2.1.jar
Launcher Type: SUN_STANDARD

[Global flags]
     intx CICompilerCount                          = 4                                         {product} {ergonomic}
     uint ConcGCThreads                            = 2                                         {product} {ergonomic}
     uint G1ConcRefinementThreads                  = 8                                         {product} {ergonomic}
   size_t G1HeapRegionSize                         = 1048576                                   {product} {ergonomic}
    uintx GCDrainStackTargetSize                   = 64                                        {product} {ergonomic}
   size_t InitialHeapSize                          = 123731968                                 {product} {ergonomic}
   size_t MarkStackSize                            = 4194304                                   {product} {ergonomic}
   size_t MaxHeapSize                              = 2147483648                                {product} {command line}
   size_t MaxNewSize                               = 1287651328                                {product} {ergonomic}
   size_t MinHeapDeltaBytes                        = 1048576                                   {product} {ergonomic}
   size_t MinHeapSize                              = 8388608                                   {product} {ergonomic}
    uintx NonNMethodCodeHeapSize                   = 5839372                                {pd product} {ergonomic}
    uintx NonProfiledCodeHeapSize                  = 122909434                              {pd product} {ergonomic}
    uintx ProfiledCodeHeapSize                     = 122909434                              {pd product} {ergonomic}
    uintx ReservedCodeCacheSize                    = 251658240                              {pd product} {ergonomic}
     bool SegmentedCodeCache                       = true                                      {product} {ergonomic}
   size_t SoftMaxHeapSize                          = 2147483648                             {manageable} {ergonomic}
     bool UseCompressedOops                        = true                           {product lp64_product} {ergonomic}
     bool UseG1GC                                  = true                                      {product} {ergonomic}
     bool UseLargePagesIndividualAllocation        = false                                  {pd product} {ergonomic}

Logging:
Log output configuration:
 #0: stdout all=warning uptime,level,tags foldmultilines=false
 #1: stderr all=off uptime,level,tags foldmultilines=false

Release file:
JAVA_VERSION="21.0.9" 
MODULES="java.base java.compiler java.datatransfer java.xml java.prefs java.desktop java.instrument java.logging java.management java.security.sasl java.naming java.rmi java.management.rmi java.net.http java.scripting java.security.jgss java.transaction.xa java.sql java.sql.rowset java.xml.crypto java.se java.smartcardio jdk.accessibility jdk.internal.jvmstat jdk.attach jdk.charsets jdk.internal.opt jdk.zipfs jdk.compiler jdk.crypto.ec jdk.crypto.cryptoki jdk.dynalink jdk.hotspot.agent jdk.httpserver jdk.internal.ed jdk.internal.le jdk.internal.vm.ci jdk.jartool jdk.javadoc jdk.jcmd jdk.jdeps jdk.jdwp.agent jdk.jdi jdk.jfr jdk.jlink jdk.jsobject jdk.localedata jdk.management jdk.management.agent jdk.management.jfr jdk.naming.dns jdk.naming.rmi jdk.net jdk.sctp jdk.security.auth jdk.security.jgss jdk.unsupported jdk.unsupported.desktop jdk.xml.dom" 
IMPLEMENTOR="JetBrains s.r.o." 
JAVA_RUNTIME_VERSION="21.0.9+-14649483-b1163.86" 
LIBC="default" 
OS_ARCH="x86_64" 
OS_NAME="Windows" 
SOURCE=".:git:554d0c326095" 

Environment Variables:
JAVA_HOME=C:\jdk-24.0.2
PATH=C:\Program Files\Common Files\Oracle\Java\javapath;C:\Program Files (x86)\Common Files\Oracle\Java\java8path;C:\Program Files (x86)\Common Files\Oracle\Java\javapath;C:\WINDOWS\system32;C:\WINDOWS;C:\WINDOWS\System32\Wbem;C:\WINDOWS\System32\WindowsPowerShell\v1.0\;C:\WINDOWS\System32\OpenSSH\;C:\Program Files\Git\cmd;C:\MinGW\bin;C:\jdk-24.0.2\bin;C:\jdk-24.0.2\bin;c:\Program Files\Java\jdk-24\bin;C:\Program Files (x86)\Microsoft SQL Server\160\Tools\Binn\;C:\Program Files\Microsoft SQL Server\160\Tools\Binn\;C:\Program Files\Microsoft SQL Server\Client SDK\ODBC\170\Tools\Binn\;C:\Program Files\Microsoft SQL Server\160\DTS\Binn\;C:\Program Files (x86)\Microsoft SQL Server\160\DTS\Binn\;C:\Users\User\AppData\Local\Programs\Python\Python313\Scripts\;C:\Users\User\AppData\Local\Programs\Python\Python313\;C:\Users\User\AppData\Local\Microsoft\WindowsApps;C:\MinGW\bin;C:\Users\User\AppData\Local\Programs\Microsoft VS Code\bin;C:\Program Files\JetBrains\IntelliJ IDEA 2025.2.1\bin;C:\Program Files\SDCC\bin;D:\laragon\bin\php\php-8.1.10-Win32-vs16-x64;
USERNAME=User
OS=Windows_NT
PROCESSOR_IDENTIFIER=AMD64 Family 23 Model 160 Stepping 0, AuthenticAMD
TMP=C:\Users\User\AppData\Local\Temp
TEMP=C:\Users\User\AppData\Local\Temp




Periodic native trim disabled

JNI global refs:
JNI global refs: 28, weak refs: 0

JNI global refs memory usage: 835, weak refs: 833

Process memory usage:
Resident Set Size: 627972K (8% of 7634556K total physical memory with 438764K free physical memory)

OOME stack traces (most recent first):
Classloader memory used:
Loader org.gradle.internal.classloader.VisitableURLClassLoader                         : 47884K
Loader org.gradle.internal.classloader.VisitableURLClassLoader$InstrumentingVisitableURLClassLoader: 33689K
Loader bootstrap                                                                       : 33252K
Loader org.gradle.initialization.MixInLegacyTypesClassLoader                           : 13391K
Loader java.net.URLClassLoader                                                         : 5425K
Loader jdk.internal.reflect.DelegatingClassLoader                                      : 449K
Loader jdk.internal.loader.ClassLoaders$PlatformClassLoader                            : 436K
Loader jdk.internal.loader.ClassLoaders$AppClassLoader                                 : 233K
Loader org.gradle.internal.classloader.VisitableURLClassLoader                         : 217K
Loader org.gradle.groovy.scripts.internal.DefaultScriptCompilationHandler$ScriptClassLoader: 127K

Classes loaded by more than one classloader:
Class Program                                                                         : loaded 5 times (x 72B)
Class Build_gradle                                                                    : loaded 3 times (x 126B)
Class com.google.common.base.PairwiseEquivalence                                      : loaded 2 times (x 83B)
Class com.google.common.base.Equivalence$Identity                                     : loaded 2 times (x 82B)
Class com.google.common.collect.RegularImmutableMap$KeySet                            : loaded 2 times (x 152B)
Class org.gradle.internal.classloader.FilteringClassLoader                            : loaded 2 times (x 105B)
Class kotlin.jvm.internal.CollectionToArray                                           : loaded 2 times (x 71B)
Class kotlin.io.FilesKt__FileTreeWalkKt                                               : loaded 2 times (x 71B)
Class kotlin.sequences.FilteringSequence$iterator$1                                   : loaded 2 times (x 79B)
Class kotlin.sequences.SequencesKt__SequenceBuilderKt                                 : loaded 2 times (x 71B)
Class kotlin.collections.CollectionsKt__ReversedViewsKt                               : loaded 2 times (x 71B)
Class com.google.common.base.CharMatcher$IsEither                                     : loaded 2 times (x 111B)
Class org.gradle.internal.classloader.ClassLoaderHierarchy                            : loaded 2 times (x 70B)
Class com.google.common.collect.ImmutableEnumSet                                      : loaded 2 times (x 146B)
Class com.google.common.util.concurrent.ExecutionError                                : loaded 2 times (x 82B)
Class com.google.common.collect.ImmutableList$1                                       : loaded 2 times (x 97B)
Class org.gradle.api.internal.classpath.ManifestUtil                                  : loaded 2 times (x 71B)
Class com.google.common.collect.RegularImmutableMap                                   : loaded 2 times (x 121B)
Class com.google.common.collect.ImmutableMap$MapViewOfValuesAsSingletonSets           : loaded 2 times (x 126B)
Class [Lorg.objectweb.asm.Symbol;                                                     : loaded 2 times (x 69B)
Class org.objectweb.asm.ClassVisitor                                                  : loaded 2 times (x 88B)
Class com.google.common.collect.UnmodifiableListIterator                              : loaded 2 times (x 95B)
Class com.google.common.base.Platform$JdkPatternCompiler                              : loaded 2 times (x 75B)
Class org.objectweb.asm.MethodTooLargeException                                       : loaded 2 times (x 83B)
Class [Lcom.google.common.cache.CacheBuilder$OneWeigher;                              : loaded 2 times (x 69B)
Class com.google.common.base.Suppliers                                                : loaded 2 times (x 71B)
Class org.gradle.internal.classloader.DefaultClassLoaderFactory                       : loaded 2 times (x 82B)
Class kotlin.sequences.SequencesKt___SequencesKt                                      : loaded 2 times (x 71B)
Class kotlin.collections.AbstractList$Companion                                       : loaded 2 times (x 71B)
Class [Lcom.google.common.collect.AbstractIterator$State;                             : loaded 2 times (x 69B)
Class com.google.common.base.CharMatcher$None                                         : loaded 2 times (x 112B)
Class org.gradle.internal.classloader.ClassLoaderVisitor                              : loaded 2 times (x 76B)
Class [Lcom.google.common.collect.ImmutableMapEntry;                                  : loaded 2 times (x 69B)
Class org.gradle.api.internal.classpath.EffectiveClassPath                            : loaded 2 times (x 90B)
Class kotlin.text.StringsKt__AppendableKt                                             : loaded 2 times (x 71B)
Class com.google.common.collect.ListMultimap                                          : loaded 2 times (x 70B)
Class com.google.common.collect.ImmutableEnumMap                                      : loaded 2 times (x 126B)
Class [Lkotlin.reflect.KCallable;                                                     : loaded 2 times (x 69B)
Class com.google.common.collect.ImmutableSet$SerializedForm                           : loaded 2 times (x 73B)
Class com.google.common.collect.Iterators$EmptyModifiableIterator                     : loaded 2 times (x 86B)
Class com.google.common.base.Splitter                                                 : loaded 2 times (x 72B)
Class com.google.common.collect.Sets$1                                                : loaded 2 times (x 139B)
Class org.objectweb.asm.AnnotationVisitor                                             : loaded 2 times (x 78B)
Class org.gradle.api.internal.DefaultClassPathProvider                                : loaded 2 times (x 76B)
Class kotlin.sequences.Sequence                                                       : loaded 2 times (x 70B)
Class kotlin.text.StringsKt__StringNumberConversionsJVMKt                             : loaded 2 times (x 71B)
Class com.google.common.collect.Maps$ViewCachingAbstractMap                           : loaded 2 times (x 125B)
Class com.google.common.collect.Sets$2                                                : loaded 2 times (x 139B)
Class [Lorg.gradle.api.internal.ClassPathProvider;                                    : loaded 2 times (x 69B)
Class org.gradle.api.internal.ClassPathProvider                                       : loaded 2 times (x 70B)
Class [Lorg.objectweb.asm.AnnotationVisitor;                                          : loaded 2 times (x 69B)
Class com.google.common.collect.Sets$3                                                : loaded 2 times (x 139B)
Class com.google.common.cache.LocalCache$LocalLoadingCache                            : loaded 2 times (x 134B)
Class org.gradle.internal.service.UnknownServiceException                             : loaded 2 times (x 83B)
Class com.google.common.collect.Sets$4                                                : loaded 2 times (x 139B)
Class org.objectweb.asm.ModuleVisitor                                                 : loaded 2 times (x 81B)
Class com.google.common.cache.LocalCache$Strength$1                                   : loaded 2 times (x 81B)
Class com.google.common.util.concurrent.SettableFuture                                : loaded 2 times (x 114B)
Class com.google.common.cache.LocalCache$Strength$2                                   : loaded 2 times (x 81B)
Class kotlin.collections.ArraysKt___ArraysJvmKt                                       : loaded 2 times (x 71B)
Class kotlin.collections.CollectionsKt__CollectionsKt                                 : loaded 2 times (x 71B)
Class kotlin.text.StringsKt__RegexExtensionsJVMKt                                     : loaded 2 times (x 71B)
Class com.google.common.base.Splitter$1                                               : loaded 2 times (x 77B)
Class com.google.common.cache.LocalCache$Strength$3                                   : loaded 2 times (x 81B)
Class com.google.common.collect.MapDifference                                         : loaded 2 times (x 70B)
Class kotlin._Assertions                                                              : loaded 2 times (x 71B)
Class org.objectweb.asm.FieldWriter                                                   : loaded 2 times (x 78B)
Class com.google.common.cache.CacheBuilder$NullListener                               : loaded 2 times (x 82B)
Class org.gradle.internal.classpath.TransformedClassPath                              : loaded 2 times (x 96B)
Class org.gradle.internal.classloader.InstrumentingClassLoader                        : loaded 2 times (x 70B)
Class kotlin.jvm.internal.FunctionReference                                           : loaded 2 times (x 122B)
Class kotlin.jvm.internal.FunctionBase                                                : loaded 2 times (x 70B)
Class kotlin.enums.EnumEntriesList                                                    : loaded 2 times (x 223B)
Class com.google.common.cache.CacheLoader$FunctionToCacheLoader                       : loaded 2 times (x 75B)
Class com.google.common.collect.Iterators$ArrayItr                                    : loaded 2 times (x 97B)
Class com.google.common.collect.ImmutableCollection$Builder                           : loaded 2 times (x 76B)
Class kotlin.comparisons.ComparisonsKt___ComparisonsJvmKt                             : loaded 2 times (x 71B)
Class kotlin.collections.CollectionsKt__IteratorsJVMKt                                : loaded 2 times (x 71B)
Class com.google.common.base.Joiner                                                   : loaded 2 times (x 79B)
Class com.google.common.base.MoreObjects                                              : loaded 2 times (x 71B)
Class kotlin.text.StringsKt__StringsKt                                                : loaded 2 times (x 71B)
Class org.jetbrains.kotlin.build.report.metrics.GradleBuildTime                       : loaded 2 times (x 86B)
Class [Lorg.objectweb.asm.Attribute;                                                  : loaded 2 times (x 69B)
Class com.google.common.collect.Platform                                              : loaded 2 times (x 71B)
Class [Lorg.objectweb.asm.Type;                                                       : loaded 2 times (x 69B)
Class com.google.common.collect.UnmodifiableIterator                                  : loaded 2 times (x 80B)
Class org.gradle.internal.service.ServiceLocator                                      : loaded 2 times (x 70B)
Class kotlin.Pair                                                                     : loaded 2 times (x 72B)
Class [Lkotlin.Function;                                                              : loaded 2 times (x 69B)
Class com.google.common.base.Ascii                                                    : loaded 2 times (x 71B)
Class com.google.common.collect.SingletonImmutableBiMap                               : loaded 2 times (x 143B)
Class com.google.common.cache.LocalCache$1                                            : loaded 2 times (x 89B)
Class com.google.common.collect.Iterators$SingletonIterator                           : loaded 2 times (x 81B)
Class com.google.common.collect.AbstractMapEntry                                      : loaded 2 times (x 81B)
Class kotlin.io.CloseableKt                                                           : loaded 2 times (x 71B)
Class kotlin.collections.CollectionsKt__MutableCollectionsKt                          : loaded 2 times (x 71B)
Class com.google.common.collect.Sets$ImprovedAbstractSet                              : loaded 2 times (x 135B)
Class com.google.common.collect.ImmutableList$Builder                                 : loaded 2 times (x 77B)
Class com.google.common.collect.AbstractMultimap                                      : loaded 2 times (x 123B)
Class com.google.common.cache.LocalCache$2                                            : loaded 2 times (x 142B)
Class kotlin.reflect.KCallable                                                        : loaded 2 times (x 70B)
Class kotlin.io.TerminateException                                                    : loaded 2 times (x 82B)
Class kotlin.io.FilesKt__FilePathComponentsKt                                         : loaded 2 times (x 71B)
Class com.google.common.collect.RegularImmutableAsList                                : loaded 2 times (x 217B)
Class com.google.common.util.concurrent.AbstractFuture$Trusted                        : loaded 2 times (x 70B)
Class com.google.common.collect.Iterators                                             : loaded 2 times (x 71B)
Class [Lorg.jetbrains.kotlin.build.report.metrics.BuildTime;                          : loaded 2 times (x 69B)
Class com.google.common.collect.Lists$StringAsImmutableList                           : loaded 2 times (x 207B)
Class com.google.common.util.concurrent.UncheckedExecutionException                   : loaded 2 times (x 82B)
Class org.gradle.kotlin.dsl.VersionCatalogAccessorsKt                                 : loaded 2 times (x 71B)
Class kotlin.collections.EmptyList                                                    : loaded 2 times (x 174B)
Class kotlin.collections.MapsKt__MapsJVMKt                                            : loaded 2 times (x 71B)
Class com.google.common.collect.AbstractMapBasedMultimap$KeySet$1                     : loaded 2 times (x 82B)
Class org.objectweb.asm.ClassWriter                                                   : loaded 2 times (x 106B)
Class com.google.common.base.CharMatcher$And                                          : loaded 2 times (x 112B)
Class com.google.common.cache.CacheLoader$UnsupportedLoadingOperationException        : loaded 2 times (x 82B)
Class org.gradle.internal.classloader.ClasspathUtil$1                                 : loaded 2 times (x 76B)
Class com.google.common.base.Objects                                                  : loaded 2 times (x 71B)
Class org.objectweb.asm.FieldVisitor                                                  : loaded 2 times (x 77B)
Class com.google.common.collect.IndexedImmutableSet                                   : loaded 2 times (x 152B)
Class com.google.common.collect.ImmutableMap$1                                        : loaded 2 times (x 81B)
Class com.google.common.collect.BiMap                                                 : loaded 2 times (x 70B)
Class org.gradle.api.internal.classpath.DefaultModuleRegistry$DefaultModule           : loaded 2 times (x 86B)
Class com.google.common.primitives.Ints                                               : loaded 2 times (x 71B)
Class com.google.common.collect.AbstractIterator                                      : loaded 2 times (x 82B)
Class kotlin.collections.IndexingIterable                                             : loaded 2 times (x 79B)
Class kotlin.collections.ArraysKt__ArraysKt                                           : loaded 2 times (x 71B)
Class com.google.common.collect.ObjectArrays                                          : loaded 2 times (x 71B)
Class com.google.common.math.MathPreconditions                                        : loaded 2 times (x 71B)
Class com.google.common.collect.Multiset                                              : loaded 2 times (x 70B)
Class com.google.common.collect.ArrayListMultimapGwtSerializationDependencies         : loaded 2 times (x 172B)
Class com.google.common.collect.AbstractIndexedListIterator                           : loaded 2 times (x 96B)
Class kotlin.collections.SetsKt__SetsJVMKt                                            : loaded 2 times (x 71B)
Class kotlin.Function                                                                 : loaded 2 times (x 70B)
Class com.google.common.collect.ImmutableMapEntrySet                                  : loaded 2 times (x 152B)
Class org.gradle.api.internal.classpath.Module                                        : loaded 2 times (x 70B)
Class kotlin.internal.ProgressionUtilKt                                               : loaded 2 times (x 71B)
Class kotlin.io.FileAlreadyExistsException                                            : loaded 2 times (x 82B)
Class com.google.common.cache.Weigher                                                 : loaded 2 times (x 70B)
Class org.gradle.api.internal.classpath.UnknownModuleException                        : loaded 2 times (x 82B)
Class com.google.common.base.Stopwatch                                                : loaded 2 times (x 72B)
Class com.google.common.cache.LocalCache$Strength                                     : loaded 2 times (x 81B)
Class com.google.common.cache.Cache                                                   : loaded 2 times (x 70B)
Class kotlin.collections.IndexingIterator                                             : loaded 2 times (x 79B)
Class org.jetbrains.kotlin.build.report.metrics.BuildMetricsReporter                  : loaded 2 times (x 70B)
Class com.google.common.util.concurrent.AbstractFuture$Cancellation                   : loaded 2 times (x 72B)
Class com.google.common.collect.ImmutableMap$Builder                                  : loaded 2 times (x 82B)
Class [Lkotlin.reflect.KAnnotatedElement;                                             : loaded 2 times (x 69B)
Class com.google.common.cache.RemovalListener                                         : loaded 2 times (x 70B)
Class org.gradle.api.internal.DefaultClassPathRegistry                                : loaded 2 times (x 76B)
Class com.google.common.primitives.IntsMethodsForWeb                                  : loaded 2 times (x 71B)
Class com.google.common.collect.Multimap                                              : loaded 2 times (x 70B)
Class org.gradle.api.internal.ClassPathRegistry                                       : loaded 2 times (x 70B)
Class org.gradle.internal.classpath.DefaultClassPath$ImmutableUniqueList              : loaded 2 times (x 199B)
Class kotlin.text.StringsKt__StringsJVMKt                                             : loaded 2 times (x 71B)
Class com.google.common.collect.NullnessCasts                                         : loaded 2 times (x 71B)
Class com.google.common.base.ExtraObjectsMethodsForWeb                                : loaded 2 times (x 71B)
Class kotlin.collections.SetsKt                                                       : loaded 2 times (x 71B)
Class kotlin.text.StringsKt__IndentKt                                                 : loaded 2 times (x 71B)
Class [Lorg.jetbrains.kotlin.com.intellij.openapi.diagnostic.LogLevel;                : loaded 2 times (x 69B)
Class com.google.common.cache.CacheBuilder                                            : loaded 2 times (x 72B)
Class com.google.common.collect.SingletonImmutableList                                : loaded 2 times (x 207B)
Class Settings_gradle$1                                                               : loaded 2 times (x 74B)
Class org.gradle.internal.classpath.ClassPath                                         : loaded 2 times (x 70B)
Class kotlin.reflect.KFunction                                                        : loaded 2 times (x 70B)
Class kotlin.sequences.SequencesKt__SequencesKt$asSequence$$inlined$Sequence$1        : loaded 2 times (x 75B)
Class com.google.common.base.JdkPattern                                               : loaded 2 times (x 75B)
Class com.google.common.collect.ImmutableList$ReverseImmutableList                    : loaded 2 times (x 209B)
Class org.jetbrains.kotlin.com.intellij.openapi.diagnostic.Logger                     : loaded 2 times (x 99B)
Class kotlin.collections.MapsKt__MapsKt                                               : loaded 2 times (x 71B)
Class org.objectweb.asm.SymbolTable$Entry                                             : loaded 2 times (x 74B)
Class org.objectweb.asm.Edge                                                          : loaded 2 times (x 72B)
Class com.google.common.base.Suppliers$SupplierOfInstance                             : loaded 2 times (x 79B)
Class com.google.common.collect.Iterators$1                                           : loaded 2 times (x 81B)
Class kotlin.UninitializedPropertyAccessException                                     : loaded 2 times (x 82B)
Class com.google.common.cache.LocalCache$ComputingValueReference                      : loaded 2 times (x 96B)
Class com.google.common.collect.SingletonImmutableSet                                 : loaded 2 times (x 146B)
Class com.google.common.collect.ImmutableMap$IteratorBasedImmutableMap                : loaded 2 times (x 126B)
Class com.google.common.cache.LocalCache$Segment                                      : loaded 2 times (x 154B)
Class ijKotlinCoroutineJvmDebugInit1_dofq3drr9aihm4earzh7ldbbw                        : loaded 2 times (x 171B)
Class com.google.common.collect.AbstractListMultimap                                  : loaded 2 times (x 172B)
Class [Lorg.objectweb.asm.SymbolTable$Entry;                                          : loaded 2 times (x 69B)
Class com.google.common.cache.CacheLoader                                             : loaded 2 times (x 74B)
Class com.google.common.collect.Iterators$4                                           : loaded 2 times (x 82B)
Class com.google.common.collect.ImmutableBiMap                                        : loaded 2 times (x 143B)
Class org.gradle.api.internal.classpath.ModuleRegistry                                : loaded 2 times (x 70B)
Class org.gradle.internal.installation.GradleInstallation$1                           : loaded 2 times (x 75B)
Class com.google.common.base.Splitter$SplittingIterator                               : loaded 2 times (x 84B)
Class com.google.common.collect.ImmutableSet$JdkBackedSetBuilderImpl                  : loaded 2 times (x 76B)
Class com.google.common.util.concurrent.internal.InternalFutureFailureAccess          : loaded 2 times (x 72B)
Class com.google.common.collect.Iterators$5                                           : loaded 2 times (x 82B)
Class com.google.common.base.CharMatcher$ForPredicate                                 : loaded 2 times (x 112B)
Class com.google.common.cache.LocalCache$LocalManualCache$1                           : loaded 2 times (x 75B)
Class kotlin.io.FilesKt__UtilsKt                                                      : loaded 2 times (x 71B)
Class kotlin.collections.CollectionsKt__CollectionsJVMKt                              : loaded 2 times (x 71B)
Class com.google.common.base.CharMatcher$AnyOf                                        : loaded 2 times (x 112B)
Class com.google.common.collect.ImmutableCollection                                   : loaded 2 times (x 125B)
Class org.gradle.api.internal.classpath.DefaultModuleRegistry                         : loaded 2 times (x 86B)
Class kotlin.collections.IndexedValue                                                 : loaded 2 times (x 72B)
Class kotlin.sequences.SequencesKt                                                    : loaded 2 times (x 71B)
Class kotlin.collections.CollectionsKt__IteratorsKt                                   : loaded 2 times (x 71B)
Class org.jetbrains.kotlin.build.report.metrics.GradleBuildTime$Companion             : loaded 2 times (x 71B)
Class com.google.common.collect.Lists                                                 : loaded 2 times (x 71B)
Class com.google.common.util.concurrent.ListenableFuture                              : loaded 2 times (x 70B)
Class com.google.common.cache.ReferenceEntry                                          : loaded 2 times (x 70B)
Class com.google.common.base.Converter                                                : loaded 2 times (x 90B)
Class com.google.common.collect.ImmutableSet$CachingAsList                            : loaded 2 times (x 148B)
Class org.jetbrains.kotlin.com.intellij.openapi.diagnostic.Logger$DefaultFactory      : loaded 2 times (x 74B)
Class kotlin.text.StringsKt                                                           : loaded 2 times (x 71B)
Class com.google.common.collect.AbstractMapBasedMultimap                              : loaded 2 times (x 139B)
Class com.google.common.util.concurrent.AbstractFuture                                : loaded 2 times (x 106B)
Class com.google.common.base.FunctionalEquivalence                                    : loaded 2 times (x 83B)
Class com.google.common.collect.Iterators$9                                           : loaded 2 times (x 81B)
Class com.google.common.collect.ImmutableAsList                                       : loaded 2 times (x 209B)
Class kotlin.LazyKt__LazyJVMKt                                                        : loaded 2 times (x 71B)
Class org.objectweb.asm.RecordComponentVisitor                                        : loaded 2 times (x 77B)
Class com.google.common.cache.CacheLoader$SupplierToCacheLoader                       : loaded 2 times (x 75B)
Class kotlin.io.FilesKt__FileReadWriteKt                                              : loaded 2 times (x 71B)
Class kotlin.text.StringsKt__StringNumberConversionsKt                                : loaded 2 times (x 71B)
Class org.gradle.internal.service.ServiceLookupException                              : loaded 2 times (x 82B)
Class org.jetbrains.kotlin.com.intellij.openapi.diagnostic.LogLevel                   : loaded 2 times (x 79B)
Class [Lcom.google.common.cache.LocalCache$EntryFactory;                              : loaded 2 times (x 69B)
Class org.gradle.internal.classloader.ClassLoaderFactory                              : loaded 2 times (x 70B)
Class com.google.common.base.CommonPattern                                            : loaded 2 times (x 74B)
Class com.google.common.base.CharMatcher$IsNot                                        : loaded 2 times (x 111B)
Class com.google.common.cache.LocalCache$LocalManualCache                             : loaded 2 times (x 99B)
Class org.gradle.internal.service.CachingServiceLocator                               : loaded 2 times (x 82B)
Class kotlin.jvm.internal.CallableReference                                           : loaded 2 times (x 106B)
Class com.google.common.collect.AbstractMapBasedMultimap$KeySet                       : loaded 2 times (x 137B)
Class com.google.common.math.IntMath                                                  : loaded 2 times (x 71B)
Class org.jetbrains.kotlin.build.report.metrics.BuildTime                             : loaded 2 times (x 70B)
Class com.google.common.collect.ImmutableMapEntry                                     : loaded 2 times (x 85B)
Class kotlin.enums.EnumEntries                                                        : loaded 2 times (x 70B)
Class org.jetbrains.kotlin.build.report.metrics.DoNothingBuildMetricsReporter         : loaded 2 times (x 86B)
Class com.google.common.base.Equivalence                                              : loaded 2 times (x 82B)
Class com.google.common.base.Function                                                 : loaded 2 times (x 70B)
Class com.google.common.collect.ImmutableMapEntry$NonTerminalImmutableMapEntry        : loaded 2 times (x 85B)
Class com.google.common.collect.IndexedImmutableSet$1                                 : loaded 2 times (x 213B)
Class com.google.common.cache.CacheBuilder$OneWeigher                                 : loaded 2 times (x 82B)
Class com.google.common.collect.RegularImmutableList                                  : loaded 2 times (x 213B)
Class org.jetbrains.kotlin.com.intellij.openapi.diagnostic.Logger$Factory             : loaded 2 times (x 70B)
Class org.gradle.internal.classloader.ClasspathUtil                                   : loaded 2 times (x 71B)
Class kotlin.io.FileSystemException                                                   : loaded 2 times (x 82B)
Class com.google.common.util.concurrent.Uninterruptibles                              : loaded 2 times (x 71B)
Class kotlin.jvm.internal.DefaultConstructorMarker                                    : loaded 2 times (x 71B)
Class com.google.common.util.concurrent.LazyLogger                                    : loaded 2 times (x 72B)
Class com.google.common.collect.Maps                                                  : loaded 2 times (x 71B)
Class org.gradle.api.specs.Spec                                                       : loaded 2 times (x 70B)
Class [Lcom.google.common.collect.ImmutableEntry;                                     : loaded 2 times (x 69B)
Class com.google.common.cache.LocalCache$LoadingValueReference                        : loaded 2 times (x 96B)
Class kotlin.collections.EmptyIterator                                                : loaded 2 times (x 89B)
Class kotlin.SynchronizedLazyImpl                                                     : loaded 2 times (x 76B)
Class kotlin.text.StringsKt__RegexExtensionsKt                                        : loaded 2 times (x 71B)
Class com.google.common.base.Platform                                                 : loaded 2 times (x 71B)
Class kotlin.sequences.SequencesKt__SequencesJVMKt                                    : loaded 2 times (x 71B)
Class kotlin.collections.AbstractList                                                 : loaded 2 times (x 197B)
Class kotlin.collections.AbstractCollection                                           : loaded 2 times (x 117B)
Class [Lorg.objectweb.asm.AnnotationWriter;                                           : loaded 2 times (x 69B)
Class com.google.common.collect.Maps$8                                                : loaded 2 times (x 82B)
Class kotlin.collections.ArrayAsCollection                                            : loaded 2 times (x 105B)
Class kotlin.LazyKt__LazyKt                                                           : loaded 2 times (x 71B)
Class kotlin.text.StringsKt__StringBuilderJVMKt                                       : loaded 2 times (x 71B)
Class [Lcom.google.common.collect.Iterators$EmptyModifiableIterator;                  : loaded 2 times (x 69B)
Class com.google.common.collect.Sets$SetView                                          : loaded 2 times (x 138B)
Class com.google.common.cache.LocalCache$StrongValueReference                         : loaded 2 times (x 90B)
Class kotlin.UNINITIALIZED_VALUE                                                      : loaded 2 times (x 71B)
Class org.objectweb.asm.Type                                                          : loaded 2 times (x 72B)
Class org.gradle.internal.classloader.VisitableURLClassLoader$InstrumentingVisitableURLClassLoader: loaded 2 times (x 123B)
Class kotlin.comparisons.ComparisonsKt__ComparisonsKt                                 : loaded 2 times (x 71B)
Class kotlin.ranges.RangesKt__RangesKt                                                : loaded 2 times (x 71B)
Class kotlin.collections.SetsKt___SetsKt                                              : loaded 2 times (x 71B)
Class kotlin.sequences.SequencesKt__SequencesKt                                       : loaded 2 times (x 71B)
Class com.google.common.math.IntMath$1                                                : loaded 2 times (x 71B)
Class org.objectweb.asm.ByteVector                                                    : loaded 2 times (x 79B)
Class [Lcom.google.common.cache.CacheBuilder$NullListener;                            : loaded 2 times (x 69B)
Class org.gradle.internal.classloader.VisitableURLClassLoader$Spec                    : loaded 2 times (x 74B)
Class org.gradle.internal.classpath.DefaultClassPath                                  : loaded 2 times (x 90B)
Class kotlin.comparisons.ComparisonsKt                                                : loaded 2 times (x 71B)
Class kotlin.comparisons.ComparisonsKt___ComparisonsKt                                : loaded 2 times (x 71B)
Class kotlin.sequences.FilteringSequence                                              : loaded 2 times (x 75B)
Class [Lorg.jetbrains.kotlin.build.report.metrics.GradleBuildTime;                    : loaded 2 times (x 69B)
Class com.google.common.base.AbstractIterator                                         : loaded 2 times (x 80B)
Class org.objectweb.asm.Symbol                                                        : loaded 2 times (x 73B)
Class com.google.common.base.CharMatcher$BitSetMatcher                                : loaded 2 times (x 112B)
Class com.google.common.collect.ImmutableSet                                          : loaded 2 times (x 145B)
Class com.google.common.collect.RegularImmutableMap$Values                            : loaded 2 times (x 207B)
Class org.gradle.internal.classloader.ClassLoaderSpec                                 : loaded 2 times (x 71B)
Class kotlin.jvm.internal.FunctionReferenceImpl                                       : loaded 2 times (x 122B)
Class kotlin.collections.CollectionsKt___CollectionsJvmKt                             : loaded 2 times (x 71B)
Class org.objectweb.asm.AnnotationWriter                                              : loaded 2 times (x 79B)
Class com.google.common.cache.CacheStats                                              : loaded 2 times (x 71B)
Class kotlin.Unit                                                                     : loaded 2 times (x 71B)
Class kotlin.TuplesKt                                                                 : loaded 2 times (x 71B)
Class kotlin.sequences.SequencesKt___SequencesJvmKt                                   : loaded 2 times (x 71B)
Class org.objectweb.asm.RecordComponentWriter                                         : loaded 2 times (x 78B)
Class com.google.common.util.concurrent.AbstractFuture$Listener                       : loaded 2 times (x 72B)
Class com.google.common.base.CharMatcher$Or                                           : loaded 2 times (x 112B)
Class Settings_gradle$1$1                                                             : loaded 2 times (x 74B)
Class kotlin.ranges.RangesKt                                                          : loaded 2 times (x 71B)
Class [Lorg.objectweb.asm.Label;                                                      : loaded 2 times (x 69B)
Class org.objectweb.asm.Attribute                                                     : loaded 2 times (x 77B)
Class com.google.common.base.Supplier                                                 : loaded 2 times (x 70B)
Class ijKotlinCoroutineJvmDebugInit1_dofq3drr9aihm4earzh7ldbbw$_run_closure1          : loaded 2 times (x 139B)
Class org.gradle.internal.classloader.VisitableURLClassLoader                         : loaded 2 times (x 117B)
Class kotlin.collections.ArraysUtilJVM                                                : loaded 2 times (x 71B)
Class kotlin.jvm.functions.Function0                                                  : loaded 2 times (x 70B)
Class Settings_gradle                                                                 : loaded 2 times (x 124B)
Class org.gradle.internal.Cast                                                        : loaded 2 times (x 71B)
Class org.gradle.api.Action                                                           : loaded 2 times (x 70B)
Class kotlin.jvm.functions.Function1                                                  : loaded 2 times (x 70B)
Class com.google.common.base.Strings                                                  : loaded 2 times (x 71B)
Class com.google.common.collect.Sets                                                  : loaded 2 times (x 71B)
Class org.objectweb.asm.Handler                                                       : loaded 2 times (x 72B)
Class com.google.common.base.CharMatcher$FastMatcher                                  : loaded 2 times (x 111B)
Class com.google.common.base.Ticker                                                   : loaded 2 times (x 72B)
Class kotlin.jvm.functions.Function2                                                  : loaded 2 times (x 70B)
Class [Lcom.google.common.cache.LocalCache$Segment;                                   : loaded 2 times (x 69B)
Class com.google.common.base.Predicate                                                : loaded 2 times (x 70B)
Class [Lcom.google.common.cache.LocalCache$Strength;                                  : loaded 2 times (x 69B)
Class com.google.common.cache.CacheBuilder$1                                          : loaded 2 times (x 85B)
Class com.google.common.collect.ImmutableMap                                          : loaded 2 times (x 120B)
Class org.gradle.internal.classpath.DefaultClassPath$ImmutableUniqueList$Builder      : loaded 2 times (x 75B)
Class kotlin.jvm.functions.Function3                                                  : loaded 2 times (x 70B)
Class kotlin.collections.MapsKt___MapsJvmKt                                           : loaded 2 times (x 71B)
Class com.google.common.base.CharMatcher$NegatedFastMatcher                           : loaded 2 times (x 113B)
Class com.google.common.cache.LocalCache                                              : loaded 2 times (x 187B)
Class com.google.common.cache.CacheBuilder$2                                          : loaded 2 times (x 79B)
Class kotlin.collections.EmptySet                                                     : loaded 2 times (x 122B)
Class kotlin.collections.CollectionsKt___CollectionsKt                                : loaded 2 times (x 71B)
Class com.google.common.collect.ArrayListMultimap                                     : loaded 2 times (x 172B)
Class com.google.common.cache.CacheBuilder$3                                          : loaded 2 times (x 72B)
Class [Lcom.google.common.collect.AbstractMapEntry;                                   : loaded 2 times (x 69B)
Class com.google.common.collect.ImmutableEntry                                        : loaded 2 times (x 82B)
Class org.gradle.api.GradleException                                                  : loaded 2 times (x 82B)
Class kotlin.reflect.KDeclarationContainer                                            : loaded 2 times (x 70B)
Class kotlin.text.StringsKt___StringsJvmKt                                            : loaded 2 times (x 71B)
Class com.google.common.collect.CollectPreconditions                                  : loaded 2 times (x 71B)
Class kotlin.collections.MapsKt___MapsKt                                              : loaded 2 times (x 71B)
Class kotlin.io.FilesKt                                                               : loaded 2 times (x 71B)
Class kotlin.collections.ArraysKt___ArraysKt                                          : loaded 2 times (x 71B)
Class com.google.common.collect.SortedMapDifference                                   : loaded 2 times (x 70B)
Class kotlin.collections.MapsKt__MapWithDefaultKt                                     : loaded 2 times (x 71B)
Class com.google.common.cache.LocalCache$EntryFactory                                 : loaded 2 times (x 83B)
Class kotlin.collections.CollectionsKt__MutableCollectionsJVMKt                       : loaded 2 times (x 71B)
Class kotlin.enums.EnumEntriesKt                                                      : loaded 2 times (x 71B)
Class kotlin.text.StringsKt___StringsKt                                               : loaded 2 times (x 71B)
Class com.google.common.base.CharMatcher$Whitespace                                   : loaded 2 times (x 112B)
Class com.google.common.cache.LocalCache$AbstractReferenceEntry                       : loaded 2 times (x 107B)
Class ijJvmDebugger1_9x3erf11sbp6hr81ma3cxq5r2$_run_closure1$_closure2                : loaded 2 times (x 140B)
Class org.gradle.internal.IoActions                                                   : loaded 2 times (x 71B)
Class com.google.common.collect.ImmutableMapKeySet                                    : loaded 2 times (x 152B)
Class org.objectweb.asm.SymbolTable                                                   : loaded 2 times (x 72B)
Class com.google.common.cache.CacheLoader$InvalidCacheLoadException                   : loaded 2 times (x 82B)
Class com.google.common.collect.ImmutableSet$RegularSetBuilderImpl                    : loaded 2 times (x 77B)
Class ijJvmDebugger1_9x3erf11sbp6hr81ma3cxq5r2                                        : loaded 2 times (x 171B)
Class org.gradle.internal.classloader.SystemClassLoaderSpec                           : loaded 2 times (x 71B)
Class kotlin.reflect.KAnnotatedElement                                                : loaded 2 times (x 70B)
Class kotlin.jvm.internal.Intrinsics                                                  : loaded 2 times (x 71B)
Class com.google.common.cache.LocalCache$StrongEntry                                  : loaded 2 times (x 108B)
Class com.google.common.util.concurrent.AbstractFuture$TrustedFuture                  : loaded 2 times (x 114B)
Class com.google.common.cache.LoadingCache                                            : loaded 2 times (x 70B)
Class kotlin.collections.MapsKt                                                       : loaded 2 times (x 71B)
Class kotlin.collections.CollectionsKt__IterablesKt                                   : loaded 2 times (x 71B)
Class org.objectweb.asm.MethodWriter                                                  : loaded 2 times (x 106B)
Class [Lcom.google.common.cache.Weigher;                                              : loaded 2 times (x 69B)
Class com.google.common.collect.RegularImmutableMap$BucketOverflowException           : loaded 2 times (x 82B)
Class kotlin.KotlinNullPointerException                                               : loaded 2 times (x 83B)
Class kotlin.ranges.RangesKt___RangesKt                                               : loaded 2 times (x 71B)
Class com.google.common.collect.AbstractIterator$State                                : loaded 2 times (x 79B)
Class com.google.common.collect.RegularImmutableBiMap                                 : loaded 2 times (x 149B)
Class com.google.common.base.CharMatcher$Negated                                      : loaded 2 times (x 113B)
Class com.google.common.base.CharMatcher$Is                                           : loaded 2 times (x 111B)
Class com.google.common.cache.LocalCache$ValueReference                               : loaded 2 times (x 70B)
Class org.jetbrains.kotlin.com.intellij.openapi.diagnostic.Attachment                 : loaded 2 times (x 72B)
Class kotlin.collections.ArraysKt                                                     : loaded 2 times (x 71B)
Class com.google.common.base.PatternCompiler                                          : loaded 2 times (x 70B)
Class com.google.common.util.concurrent.AbstractFuture$Failure                        : loaded 2 times (x 72B)
Class com.google.common.base.Equivalence$Equals                                       : loaded 2 times (x 82B)
Class com.google.common.collect.Hashing                                               : loaded 2 times (x 71B)
Class com.google.common.base.Preconditions                                            : loaded 2 times (x 71B)
Class ijJvmDebugger1_9x3erf11sbp6hr81ma3cxq5r2$_run_closure1                          : loaded 2 times (x 139B)
Class kotlin.collections.SetsKt__SetsKt                                               : loaded 2 times (x 71B)
Class kotlin.LazyKt                                                                   : loaded 2 times (x 71B)
Class com.google.common.base.Joiner$1                                                 : loaded 2 times (x 80B)
Class org.objectweb.asm.Label                                                         : loaded 2 times (x 73B)
Class org.objectweb.asm.CurrentFrame                                                  : loaded 2 times (x 73B)
Class org.objectweb.asm.ClassTooLargeException                                        : loaded 2 times (x 83B)
Class com.google.common.base.CharMatcher                                              : loaded 2 times (x 111B)
Class com.google.common.collect.PeekingIterator                                       : loaded 2 times (x 70B)
Class kotlin.collections.ArraysKt__ArraysJVMKt                                        : loaded 2 times (x 71B)
Class com.google.common.collect.Table                                                 : loaded 2 times (x 70B)
Class com.google.common.collect.Maps$IteratorBasedAbstractMap                         : loaded 2 times (x 125B)
Class com.google.common.base.Joiner$2                                                 : loaded 2 times (x 79B)
Class org.objectweb.asm.Frame                                                         : loaded 2 times (x 73B)
Class org.objectweb.asm.MethodVisitor                                                 : loaded 2 times (x 105B)
Class com.google.common.base.CharMatcher$1                                            : loaded 2 times (x 113B)
Class com.google.common.base.CharMatcher$NamedFastMatcher                             : loaded 2 times (x 112B)
Class com.google.common.cache.LocalCache$EntryFactory$1                               : loaded 2 times (x 83B)
Class [Lcom.google.common.cache.RemovalListener;                                      : loaded 2 times (x 69B)
Class kotlin.jvm.internal.CallableReference$NoReceiver                                : loaded 2 times (x 71B)
Class kotlin.text.StringsKt__StringBuilderKt                                          : loaded 2 times (x 71B)
Class com.google.common.cache.LocalCache$EntryFactory$2                               : loaded 2 times (x 83B)
Class ijKotlinCoroutineJvmDebugInit1_dofq3drr9aihm4earzh7ldbbw$_run_closure1$_closure2: loaded 2 times (x 139B)
Class org.gradle.api.internal.classpath.GlobalCacheRootsProvider                      : loaded 2 times (x 70B)
Class kotlin.Lazy                                                                     : loaded 2 times (x 70B)
Class kotlin.NoWhenBranchMatchedException                                             : loaded 2 times (x 82B)
Class org.objectweb.asm.ModuleWriter                                                  : loaded 2 times (x 82B)
Class com.google.common.cache.LocalCache$EntryFactory$3                               : loaded 2 times (x 83B)
Class com.google.common.base.Ticker$1                                                 : loaded 2 times (x 72B)
Class com.google.common.collect.Maps$BiMapConverter                                   : loaded 2 times (x 90B)
Class com.google.common.collect.ImmutableMapEntrySet$RegularEntrySet                  : loaded 2 times (x 152B)
Class [Lkotlin.jvm.functions.Function1;                                               : loaded 2 times (x 69B)
Class com.google.common.collect.ImmutableSet$Builder                                  : loaded 2 times (x 85B)
Class com.google.common.base.CharMatcher$InRange                                      : loaded 2 times (x 111B)
Class com.google.common.cache.LocalCache$EntryFactory$4                               : loaded 2 times (x 83B)
Class kotlin.sequences.ConstrainedOnceSequence                                        : loaded 2 times (x 75B)
Class com.google.common.cache.LocalCache$EntryFactory$5                               : loaded 2 times (x 83B)
Class kotlin.jvm.internal.markers.KMappedMarker                                       : loaded 2 times (x 70B)
Class kotlin.NotImplementedError                                                      : loaded 2 times (x 82B)
Class com.google.common.cache.LocalCache$EntryFactory$6                               : loaded 2 times (x 83B)
Class org.gradle.internal.installation.CurrentGradleInstallationLocator               : loaded 2 times (x 71B)
Class org.objectweb.asm.ClassReader                                                   : loaded 2 times (x 94B)
Class com.google.common.collect.Maps$KeySet                                           : loaded 2 times (x 137B)
Class com.google.common.collect.ImmutableSet$EmptySetBuilderImpl                      : loaded 2 times (x 76B)
Class com.google.common.cache.LocalCache$EntryFactory$7                               : loaded 2 times (x 83B)
Class com.google.common.collect.ImmutableList                                         : loaded 2 times (x 206B)
Class org.gradle.internal.service.DefaultServiceLocator                               : loaded 2 times (x 83B)
Class com.google.common.cache.LocalCache$EntryFactory$8                               : loaded 2 times (x 83B)
Class com.google.common.collect.ImmutableSet$SetBuilderImpl                           : loaded 2 times (x 76B)
Class org.gradle.internal.installation.CurrentGradleInstallation                      : loaded 2 times (x 73B)
Class com.google.common.cache.CacheLoader$1                                           : loaded 2 times (x 75B)
Class com.google.common.collect.ForwardingObject                                      : loaded 2 times (x 72B)
Class com.google.common.collect.ImmutableList$SubList                                 : loaded 2 times (x 209B)
Class org.gradle.util.internal.GUtil                                                  : loaded 2 times (x 71B)
Class kotlin.io.NoSuchFileException                                                   : loaded 2 times (x 82B)
Class kotlin.collections.CollectionsKt                                                : loaded 2 times (x 71B)
Class com.google.common.cache.AbstractCache$StatsCounter                              : loaded 2 times (x 70B)
Class org.objectweb.asm.Context                                                       : loaded 2 times (x 72B)
Class com.google.common.collect.Iterators$MergingIterator                             : loaded 2 times (x 81B)
Class com.google.common.collect.RegularImmutableSet                                   : loaded 2 times (x 149B)
Class org.gradle.internal.installation.GradleInstallation                             : loaded 2 times (x 75B)
Class kotlin.collections.CollectionsKt__IteratorsJVMKt$iterator$1                     : loaded 2 times (x 79B)
Class com.google.common.base.Splitter$Strategy                                        : loaded 2 times (x 70B)
Class com.google.common.collect.Iterables                                             : loaded 2 times (x 71B)
Class kotlin.jvm.KotlinReflectionNotSupportedError                                    : loaded 2 times (x 82B)
Class org.jetbrains.kotlin.com.intellij.openapi.diagnostic.DefaultLogger              : loaded 2 times (x 100B)

---------------  S Y S T E M  ---------------

OS:
 Windows 11 , 64 bit Build 26100 (10.0.26100.7309)
OS uptime: 3 days 6:21 hours

CPU: total 8 (initial active 8) (8 cores per cpu, 2 threads per core) family 23 model 160 stepping 0 microcode 0x8a00006, cx8, cmov, fxsr, ht, mmx, 3dnowpref, sse, sse2, sse3, ssse3, sse4a, sse4.1, sse4.2, popcnt, lzcnt, tsc, tscinvbit, avx, avx2, aes, clmul, bmi1, bmi2, adx, sha, fma, vzeroupper, clflush, clflushopt, rdtscp, rdpid, f16c
Processor Information for the first 8 processors :
  Max Mhz: 2401, Current Mhz: 2401, Mhz Limit: 2401

Memory: 4k page, system-wide physical 7455M (290M free)
TotalPageFile size 22153M (AvailPageFile size 33M)
current process WorkingSet (physical memory assigned to process): 608M, peak: 653M
current process commit charge ("private bytes"): 782M, peak: 792M

vm_info: OpenJDK 64-Bit Server VM (21.0.9+-14649483-b1163.86) for windows-amd64 JRE (21.0.9+-14649483-b1163.86), built on 2025-12-30T22:08:35Z by "builder" with MS VC++ 16.10 / 16.11 (VS2019)

END.
