#
# There is insufficient memory for the Java Runtime Environment to continue.
# Native memory allocation (mmap) failed to map 150994944 bytes. Error detail: G1 virtual space
# Possible reasons:
#   The system is out of physical RAM or swap space
#   This process is running with CompressedOops enabled, and the Java Heap may be blocking the growth of the native heap
# Possible solutions:
#   Reduce memory load on the system
#   Increase physical memory or swap space
#   Check if swap backing store is full
#   Decrease Java heap size (-Xmx/-Xms)
#   Decrease number of Java threads
#   Decrease Java thread stack sizes (-Xss)
#   Set larger code cache with -XX:ReservedCodeCacheSize=
#   JVM is running with Unscaled Compressed Oops mode in which the Java heap is
#     placed in the first 4GB address space. The Java Heap base address is the
#     maximum limit for the native heap growth. Please use -XX:HeapBaseMinAddress
#     to set the Java Heap base and to place the Java Heap above 4GB virtual address.
# This output file may be truncated or incomplete.
#
#  Out of Memory Error (os_windows.cpp:3925), pid=30548, tid=19696
#
# JRE version: OpenJDK Runtime Environment (21.0.9) (build 21.0.9+-14649483-b1163.86)
# Java VM: OpenJDK 64-Bit Server VM (21.0.9+-14649483-b1163.86, mixed mode, tiered, compressed oops, compressed class ptrs, g1 gc, windows-amd64)
# No core dump will be written. Minidumps are not enabled by default on client versions of Windows
#

---------------  S U M M A R Y ------------

Command Line: --add-opens=java.base/java.lang=ALL-UNNAMED --add-opens=java.base/java.lang.invoke=ALL-UNNAMED --add-opens=java.base/java.util=ALL-UNNAMED --add-opens=java.prefs/java.util.prefs=ALL-UNNAMED --add-exports=jdk.compiler/com.sun.tools.javac.api=ALL-UNNAMED --add-exports=jdk.compiler/com.sun.tools.javac.util=ALL-UNNAMED --add-opens=java.base/java.util=ALL-UNNAMED --add-opens=java.prefs/java.util.prefs=ALL-UNNAMED --add-opens=java.base/java.nio.charset=ALL-UNNAMED --add-opens=java.base/java.net=ALL-UNNAMED --add-opens=java.base/java.util.concurrent=ALL-UNNAMED --add-opens=java.base/java.util.concurrent.atomic=ALL-UNNAMED --add-opens=java.xml/javax.xml.namespace=ALL-UNNAMED --add-opens=java.base/java.time=ALL-UNNAMED -Xmx2048m -Dfile.encoding=UTF-8 -Duser.country=US -Duser.language=en -Duser.variant -javaagent:C:\Users\User\.gradle\wrapper\dists\gradle-9.2.1-bin\2t0n5ozlw9xmuyvbp7dnzaxug\gradle-9.2.1\lib\agents\gradle-instrumentation-agent-9.2.1.jar org.gradle.launcher.daemon.bootstrap.GradleDaemon 9.2.1

Host: AMD Ryzen 3 7320U with Radeon Graphics         , 8 cores, 7G,  Windows 11 , 64 bit Build 26100 (10.0.26100.7309)
Time: Fri May  8 14:21:37 2026 SE Asia Standard Time elapsed time: 59.796221 seconds (0d 0h 0m 59s)

---------------  T H R E A D  ---------------

Current thread (0x000001f6a277bf30):  VMThread "VM Thread"          [id=19696, stack(0x000000a896500000,0x000000a896600000) (1024K)]

Stack: [0x000000a896500000,0x000000a896600000]
Native frames: (J=compiled Java code, j=interpreted, Vv=VM code, C=native code)
V  [jvm.dll+0x6d6c99]
V  [jvm.dll+0x866b83]
V  [jvm.dll+0x86919e]
V  [jvm.dll+0x869883]
V  [jvm.dll+0x280776]
V  [jvm.dll+0x6d3555]
V  [jvm.dll+0x6c6bea]
V  [jvm.dll+0x3587fb]
V  [jvm.dll+0x360476]
V  [jvm.dll+0x3b2646]
V  [jvm.dll+0x3b2918]
V  [jvm.dll+0x32af0c]
V  [jvm.dll+0x32af97]
V  [jvm.dll+0x370e7c]
V  [jvm.dll+0x36f62e]
V  [jvm.dll+0x32a661]
V  [jvm.dll+0x36ed30]
V  [jvm.dll+0x86f608]
V  [jvm.dll+0x870984]
V  [jvm.dll+0x870ec0]
V  [jvm.dll+0x871153]
V  [jvm.dll+0x80f118]
V  [jvm.dll+0x6d54ed]
C  [ucrtbase.dll+0x37b0]
C  [KERNEL32.DLL+0x2e8d7]
C  [ntdll.dll+0x8c53c]

VM_Operation (0x000000a89c9f77c0): G1CollectForAllocation, mode: safepoint, requested by thread 0x000001f6ace2fb50


---------------  P R O C E S S  ---------------

Threads class SMR info:
_java_thread_list=0x000001f6a7c4f6e0, length=137, elements={
0x000001f688d684b0, 0x000001f6a2927f00, 0x000001f6a2953e90, 0x000001f6a2955070,
0x000001f6a29806e0, 0x000001f6a2984d60, 0x000001f6a29853d0, 0x000001f6a2985a40,
0x000001f6a2986f50, 0x000001f6a298e3e0, 0x000001f6a2ce95d0, 0x000001f6a2af1650,
0x000001f6a8a65c90, 0x000001f6a9150c00, 0x000001f6a8ebbae0, 0x000001f6a2b916f0,
0x000001f6a72ffe40, 0x000001f6a725e400, 0x000001f6a8fa6040, 0x000001f6a8fa38e0,
0x000001f6a8fa3f70, 0x000001f6a8fa66d0, 0x000001f6a8fa3250, 0x000001f6a8fa4600,
0x000001f6a8ffb1e0, 0x000001f6a8ffd2b0, 0x000001f6a8ffd940, 0x000001f6a8ffdfd0,
0x000001f6a8ffe660, 0x000001f6a8ffcc20, 0x000001f6a8ffecf0, 0x000001f6a8ffbf00,
0x000001f6a8ffb870, 0x000001f6a8fff380, 0x000001f6a8fffa10, 0x000001f6a9002800,
0x000001f6a9000dc0, 0x000001f6a9001ae0, 0x000001f6a90000a0, 0x000001f6a9000730,
0x000001f6a9002170, 0x000001f6a9001450, 0x000001f6a745faa0, 0x000001f6a745ed80,
0x000001f6a745f410, 0x000001f6a745ccb0, 0x000001f6a745d340, 0x000001f6a7460130,
0x000001f6a74607c0, 0x000001f6a745e6f0, 0x000001f6a7460e50, 0x000001f6a745d9d0,
0x000001f6a74614e0, 0x000001f6a745e060, 0x000001f6a7462200, 0x000001f6a7463c40,
0x000001f6a7461b70, 0x000001f6a7462890, 0x000001f6a7462f20, 0x000001f6a74642d0,
0x000001f6a74635b0, 0x000001f6a9d87630, 0x000001f6a9d87cc0, 0x000001f6a9d88350,
0x000001f6a896e900, 0x000001f6a8972410, 0x000001f6a89716f0, 0x000001f6a8971060,
0x000001f6a896fcb0, 0x000001f6a8970340, 0x000001f6a896f620, 0x000001f6a896ef90,
0x000001f6a8973130, 0x000001f6a8975200, 0x000001f6a8974b70, 0x000001f6a8971d80,
0x000001f6a8975890, 0x000001f6a8972aa0, 0x000001f6a89709d0, 0x000001f6a8975f20,
0x000001f6a89737c0, 0x000001f6a8973e50, 0x000001f6a89744e0, 0x000001f6a9d86910,
0x000001f6ab924fd0, 0x000001f6ab923590, 0x000001f6ab922f00, 0x000001f6ab926a10,
0x000001f6ace2e110, 0x000001f6ace2cd60, 0x000001f6ace2f4c0, 0x000001f6ace2c040,
0x000001f6ace31590, 0x000001f6ace2fb50, 0x000001f6ace322b0, 0x000001f6ace31c20,
0x000001f6ad1f8f00, 0x000001f6ad1f5a80, 0x000001f6ad1f81e0, 0x000001f6ad1f6e30,
0x000001f6ad1f7b50, 0x000001f6ad1f6110, 0x000001f6ad1f8870, 0x000001f6ad1f9590,
0x000001f6ad1f9c20, 0x000001f6ad1f67a0, 0x000001f6ad1fa2b0, 0x000001f6ad1fa940,
0x000001f6ad1f74c0, 0x000001f6ad1fafd0, 0x000001f6ad1fbcf0, 0x000001f6ad1fb660,
0x000001f6ad1fc380, 0x000001f6ad1fd0a0, 0x000001f6ad73e540, 0x000001f6ad73c470,
0x000001f6ad73ebd0, 0x000001f6ad73b750, 0x000001f6ad73ff80, 0x000001f6ad73f260,
0x000001f6ad73f8f0, 0x000001f6ad740ca0, 0x000001f6ad741330, 0x000001f6aa9573c0,
0x000001f6aa957a50, 0x000001f6aa9580e0, 0x000001f6aa958770, 0x000001f6aa958e00,
0x000001f6aa956010, 0x000001f6ae30c190, 0x000001f6aa959490, 0x000001f6aa959b20,
0x000001f6aa9566a0, 0x000001f6aa95aed0, 0x000001f6aa95a1b0, 0x000001f6aa95bbf0,
0x000001f6aa95b560
}

Java Threads: ( => current thread )
  0x000001f688d684b0 JavaThread "main"                              [_thread_blocked, id=29400, stack(0x000000a895e00000,0x000000a895f00000) (1024K)]
  0x000001f6a2927f00 JavaThread "Common-Cleaner"             daemon [_thread_blocked, id=17936, stack(0x000000a896600000,0x000000a896700000) (1024K)]
  0x000001f6a2953e90 JavaThread "Reference Handler"          daemon [_thread_blocked, id=18420, stack(0x000000a896700000,0x000000a896800000) (1024K)]
  0x000001f6a2955070 JavaThread "Finalizer"                  daemon [_thread_blocked, id=28604, stack(0x000000a896800000,0x000000a896900000) (1024K)]
  0x000001f6a29806e0 JavaThread "Signal Dispatcher"          daemon [_thread_blocked, id=30448, stack(0x000000a896900000,0x000000a896a00000) (1024K)]
  0x000001f6a2984d60 JavaThread "Attach Listener"            daemon [_thread_blocked, id=26400, stack(0x000000a896a00000,0x000000a896b00000) (1024K)]
  0x000001f6a29853d0 JavaThread "Service Thread"             daemon [_thread_blocked, id=25780, stack(0x000000a896b00000,0x000000a896c00000) (1024K)]
  0x000001f6a2985a40 JavaThread "Monitor Deflation Thread"   daemon [_thread_blocked, id=21796, stack(0x000000a896c00000,0x000000a896d00000) (1024K)]
  0x000001f6a2986f50 JavaThread "C2 CompilerThread0"         daemon [_thread_blocked, id=23516, stack(0x000000a896d00000,0x000000a896e00000) (1024K)]
  0x000001f6a298e3e0 JavaThread "C1 CompilerThread0"         daemon [_thread_blocked, id=18896, stack(0x000000a896e00000,0x000000a896f00000) (1024K)]
  0x000001f6a2ce95d0 JavaThread "Notification Thread"        daemon [_thread_blocked, id=6976, stack(0x000000a896f00000,0x000000a897000000) (1024K)]
  0x000001f6a2af1650 JavaThread "Daemon health stats"               [_thread_blocked, id=30248, stack(0x000000a897400000,0x000000a897500000) (1024K)]
  0x000001f6a8a65c90 JavaThread "Incoming local TCP Connector on port 55149"        [_thread_in_native, id=28700, stack(0x000000a897800000,0x000000a897900000) (1024K)]
  0x000001f6a9150c00 JavaThread "Daemon periodic checks"            [_thread_blocked, id=14292, stack(0x000000a897a00000,0x000000a897b00000) (1024K)]
  0x000001f6a8ebbae0 JavaThread "Daemon"                            [_thread_blocked, id=28280, stack(0x000000a897b00000,0x000000a897c00000) (1024K)]
  0x000001f6a2b916f0 JavaThread "Handler for socket connection from /127.0.0.1:55149 to /127.0.0.1:55150"        [_thread_in_native, id=15540, stack(0x000000a897c00000,0x000000a897d00000) (1024K)]
  0x000001f6a72ffe40 JavaThread "Cancel handler"                    [_thread_blocked, id=23800, stack(0x000000a897d00000,0x000000a897e00000) (1024K)]
  0x000001f6a725e400 JavaThread "Daemon worker"                     [_thread_blocked, id=12712, stack(0x000000a897e00000,0x000000a897f00000) (1024K)]
  0x000001f6a8fa6040 JavaThread "Asynchronous log dispatcher for DefaultDaemonConnection: socket connection from /127.0.0.1:55149 to /127.0.0.1:55150"        [_thread_blocked, id=22984, stack(0x000000a898000000,0x000000a898100000) (1024K)]
  0x000001f6a8fa38e0 JavaThread "Stdin handler"                     [_thread_blocked, id=19824, stack(0x000000a898100000,0x000000a898200000) (1024K)]
  0x000001f6a8fa3f70 JavaThread "Daemon client event forwarder"        [_thread_blocked, id=29532, stack(0x000000a898200000,0x000000a898300000) (1024K)]
  0x000001f6a8fa66d0 JavaThread "Cache worker for journal cache (C:\Users\User\.gradle\caches\journal-1)"        [_thread_blocked, id=12060, stack(0x000000a898300000,0x000000a898400000) (1024K)]
  0x000001f6a8fa3250 JavaThread "File lock request listener"        [_thread_in_native, id=18544, stack(0x000000a898400000,0x000000a898500000) (1024K)]
  0x000001f6a8fa4600 JavaThread "Cache worker for file hash cache (C:\Users\User\.gradle\caches\9.2.1\fileHashes)"        [_thread_blocked, id=4228, stack(0x000000a898500000,0x000000a898600000) (1024K)]
  0x000001f6a8ffb1e0 JavaThread "Cache worker for file hash cache (D:\Downloads\ProjectTrashPay\ProjectTrashPay\.gradle\9.2.1\fileHashes)"        [_thread_blocked, id=19636, stack(0x000000a897900000,0x000000a897a00000) (1024K)]
  0x000001f6a8ffd2b0 JavaThread "Cache worker for Build Output Cleanup Cache (D:\Downloads\ProjectTrashPay\ProjectTrashPay\.gradle\buildOutputCleanup)"        [_thread_blocked, id=20008, stack(0x000000a898600000,0x000000a898700000) (1024K)]
  0x000001f6a8ffd940 JavaThread "File watcher server"        daemon [_thread_blocked, id=10832, stack(0x000000a898700000,0x000000a898800000) (1024K)]
  0x000001f6a8ffdfd0 JavaThread "File watcher consumer"      daemon [_thread_blocked, id=14024, stack(0x000000a898800000,0x000000a898900000) (1024K)]
  0x000001f6a8ffe660 JavaThread "Cache worker for checksums cache (D:\Downloads\ProjectTrashPay\ProjectTrashPay\.gradle\9.2.1\checksums)"        [_thread_blocked, id=30276, stack(0x000000a898900000,0x000000a898a00000) (1024K)]
  0x000001f6a8ffcc20 JavaThread "Cache worker for file content cache (C:\Users\User\.gradle\caches\9.2.1\fileContent)"        [_thread_blocked, id=26488, stack(0x000000a898a00000,0x000000a898b00000) (1024K)]
  0x000001f6a8ffecf0 JavaThread "Cache worker for cache directory md-supplier (C:\Users\User\.gradle\caches\9.2.1\md-supplier)"        [_thread_blocked, id=28772, stack(0x000000a898b00000,0x000000a898c00000) (1024K)]
  0x000001f6a8ffbf00 JavaThread "Cache worker for cache directory md-rule (C:\Users\User\.gradle\caches\9.2.1\md-rule)"        [_thread_blocked, id=29980, stack(0x000000a898c00000,0x000000a898d00000) (1024K)]
  0x000001f6a8ffb870 JavaThread "jar transforms"                    [_thread_blocked, id=11224, stack(0x000000a898e00000,0x000000a898f00000) (1024K)]
  0x000001f6a8fff380 JavaThread "jar transforms Thread 2"           [_thread_blocked, id=13272, stack(0x000000a898f00000,0x000000a899000000) (1024K)]
  0x000001f6a8fffa10 JavaThread "jar transforms Thread 3"           [_thread_blocked, id=24176, stack(0x000000a898d00000,0x000000a898e00000) (1024K)]
  0x000001f6a9002800 JavaThread "Unconstrained build operations"        [_thread_blocked, id=28428, stack(0x000000a899100000,0x000000a899200000) (1024K)]
  0x000001f6a9000dc0 JavaThread "Unconstrained build operations Thread 2"        [_thread_blocked, id=29884, stack(0x000000a899200000,0x000000a899300000) (1024K)]
  0x000001f6a9001ae0 JavaThread "Unconstrained build operations Thread 3"        [_thread_blocked, id=29244, stack(0x000000a899300000,0x000000a899400000) (1024K)]
  0x000001f6a90000a0 JavaThread "Unconstrained build operations Thread 4"        [_thread_blocked, id=30120, stack(0x000000a899400000,0x000000a899500000) (1024K)]
  0x000001f6a9000730 JavaThread "Unconstrained build operations Thread 5"        [_thread_blocked, id=11496, stack(0x000000a899500000,0x000000a899600000) (1024K)]
  0x000001f6a9002170 JavaThread "Unconstrained build operations Thread 6"        [_thread_blocked, id=30388, stack(0x000000a899600000,0x000000a899700000) (1024K)]
  0x000001f6a9001450 JavaThread "Unconstrained build operations Thread 7"        [_thread_blocked, id=19252, stack(0x000000a899700000,0x000000a899800000) (1024K)]
  0x000001f6a745faa0 JavaThread "Unconstrained build operations Thread 8"        [_thread_blocked, id=16840, stack(0x000000a899800000,0x000000a899900000) (1024K)]
  0x000001f6a745ed80 JavaThread "Unconstrained build operations Thread 9"        [_thread_blocked, id=28420, stack(0x000000a899900000,0x000000a899a00000) (1024K)]
  0x000001f6a745f410 JavaThread "Unconstrained build operations Thread 10"        [_thread_blocked, id=6280, stack(0x000000a899a00000,0x000000a899b00000) (1024K)]
  0x000001f6a745ccb0 JavaThread "Unconstrained build operations Thread 11"        [_thread_blocked, id=30456, stack(0x000000a899b00000,0x000000a899c00000) (1024K)]
  0x000001f6a745d340 JavaThread "Unconstrained build operations Thread 12"        [_thread_blocked, id=30400, stack(0x000000a899c00000,0x000000a899d00000) (1024K)]
  0x000001f6a7460130 JavaThread "Unconstrained build operations Thread 13"        [_thread_blocked, id=26616, stack(0x000000a899d00000,0x000000a899e00000) (1024K)]
  0x000001f6a74607c0 JavaThread "Unconstrained build operations Thread 14"        [_thread_blocked, id=20368, stack(0x000000a899e00000,0x000000a899f00000) (1024K)]
  0x000001f6a745e6f0 JavaThread "jar transforms Thread 4"           [_thread_blocked, id=28652, stack(0x000000a899000000,0x000000a899100000) (1024K)]
  0x000001f6a7460e50 JavaThread "jar transforms Thread 5"           [_thread_blocked, id=26468, stack(0x000000a899f00000,0x000000a89a000000) (1024K)]
  0x000001f6a745d9d0 JavaThread "Unconstrained build operations Thread 15"        [_thread_blocked, id=5744, stack(0x000000a89a000000,0x000000a89a100000) (1024K)]
  0x000001f6a74614e0 JavaThread "Unconstrained build operations Thread 16"        [_thread_blocked, id=15220, stack(0x000000a89a100000,0x000000a89a200000) (1024K)]
  0x000001f6a745e060 JavaThread "Unconstrained build operations Thread 17"        [_thread_blocked, id=19224, stack(0x000000a89a200000,0x000000a89a300000) (1024K)]
  0x000001f6a7462200 JavaThread "Unconstrained build operations Thread 18"        [_thread_blocked, id=26860, stack(0x000000a89a300000,0x000000a89a400000) (1024K)]
  0x000001f6a7463c40 JavaThread "Unconstrained build operations Thread 19"        [_thread_blocked, id=29872, stack(0x000000a89a400000,0x000000a89a500000) (1024K)]
  0x000001f6a7461b70 JavaThread "Unconstrained build operations Thread 20"        [_thread_blocked, id=7336, stack(0x000000a89a500000,0x000000a89a600000) (1024K)]
  0x000001f6a7462890 JavaThread "Unconstrained build operations Thread 21"        [_thread_blocked, id=30716, stack(0x000000a89a600000,0x000000a89a700000) (1024K)]
  0x000001f6a7462f20 JavaThread "jar transforms Thread 6"           [_thread_blocked, id=28240, stack(0x000000a89a700000,0x000000a89a800000) (1024K)]
  0x000001f6a74642d0 JavaThread "jar transforms Thread 7"           [_thread_blocked, id=23756, stack(0x000000a89a800000,0x000000a89a900000) (1024K)]
  0x000001f6a74635b0 JavaThread "jar transforms Thread 8"           [_thread_blocked, id=25880, stack(0x000000a89a900000,0x000000a89aa00000) (1024K)]
  0x000001f6a9d87630 JavaThread "Unconstrained build operations Thread 22"        [_thread_blocked, id=20920, stack(0x000000a89ab00000,0x000000a89ac00000) (1024K)]
  0x000001f6a9d87cc0 JavaThread "Unconstrained build operations Thread 23"        [_thread_blocked, id=15972, stack(0x000000a89ac00000,0x000000a89ad00000) (1024K)]
  0x000001f6a9d88350 JavaThread "Unconstrained build operations Thread 24"        [_thread_blocked, id=27004, stack(0x000000a89ad00000,0x000000a89ae00000) (1024K)]
  0x000001f6a896e900 JavaThread "Unconstrained build operations Thread 25"        [_thread_blocked, id=17024, stack(0x000000a89ae00000,0x000000a89af00000) (1024K)]
  0x000001f6a8972410 JavaThread "Unconstrained build operations Thread 26"        [_thread_blocked, id=10824, stack(0x000000a89af00000,0x000000a89b000000) (1024K)]
  0x000001f6a89716f0 JavaThread "Unconstrained build operations Thread 27"        [_thread_blocked, id=16296, stack(0x000000a89b000000,0x000000a89b100000) (1024K)]
  0x000001f6a8971060 JavaThread "Unconstrained build operations Thread 28"        [_thread_blocked, id=13044, stack(0x000000a89b100000,0x000000a89b200000) (1024K)]
  0x000001f6a896fcb0 JavaThread "Unconstrained build operations Thread 29"        [_thread_blocked, id=30032, stack(0x000000a89b200000,0x000000a89b300000) (1024K)]
  0x000001f6a8970340 JavaThread "Unconstrained build operations Thread 30"        [_thread_blocked, id=792, stack(0x000000a89b300000,0x000000a89b400000) (1024K)]
  0x000001f6a896f620 JavaThread "Unconstrained build operations Thread 31"        [_thread_blocked, id=23492, stack(0x000000a89b400000,0x000000a89b500000) (1024K)]
  0x000001f6a896ef90 JavaThread "Unconstrained build operations Thread 32"        [_thread_blocked, id=8600, stack(0x000000a89b500000,0x000000a89b600000) (1024K)]
  0x000001f6a8973130 JavaThread "Unconstrained build operations Thread 33"        [_thread_blocked, id=10112, stack(0x000000a89b600000,0x000000a89b700000) (1024K)]
  0x000001f6a8975200 JavaThread "Unconstrained build operations Thread 34"        [_thread_blocked, id=7556, stack(0x000000a89b700000,0x000000a89b800000) (1024K)]
  0x000001f6a8974b70 JavaThread "Unconstrained build operations Thread 35"        [_thread_blocked, id=13632, stack(0x000000a89b800000,0x000000a89b900000) (1024K)]
  0x000001f6a8971d80 JavaThread "Unconstrained build operations Thread 36"        [_thread_blocked, id=25868, stack(0x000000a89b900000,0x000000a89ba00000) (1024K)]
  0x000001f6a8975890 JavaThread "Unconstrained build operations Thread 37"        [_thread_blocked, id=9684, stack(0x000000a89ba00000,0x000000a89bb00000) (1024K)]
  0x000001f6a8972aa0 JavaThread "Unconstrained build operations Thread 38"        [_thread_blocked, id=3320, stack(0x000000a89bb00000,0x000000a89bc00000) (1024K)]
  0x000001f6a89709d0 JavaThread "Unconstrained build operations Thread 39"        [_thread_blocked, id=19772, stack(0x000000a89bc00000,0x000000a89bd00000) (1024K)]
  0x000001f6a8975f20 JavaThread "Unconstrained build operations Thread 40"        [_thread_blocked, id=3412, stack(0x000000a89bd00000,0x000000a89be00000) (1024K)]
  0x000001f6a89737c0 JavaThread "Unconstrained build operations Thread 41"        [_thread_blocked, id=30208, stack(0x000000a89be00000,0x000000a89bf00000) (1024K)]
  0x000001f6a8973e50 JavaThread "Unconstrained build operations Thread 42"        [_thread_blocked, id=30252, stack(0x000000a89bf00000,0x000000a89c000000) (1024K)]
  0x000001f6a89744e0 JavaThread "Unconstrained build operations Thread 43"        [_thread_blocked, id=13540, stack(0x000000a89c000000,0x000000a89c100000) (1024K)]
  0x000001f6a9d86910 JavaThread "Unconstrained build operations Thread 44"        [_thread_blocked, id=20376, stack(0x000000a89c100000,0x000000a89c200000) (1024K)]
  0x000001f6ab924fd0 JavaThread "Unconstrained build operations Thread 45"        [_thread_blocked, id=23580, stack(0x000000a89c200000,0x000000a89c300000) (1024K)]
  0x000001f6ab923590 JavaThread "build event listener"              [_thread_blocked, id=26700, stack(0x000000a89aa00000,0x000000a89ab00000) (1024K)]
  0x000001f6ab922f00 JavaThread "Memory manager"                    [_thread_blocked, id=29240, stack(0x000000a89c400000,0x000000a89c500000) (1024K)]
  0x000001f6ab926a10 JavaThread "build event listener"              [_thread_blocked, id=8288, stack(0x000000a895b00000,0x000000a895c00000) (1024K)]
  0x000001f6ace2e110 JavaThread "pool-3-thread-1"                   [_thread_blocked, id=25508, stack(0x000000a89c300000,0x000000a89c400000) (1024K)]
  0x000001f6ace2cd60 JavaThread "build event listener"              [_thread_blocked, id=30488, stack(0x000000a89c500000,0x000000a89c600000) (1024K)]
  0x000001f6ace2f4c0 JavaThread "included builds"                   [_thread_blocked, id=16340, stack(0x000000a89c600000,0x000000a89c700000) (1024K)]
  0x000001f6ace2c040 JavaThread "Execution worker"                  [_thread_blocked, id=22276, stack(0x000000a89c700000,0x000000a89c800000) (1024K)]
  0x000001f6ace31590 JavaThread "Execution worker Thread 2"         [_thread_blocked, id=18732, stack(0x000000a89c800000,0x000000a89c900000) (1024K)]
  0x000001f6ace2fb50 JavaThread "Execution worker Thread 3"         [_thread_blocked, id=24084, stack(0x000000a89c900000,0x000000a89ca00000) (1024K)]
  0x000001f6ace322b0 JavaThread "Execution worker Thread 4"         [_thread_blocked, id=18880, stack(0x000000a89ca00000,0x000000a89cb00000) (1024K)]
  0x000001f6ace31c20 JavaThread "Execution worker Thread 5"         [_thread_blocked, id=19340, stack(0x000000a89cb00000,0x000000a89cc00000) (1024K)]
  0x000001f6ad1f8f00 JavaThread "Execution worker Thread 6"         [_thread_blocked, id=13924, stack(0x000000a89cc00000,0x000000a89cd00000) (1024K)]
  0x000001f6ad1f5a80 JavaThread "Execution worker Thread 7"         [_thread_blocked, id=15416, stack(0x000000a89cd00000,0x000000a89ce00000) (1024K)]
  0x000001f6ad1f81e0 JavaThread "Cache worker for execution history cache (D:\Downloads\ProjectTrashPay\ProjectTrashPay\.gradle\9.2.1\executionHistory)"        [_thread_blocked, id=7512, stack(0x000000a89ce00000,0x000000a89cf00000) (1024K)]
  0x000001f6ad1f6e30 JavaThread "Unconstrained build operations Thread 46"        [_thread_blocked, id=24796, stack(0x000000a89d000000,0x000000a89d100000) (1024K)]
  0x000001f6ad1f7b50 JavaThread "Unconstrained build operations Thread 47"        [_thread_blocked, id=8824, stack(0x000000a89d100000,0x000000a89d200000) (1024K)]
  0x000001f6ad1f6110 JavaThread "Unconstrained build operations Thread 48"        [_thread_blocked, id=17576, stack(0x000000a89d200000,0x000000a89d300000) (1024K)]
  0x000001f6ad1f8870 JavaThread "Unconstrained build operations Thread 49"        [_thread_blocked, id=29112, stack(0x000000a89d300000,0x000000a89d400000) (1024K)]
  0x000001f6ad1f9590 JavaThread "Unconstrained build operations Thread 50"        [_thread_blocked, id=29904, stack(0x000000a89d400000,0x000000a89d500000) (1024K)]
  0x000001f6ad1f9c20 JavaThread "Unconstrained build operations Thread 51"        [_thread_blocked, id=27544, stack(0x000000a89d500000,0x000000a89d600000) (1024K)]
  0x000001f6ad1f67a0 JavaThread "Unconstrained build operations Thread 52"        [_thread_blocked, id=28636, stack(0x000000a89d600000,0x000000a89d700000) (1024K)]
  0x000001f6ad1fa2b0 JavaThread "Unconstrained build operations Thread 53"        [_thread_blocked, id=26088, stack(0x000000a89d700000,0x000000a89d800000) (1024K)]
  0x000001f6ad1fa940 JavaThread "Unconstrained build operations Thread 54"        [_thread_blocked, id=29576, stack(0x000000a89d800000,0x000000a89d900000) (1024K)]
  0x000001f6ad1f74c0 JavaThread "Unconstrained build operations Thread 55"        [_thread_blocked, id=27460, stack(0x000000a89d900000,0x000000a89da00000) (1024K)]
  0x000001f6ad1fafd0 JavaThread "Unconstrained build operations Thread 56"        [_thread_blocked, id=19152, stack(0x000000a89da00000,0x000000a89db00000) (1024K)]
  0x000001f6ad1fbcf0 JavaThread "Unconstrained build operations Thread 57"        [_thread_blocked, id=30200, stack(0x000000a89db00000,0x000000a89dc00000) (1024K)]
  0x000001f6ad1fb660 JavaThread "Unconstrained build operations Thread 58"        [_thread_blocked, id=26356, stack(0x000000a89dc00000,0x000000a89dd00000) (1024K)]
  0x000001f6ad1fc380 JavaThread "Unconstrained build operations Thread 59"        [_thread_blocked, id=5988, stack(0x000000a89dd00000,0x000000a89de00000) (1024K)]
  0x000001f6ad1fd0a0 JavaThread "Unconstrained build operations Thread 60"        [_thread_blocked, id=14580, stack(0x000000a89de00000,0x000000a89df00000) (1024K)]
  0x000001f6ad73e540 JavaThread "Unconstrained build operations Thread 61"        [_thread_blocked, id=1524, stack(0x000000a89df00000,0x000000a89e000000) (1024K)]
  0x000001f6ad73c470 JavaThread "Unconstrained build operations Thread 62"        [_thread_blocked, id=19176, stack(0x000000a89e000000,0x000000a89e100000) (1024K)]
  0x000001f6ad73ebd0 JavaThread "Unconstrained build operations Thread 63"        [_thread_blocked, id=1688, stack(0x000000a89e100000,0x000000a89e200000) (1024K)]
  0x000001f6ad73b750 JavaThread "Unconstrained build operations Thread 64"        [_thread_blocked, id=14072, stack(0x000000a89e200000,0x000000a89e300000) (1024K)]
  0x000001f6ad73ff80 JavaThread "Unconstrained build operations Thread 65"        [_thread_blocked, id=19660, stack(0x000000a89e300000,0x000000a89e400000) (1024K)]
  0x000001f6ad73f260 JavaThread "Unconstrained build operations Thread 66"        [_thread_blocked, id=24396, stack(0x000000a89e400000,0x000000a89e500000) (1024K)]
  0x000001f6ad73f8f0 JavaThread "Unconstrained build operations Thread 67"        [_thread_blocked, id=30140, stack(0x000000a89e500000,0x000000a89e600000) (1024K)]
  0x000001f6ad740ca0 JavaThread "Unconstrained build operations Thread 68"        [_thread_blocked, id=2792, stack(0x000000a89e600000,0x000000a89e700000) (1024K)]
  0x000001f6ad741330 JavaThread "Unconstrained build operations Thread 69"        [_thread_blocked, id=14616, stack(0x000000a89e700000,0x000000a89e800000) (1024K)]
  0x000001f6aa9573c0 JavaThread "Unconstrained build operations Thread 70"        [_thread_blocked, id=14280, stack(0x000000a89e800000,0x000000a89e900000) (1024K)]
  0x000001f6aa957a50 JavaThread "Unconstrained build operations Thread 71"        [_thread_blocked, id=8904, stack(0x000000a89e900000,0x000000a89ea00000) (1024K)]
  0x000001f6aa9580e0 JavaThread "Unconstrained build operations Thread 72"        [_thread_blocked, id=27188, stack(0x000000a89ea00000,0x000000a89eb00000) (1024K)]
  0x000001f6aa958770 JavaThread "Unconstrained build operations Thread 73"        [_thread_blocked, id=3604, stack(0x000000a89eb00000,0x000000a89ec00000) (1024K)]
  0x000001f6aa958e00 JavaThread "Unconstrained build operations Thread 74"        [_thread_blocked, id=20876, stack(0x000000a89ec00000,0x000000a89ed00000) (1024K)]
  0x000001f6aa956010 JavaThread "Unconstrained build operations Thread 75"        [_thread_blocked, id=24628, stack(0x000000a89ed00000,0x000000a89ee00000) (1024K)]
  0x000001f6ae30c190 JavaThread "C2 CompilerThread1"         daemon [_thread_blocked, id=2748, stack(0x000000a89cf00000,0x000000a89d000000) (1024K)]
  0x000001f6aa959490 JavaThread "WorkerExecutor Queue"              [_thread_blocked, id=26824, stack(0x000000a89ee00000,0x000000a89ef00000) (1024K)]
  0x000001f6aa959b20 JavaThread "Unconstrained build operations Thread 76"        [_thread_blocked, id=29620, stack(0x000000a89ef00000,0x000000a89f000000) (1024K)]
  0x000001f6aa9566a0 JavaThread "Unconstrained build operations Thread 77"        [_thread_blocked, id=16224, stack(0x000000a89f000000,0x000000a89f100000) (1024K)]
  0x000001f6aa95aed0 JavaThread "Unconstrained build operations Thread 78"        [_thread_blocked, id=5740, stack(0x000000a89f100000,0x000000a89f200000) (1024K)]
  0x000001f6aa95a1b0 JavaThread "Unconstrained build operations Thread 79"        [_thread_blocked, id=29748, stack(0x000000a89f200000,0x000000a89f300000) (1024K)]
  0x000001f6aa95bbf0 JavaThread "Unconstrained build operations Thread 80"        [_thread_blocked, id=14692, stack(0x000000a89f300000,0x000000a89f400000) (1024K)]
  0x000001f6aa95b560 JavaThread "Thread-120"                        [_thread_blocked, id=23376, stack(0x000000a89f400000,0x000000a89f500000) (1024K)]
Total: 137

Other Threads:
=>0x000001f6a277bf30 VMThread "VM Thread"                           [id=19696, stack(0x000000a896500000,0x000000a896600000) (1024K)]
  0x000001f6a2734d00 WatcherThread "VM Periodic Task Thread"        [id=25996, stack(0x000000a896400000,0x000000a896500000) (1024K)]
  0x000001f688e2e060 WorkerThread "GC Thread#0"                     [id=29548, stack(0x000000a895f00000,0x000000a896000000) (1024K)]
  0x000001f6a72a0f70 WorkerThread "GC Thread#1"                     [id=25648, stack(0x000000a897000000,0x000000a897100000) (1024K)]
  0x000001f6a7574440 WorkerThread "GC Thread#2"                     [id=1452, stack(0x000000a897100000,0x000000a897200000) (1024K)]
  0x000001f6a7bac4c0 WorkerThread "GC Thread#3"                     [id=25256, stack(0x000000a897200000,0x000000a897300000) (1024K)]
  0x000001f6a7dc8dd0 WorkerThread "GC Thread#4"                     [id=5000, stack(0x000000a897300000,0x000000a897400000) (1024K)]
  0x000001f6a933fbe0 WorkerThread "GC Thread#5"                     [id=17844, stack(0x000000a897500000,0x000000a897600000) (1024K)]
  0x000001f6a8dddb50 WorkerThread "GC Thread#6"                     [id=10776, stack(0x000000a897600000,0x000000a897700000) (1024K)]
  0x000001f6a8eea210 WorkerThread "GC Thread#7"                     [id=11832, stack(0x000000a897700000,0x000000a897800000) (1024K)]
  0x000001f68b104490 ConcurrentGCThread "G1 Main Marker"            [id=7416, stack(0x000000a896000000,0x000000a896100000) (1024K)]
  0x000001f68b106a30 WorkerThread "G1 Conc#0"                       [id=4664, stack(0x000000a896100000,0x000000a896200000) (1024K)]
  0x000001f6a8ee9390 WorkerThread "G1 Conc#1"                       [id=20804, stack(0x000000a897f00000,0x000000a898000000) (1024K)]
  0x000001f68b15e6c0 ConcurrentGCThread "G1 Refine#0"               [id=27356, stack(0x000000a896200000,0x000000a896300000) (1024K)]
  0x000001f6a2608520 ConcurrentGCThread "G1 Service"                [id=30048, stack(0x000000a896300000,0x000000a896400000) (1024K)]
Total: 15

Threads with active compile tasks:
C2 CompilerThread0  59870 14821       4       org.gradle.tooling.internal.provider.runner.ClientBuildEventGenerator::started (168 bytes)
Total: 1

VM state: at safepoint (normal execution)

VM Mutex/Monitor currently owned by a thread:  ([mutex/lock_event])
[0x00007ffd82898690] Threads_lock - owner thread: 0x000001f6a277bf30
[0x00007ffd82898790] Heap_lock - owner thread: 0x000001f6ace2fb50

Heap address: 0x0000000080000000, size: 2048 MB, Compressed Oops mode: 32-bit

CDS archive(s) not mapped
Compressed class space mapped at: 0x0000000100000000-0x0000000140000000, reserved size: 1073741824
Narrow klass base: 0x0000000000000000, Narrow klass shift: 3, Narrow klass range: 0x140000000

GC Precious Log:
 CardTable entry size: 512
 Card Set container configuration: InlinePtr #cards 5 size 8 Array Of Cards #cards 12 size 40 Howl #buckets 4 coarsen threshold 1843 Howl Bitmap #cards 512 size 80 coarsen threshold 460 Card regions per heap region 1 cards per card region 2048
 CPUs: 8 total, 8 available
 Memory: 7455M
 Large Page Support: Disabled
 NUMA Support: Disabled
 Compressed Oops: Enabled (32-bit)
 Heap Region Size: 1M
 Heap Min Capacity: 8M
 Heap Initial Capacity: 118M
 Heap Max Capacity: 2G
 Pre-touch: Disabled
 Parallel Workers: 8
 Concurrent Workers: 2
 Concurrent Refinement Workers: 8
 Periodic GC: Disabled

Heap:
 garbage-first heap   total 214016K, used 127447K [0x0000000080000000, 0x0000000100000000)
  region size 1024K, 4 young (4096K), 4 survivors (4096K)
 Metaspace       used 122139K, committed 124544K, reserved 1179648K
  class space    used 17103K, committed 18240K, reserved 1048576K

Heap Regions: E=young(eden), S=young(survivor), O=old, HS=humongous(starts), HC=humongous(continues), CS=collection set, F=free, TAMS=top-at-mark-start, PB=parsable bottom
|   0|0x0000000080000000, 0x0000000080100000, 0x0000000080100000|100%|HS|  |TAMS 0x0000000080000000| PB 0x0000000080000000| Complete 
|   1|0x0000000080100000, 0x0000000080200000, 0x0000000080200000|100%|HC|  |TAMS 0x0000000080100000| PB 0x0000000080100000| Complete 
|   2|0x0000000080200000, 0x0000000080300000, 0x0000000080300000|100%|HC|  |TAMS 0x0000000080200000| PB 0x0000000080200000| Complete 
|   3|0x0000000080300000, 0x0000000080400000, 0x0000000080400000|100%|HC|  |TAMS 0x0000000080300000| PB 0x0000000080300000| Complete 
|   4|0x0000000080400000, 0x0000000080500000, 0x0000000080500000|100%| O|  |TAMS 0x0000000080400000| PB 0x0000000080400000| Untracked 
|   5|0x0000000080500000, 0x0000000080600000, 0x0000000080600000|100%| O|  |TAMS 0x0000000080500000| PB 0x0000000080500000| Untracked 
|   6|0x0000000080600000, 0x0000000080700000, 0x0000000080700000|100%| O|  |TAMS 0x0000000080600000| PB 0x0000000080600000| Untracked 
|   7|0x0000000080700000, 0x0000000080800000, 0x0000000080800000|100%|HS|  |TAMS 0x0000000080700000| PB 0x0000000080700000| Complete 
|   8|0x0000000080800000, 0x0000000080900000, 0x0000000080900000|100%| O|  |TAMS 0x0000000080800000| PB 0x0000000080800000| Untracked 
|   9|0x0000000080900000, 0x0000000080a00000, 0x0000000080a00000|100%| O|  |TAMS 0x0000000080900000| PB 0x0000000080900000| Untracked 
|  10|0x0000000080a00000, 0x0000000080b00000, 0x0000000080b00000|100%| O|  |TAMS 0x0000000080a00000| PB 0x0000000080a00000| Untracked 
|  11|0x0000000080b00000, 0x0000000080c00000, 0x0000000080c00000|100%| O|  |TAMS 0x0000000080b00000| PB 0x0000000080b00000| Untracked 
|  12|0x0000000080c00000, 0x0000000080d00000, 0x0000000080d00000|100%| O|  |TAMS 0x0000000080c00000| PB 0x0000000080c00000| Untracked 
|  13|0x0000000080d00000, 0x0000000080e00000, 0x0000000080e00000|100%| O|  |TAMS 0x0000000080d00000| PB 0x0000000080d00000| Untracked 
|  14|0x0000000080e00000, 0x0000000080f00000, 0x0000000080f00000|100%| O|  |TAMS 0x0000000080e00000| PB 0x0000000080e00000| Untracked 
|  15|0x0000000080f00000, 0x0000000081000000, 0x0000000081000000|100%| O|  |TAMS 0x0000000080f00000| PB 0x0000000080f00000| Untracked 
|  16|0x0000000081000000, 0x0000000081100000, 0x0000000081100000|100%| O|  |TAMS 0x0000000081000000| PB 0x0000000081000000| Untracked 
|  17|0x0000000081100000, 0x0000000081200000, 0x0000000081200000|100%| O|  |TAMS 0x0000000081100000| PB 0x0000000081100000| Untracked 
|  18|0x0000000081200000, 0x0000000081300000, 0x0000000081300000|100%| O|  |TAMS 0x0000000081200000| PB 0x0000000081200000| Untracked 
|  19|0x0000000081300000, 0x0000000081400000, 0x0000000081400000|100%| O|  |TAMS 0x0000000081300000| PB 0x0000000081300000| Untracked 
|  20|0x0000000081400000, 0x0000000081500000, 0x0000000081500000|100%| O|  |TAMS 0x0000000081400000| PB 0x0000000081400000| Untracked 
|  21|0x0000000081500000, 0x0000000081600000, 0x0000000081600000|100%| O|  |TAMS 0x0000000081500000| PB 0x0000000081500000| Untracked 
|  22|0x0000000081600000, 0x0000000081700000, 0x0000000081700000|100%| O|  |TAMS 0x0000000081600000| PB 0x0000000081600000| Untracked 
|  23|0x0000000081700000, 0x0000000081800000, 0x0000000081800000|100%| O|  |TAMS 0x0000000081700000| PB 0x0000000081700000| Untracked 
|  24|0x0000000081800000, 0x0000000081900000, 0x0000000081900000|100%| O|  |TAMS 0x0000000081800000| PB 0x0000000081800000| Untracked 
|  25|0x0000000081900000, 0x0000000081a00000, 0x0000000081a00000|100%| O|  |TAMS 0x0000000081900000| PB 0x0000000081900000| Untracked 
|  26|0x0000000081a00000, 0x0000000081b00000, 0x0000000081b00000|100%| O|  |TAMS 0x0000000081a00000| PB 0x0000000081a00000| Untracked 
|  27|0x0000000081b00000, 0x0000000081c00000, 0x0000000081c00000|100%| O|  |TAMS 0x0000000081b00000| PB 0x0000000081b00000| Untracked 
|  28|0x0000000081c00000, 0x0000000081d00000, 0x0000000081d00000|100%| O|  |TAMS 0x0000000081c00000| PB 0x0000000081c00000| Untracked 
|  29|0x0000000081d00000, 0x0000000081e00000, 0x0000000081e00000|100%| O|  |TAMS 0x0000000081d00000| PB 0x0000000081d00000| Untracked 
|  30|0x0000000081e00000, 0x0000000081f00000, 0x0000000081f00000|100%|HS|  |TAMS 0x0000000081e00000| PB 0x0000000081e00000| Complete 
|  31|0x0000000081f00000, 0x0000000082000000, 0x0000000082000000|100%|HC|  |TAMS 0x0000000081f00000| PB 0x0000000081f00000| Complete 
|  32|0x0000000082000000, 0x0000000082100000, 0x0000000082100000|100%| O|  |TAMS 0x0000000082000000| PB 0x0000000082000000| Untracked 
|  33|0x0000000082100000, 0x0000000082200000, 0x0000000082200000|100%| O|  |TAMS 0x0000000082100000| PB 0x0000000082100000| Untracked 
|  34|0x0000000082200000, 0x0000000082300000, 0x0000000082300000|100%| O|  |TAMS 0x0000000082200000| PB 0x0000000082200000| Untracked 
|  35|0x0000000082300000, 0x0000000082400000, 0x0000000082400000|100%| O|  |TAMS 0x0000000082300000| PB 0x0000000082300000| Untracked 
|  36|0x0000000082400000, 0x0000000082500000, 0x0000000082500000|100%| O|  |TAMS 0x0000000082400000| PB 0x0000000082400000| Untracked 
|  37|0x0000000082500000, 0x0000000082600000, 0x0000000082600000|100%| O|  |TAMS 0x0000000082500000| PB 0x0000000082500000| Untracked 
|  38|0x0000000082600000, 0x0000000082700000, 0x0000000082700000|100%| O|  |TAMS 0x0000000082600000| PB 0x0000000082600000| Untracked 
|  39|0x0000000082700000, 0x0000000082800000, 0x0000000082800000|100%| O|  |TAMS 0x0000000082700000| PB 0x0000000082700000| Untracked 
|  40|0x0000000082800000, 0x0000000082900000, 0x0000000082900000|100%| O|  |TAMS 0x0000000082800000| PB 0x0000000082800000| Untracked 
|  41|0x0000000082900000, 0x0000000082a00000, 0x0000000082a00000|100%| O|  |TAMS 0x0000000082900000| PB 0x0000000082900000| Untracked 
|  42|0x0000000082a00000, 0x0000000082b00000, 0x0000000082b00000|100%| O|  |TAMS 0x0000000082a00000| PB 0x0000000082a00000| Untracked 
|  43|0x0000000082b00000, 0x0000000082c00000, 0x0000000082c00000|100%| O|  |TAMS 0x0000000082b00000| PB 0x0000000082b00000| Untracked 
|  44|0x0000000082c00000, 0x0000000082d00000, 0x0000000082d00000|100%| O|  |TAMS 0x0000000082c00000| PB 0x0000000082c00000| Untracked 
|  45|0x0000000082d00000, 0x0000000082e00000, 0x0000000082e00000|100%| O|  |TAMS 0x0000000082d00000| PB 0x0000000082d00000| Untracked 
|  46|0x0000000082e00000, 0x0000000082f00000, 0x0000000082f00000|100%| O|  |TAMS 0x0000000082e00000| PB 0x0000000082e00000| Untracked 
|  47|0x0000000082f00000, 0x0000000083000000, 0x0000000083000000|100%| O|  |TAMS 0x0000000082f00000| PB 0x0000000082f00000| Untracked 
|  48|0x0000000083000000, 0x0000000083100000, 0x0000000083100000|100%| O|  |TAMS 0x0000000083000000| PB 0x0000000083000000| Untracked 
|  49|0x0000000083100000, 0x0000000083200000, 0x0000000083200000|100%| O|  |TAMS 0x0000000083100000| PB 0x0000000083100000| Untracked 
|  50|0x0000000083200000, 0x0000000083300000, 0x0000000083300000|100%| O|  |TAMS 0x0000000083200000| PB 0x0000000083200000| Untracked 
|  51|0x0000000083300000, 0x0000000083400000, 0x0000000083400000|100%|HS|  |TAMS 0x0000000083300000| PB 0x0000000083300000| Complete 
|  52|0x0000000083400000, 0x0000000083500000, 0x0000000083500000|100%|HS|  |TAMS 0x0000000083400000| PB 0x0000000083400000| Complete 
|  53|0x0000000083500000, 0x0000000083600000, 0x0000000083600000|100%|HS|  |TAMS 0x0000000083500000| PB 0x0000000083500000| Complete 
|  54|0x0000000083600000, 0x0000000083700000, 0x0000000083700000|100%|HC|  |TAMS 0x0000000083600000| PB 0x0000000083600000| Complete 
|  55|0x0000000083700000, 0x0000000083800000, 0x0000000083800000|100%|HS|  |TAMS 0x0000000083700000| PB 0x0000000083700000| Complete 
|  56|0x0000000083800000, 0x0000000083900000, 0x0000000083900000|100%|HS|  |TAMS 0x0000000083800000| PB 0x0000000083800000| Complete 
|  57|0x0000000083900000, 0x0000000083a00000, 0x0000000083a00000|100%| O|  |TAMS 0x0000000083900000| PB 0x0000000083900000| Untracked 
|  58|0x0000000083a00000, 0x0000000083b00000, 0x0000000083b00000|100%|HS|  |TAMS 0x0000000083a00000| PB 0x0000000083a00000| Complete 
|  59|0x0000000083b00000, 0x0000000083c00000, 0x0000000083c00000|100%|HS|  |TAMS 0x0000000083b00000| PB 0x0000000083b00000| Complete 
|  60|0x0000000083c00000, 0x0000000083d00000, 0x0000000083d00000|100%|HS|  |TAMS 0x0000000083c00000| PB 0x0000000083c00000| Complete 
|  61|0x0000000083d00000, 0x0000000083e00000, 0x0000000083e00000|100%|HC|  |TAMS 0x0000000083d00000| PB 0x0000000083d00000| Complete 
|  62|0x0000000083e00000, 0x0000000083f00000, 0x0000000083f00000|100%| O|  |TAMS 0x0000000083e00000| PB 0x0000000083e00000| Untracked 
|  63|0x0000000083f00000, 0x0000000083f00000, 0x0000000084000000|  0%| F|  |TAMS 0x0000000083f00000| PB 0x0000000083f00000| Untracked 
|  64|0x0000000084000000, 0x0000000084100000, 0x0000000084100000|100%| O|  |TAMS 0x0000000084000000| PB 0x0000000084000000| Untracked 
|  65|0x0000000084100000, 0x0000000084200000, 0x0000000084200000|100%| O|  |TAMS 0x0000000084100000| PB 0x0000000084100000| Untracked 
|  66|0x0000000084200000, 0x0000000084300000, 0x0000000084300000|100%| O|  |TAMS 0x0000000084200000| PB 0x0000000084200000| Untracked 
|  67|0x0000000084300000, 0x0000000084400000, 0x0000000084400000|100%| O|  |TAMS 0x0000000084300000| PB 0x0000000084300000| Untracked 
|  68|0x0000000084400000, 0x0000000084500000, 0x0000000084500000|100%| O|  |TAMS 0x0000000084400000| PB 0x0000000084400000| Untracked 
|  69|0x0000000084500000, 0x0000000084600000, 0x0000000084600000|100%| O|  |TAMS 0x0000000084500000| PB 0x0000000084500000| Untracked 
|  70|0x0000000084600000, 0x0000000084700000, 0x0000000084700000|100%| O|  |TAMS 0x0000000084600000| PB 0x0000000084600000| Untracked 
|  71|0x0000000084700000, 0x0000000084800000, 0x0000000084800000|100%|HS|  |TAMS 0x0000000084700000| PB 0x0000000084700000| Complete 
|  72|0x0000000084800000, 0x0000000084900000, 0x0000000084900000|100%| O|  |TAMS 0x0000000084800000| PB 0x0000000084800000| Untracked 
|  73|0x0000000084900000, 0x0000000084a00000, 0x0000000084a00000|100%| O|  |TAMS 0x0000000084900000| PB 0x0000000084900000| Untracked 
|  74|0x0000000084a00000, 0x0000000084b00000, 0x0000000084b00000|100%| O|  |TAMS 0x0000000084a00000| PB 0x0000000084a00000| Untracked 
|  75|0x0000000084b00000, 0x0000000084c00000, 0x0000000084c00000|100%| O|  |TAMS 0x0000000084b00000| PB 0x0000000084b00000| Untracked 
|  76|0x0000000084c00000, 0x0000000084d00000, 0x0000000084d00000|100%| O|  |TAMS 0x0000000084c00000| PB 0x0000000084c00000| Untracked 
|  77|0x0000000084d00000, 0x0000000084e00000, 0x0000000084e00000|100%| O|  |TAMS 0x0000000084d00000| PB 0x0000000084d00000| Untracked 
|  78|0x0000000084e00000, 0x0000000084f00000, 0x0000000084f00000|100%| O|  |TAMS 0x0000000084e00000| PB 0x0000000084e00000| Untracked 
|  79|0x0000000084f00000, 0x0000000085000000, 0x0000000085000000|100%| O|  |TAMS 0x0000000084f00000| PB 0x0000000084f00000| Untracked 
|  80|0x0000000085000000, 0x0000000085100000, 0x0000000085100000|100%| O|  |TAMS 0x0000000085000000| PB 0x0000000085000000| Untracked 
|  81|0x0000000085100000, 0x0000000085200000, 0x0000000085200000|100%| O|  |TAMS 0x0000000085100000| PB 0x0000000085100000| Untracked 
|  82|0x0000000085200000, 0x0000000085300000, 0x0000000085300000|100%| O|  |TAMS 0x0000000085200000| PB 0x0000000085200000| Untracked 
|  83|0x0000000085300000, 0x0000000085400000, 0x0000000085400000|100%| O|  |TAMS 0x0000000085300000| PB 0x0000000085300000| Untracked 
|  84|0x0000000085400000, 0x0000000085500000, 0x0000000085500000|100%| O|  |TAMS 0x0000000085400000| PB 0x0000000085400000| Untracked 
|  85|0x0000000085500000, 0x0000000085600000, 0x0000000085600000|100%| O|  |TAMS 0x0000000085500000| PB 0x0000000085500000| Untracked 
|  86|0x0000000085600000, 0x0000000085700000, 0x0000000085700000|100%| O|  |TAMS 0x0000000085600000| PB 0x0000000085600000| Untracked 
|  87|0x0000000085700000, 0x0000000085800000, 0x0000000085800000|100%| O|  |TAMS 0x0000000085700000| PB 0x0000000085700000| Untracked 
|  88|0x0000000085800000, 0x0000000085900000, 0x0000000085900000|100%| O|  |TAMS 0x0000000085800000| PB 0x0000000085800000| Untracked 
|  89|0x0000000085900000, 0x0000000085a00000, 0x0000000085a00000|100%| O|  |TAMS 0x0000000085900000| PB 0x0000000085900000| Untracked 
|  90|0x0000000085a00000, 0x0000000085b00000, 0x0000000085b00000|100%| O|  |TAMS 0x0000000085a00000| PB 0x0000000085a00000| Untracked 
|  91|0x0000000085b00000, 0x0000000085c00000, 0x0000000085c00000|100%| O|  |TAMS 0x0000000085b00000| PB 0x0000000085b00000| Untracked 
|  92|0x0000000085c00000, 0x0000000085d00000, 0x0000000085d00000|100%| O|  |TAMS 0x0000000085c00000| PB 0x0000000085c00000| Untracked 
|  93|0x0000000085d00000, 0x0000000085e00000, 0x0000000085e00000|100%| O|  |TAMS 0x0000000085d00000| PB 0x0000000085d00000| Untracked 
|  94|0x0000000085e00000, 0x0000000085f00000, 0x0000000085f00000|100%| O|  |TAMS 0x0000000085e00000| PB 0x0000000085e00000| Untracked 
|  95|0x0000000085f00000, 0x0000000086000000, 0x0000000086000000|100%| O|  |TAMS 0x0000000085f00000| PB 0x0000000085f00000| Untracked 
|  96|0x0000000086000000, 0x0000000086100000, 0x0000000086100000|100%| O|  |TAMS 0x0000000086000000| PB 0x0000000086000000| Untracked 
|  97|0x0000000086100000, 0x0000000086200000, 0x0000000086200000|100%| O|  |TAMS 0x0000000086100000| PB 0x0000000086100000| Untracked 
|  98|0x0000000086200000, 0x0000000086300000, 0x0000000086300000|100%| O|  |TAMS 0x0000000086200000| PB 0x0000000086200000| Untracked 
|  99|0x0000000086300000, 0x0000000086400000, 0x0000000086400000|100%| O|  |TAMS 0x0000000086300000| PB 0x0000000086300000| Untracked 
| 100|0x0000000086400000, 0x0000000086500000, 0x0000000086500000|100%| O|  |TAMS 0x0000000086400000| PB 0x0000000086400000| Untracked 
| 101|0x0000000086500000, 0x0000000086600000, 0x0000000086600000|100%| O|  |TAMS 0x0000000086500000| PB 0x0000000086500000| Untracked 
| 102|0x0000000086600000, 0x0000000086700000, 0x0000000086700000|100%| O|  |TAMS 0x0000000086600000| PB 0x0000000086600000| Untracked 
| 103|0x0000000086700000, 0x0000000086800000, 0x0000000086800000|100%| O|  |TAMS 0x0000000086700000| PB 0x0000000086700000| Untracked 
| 104|0x0000000086800000, 0x0000000086900000, 0x0000000086900000|100%| O|  |TAMS 0x0000000086800000| PB 0x0000000086800000| Untracked 
| 105|0x0000000086900000, 0x0000000086a00000, 0x0000000086a00000|100%| O|  |TAMS 0x0000000086900000| PB 0x0000000086900000| Untracked 
| 106|0x0000000086a00000, 0x0000000086b00000, 0x0000000086b00000|100%| O|  |TAMS 0x0000000086a00000| PB 0x0000000086a00000| Untracked 
| 107|0x0000000086b00000, 0x0000000086c00000, 0x0000000086c00000|100%| O|  |TAMS 0x0000000086b00000| PB 0x0000000086b00000| Untracked 
| 108|0x0000000086c00000, 0x0000000086d00000, 0x0000000086d00000|100%| O|  |TAMS 0x0000000086c00000| PB 0x0000000086c00000| Untracked 
| 109|0x0000000086d00000, 0x0000000086e00000, 0x0000000086e00000|100%| O|  |TAMS 0x0000000086d00000| PB 0x0000000086d00000| Untracked 
| 110|0x0000000086e00000, 0x0000000086f00000, 0x0000000086f00000|100%| O|  |TAMS 0x0000000086e00000| PB 0x0000000086e00000| Untracked 
| 111|0x0000000086f00000, 0x0000000086f4ebd8, 0x0000000087000000| 30%| O|  |TAMS 0x0000000086f00000| PB 0x0000000086f00000| Untracked 
| 112|0x0000000087000000, 0x0000000087000000, 0x0000000087100000|  0%| F|  |TAMS 0x0000000087000000| PB 0x0000000087000000| Untracked 
| 113|0x0000000087100000, 0x0000000087100000, 0x0000000087200000|  0%| F|  |TAMS 0x0000000087100000| PB 0x0000000087100000| Untracked 
| 114|0x0000000087200000, 0x0000000087200000, 0x0000000087300000|  0%| F|  |TAMS 0x0000000087200000| PB 0x0000000087200000| Untracked 
| 115|0x0000000087300000, 0x0000000087300000, 0x0000000087400000|  0%| F|  |TAMS 0x0000000087300000| PB 0x0000000087300000| Untracked 
| 116|0x0000000087400000, 0x0000000087400000, 0x0000000087500000|  0%| F|  |TAMS 0x0000000087400000| PB 0x0000000087400000| Untracked 
| 117|0x0000000087500000, 0x0000000087527310, 0x0000000087600000| 15%| S|CS|TAMS 0x0000000087500000| PB 0x0000000087500000| Complete 
| 118|0x0000000087600000, 0x0000000087700000, 0x0000000087700000|100%| S|CS|TAMS 0x0000000087600000| PB 0x0000000087600000| Complete 
| 119|0x0000000087700000, 0x0000000087800000, 0x0000000087800000|100%| S|CS|TAMS 0x0000000087700000| PB 0x0000000087700000| Complete 
| 120|0x0000000087800000, 0x0000000087900000, 0x0000000087900000|100%| S|CS|TAMS 0x0000000087800000| PB 0x0000000087800000| Complete 
| 121|0x0000000087900000, 0x0000000087900000, 0x0000000087a00000|  0%| F|  |TAMS 0x0000000087900000| PB 0x0000000087900000| Untracked 
| 122|0x0000000087a00000, 0x0000000087a00000, 0x0000000087b00000|  0%| F|  |TAMS 0x0000000087a00000| PB 0x0000000087a00000| Untracked 
| 123|0x0000000087b00000, 0x0000000087b00000, 0x0000000087c00000|  0%| F|  |TAMS 0x0000000087b00000| PB 0x0000000087b00000| Untracked 
| 124|0x0000000087c00000, 0x0000000087c00000, 0x0000000087d00000|  0%| F|  |TAMS 0x0000000087c00000| PB 0x0000000087c00000| Untracked 
| 125|0x0000000087d00000, 0x0000000087d00000, 0x0000000087e00000|  0%| F|  |TAMS 0x0000000087d00000| PB 0x0000000087d00000| Untracked 
| 126|0x0000000087e00000, 0x0000000087e00000, 0x0000000087f00000|  0%| F|  |TAMS 0x0000000087e00000| PB 0x0000000087e00000| Untracked 
| 127|0x0000000087f00000, 0x0000000087f00000, 0x0000000088000000|  0%| F|  |TAMS 0x0000000087f00000| PB 0x0000000087f00000| Untracked 
| 128|0x0000000088000000, 0x0000000088000000, 0x0000000088100000|  0%| F|  |TAMS 0x0000000088000000| PB 0x0000000088000000| Untracked 
| 129|0x0000000088100000, 0x0000000088100000, 0x0000000088200000|  0%| F|  |TAMS 0x0000000088100000| PB 0x0000000088100000| Untracked 
| 130|0x0000000088200000, 0x0000000088200000, 0x0000000088300000|  0%| F|  |TAMS 0x0000000088200000| PB 0x0000000088200000| Untracked 
| 131|0x0000000088300000, 0x0000000088300000, 0x0000000088400000|  0%| F|  |TAMS 0x0000000088300000| PB 0x0000000088300000| Untracked 
| 132|0x0000000088400000, 0x0000000088400000, 0x0000000088500000|  0%| F|  |TAMS 0x0000000088400000| PB 0x0000000088400000| Untracked 
| 133|0x0000000088500000, 0x0000000088500000, 0x0000000088600000|  0%| F|  |TAMS 0x0000000088500000| PB 0x0000000088500000| Untracked 
| 134|0x0000000088600000, 0x0000000088600000, 0x0000000088700000|  0%| F|  |TAMS 0x0000000088600000| PB 0x0000000088600000| Untracked 
| 135|0x0000000088700000, 0x0000000088700000, 0x0000000088800000|  0%| F|  |TAMS 0x0000000088700000| PB 0x0000000088700000| Untracked 
| 136|0x0000000088800000, 0x0000000088800000, 0x0000000088900000|  0%| F|  |TAMS 0x0000000088800000| PB 0x0000000088800000| Untracked 
| 137|0x0000000088900000, 0x0000000088900000, 0x0000000088a00000|  0%| F|  |TAMS 0x0000000088900000| PB 0x0000000088900000| Untracked 
| 138|0x0000000088a00000, 0x0000000088a00000, 0x0000000088b00000|  0%| F|  |TAMS 0x0000000088a00000| PB 0x0000000088a00000| Untracked 
| 139|0x0000000088b00000, 0x0000000088b00000, 0x0000000088c00000|  0%| F|  |TAMS 0x0000000088b00000| PB 0x0000000088b00000| Untracked 
| 140|0x0000000088c00000, 0x0000000088c00000, 0x0000000088d00000|  0%| F|  |TAMS 0x0000000088c00000| PB 0x0000000088c00000| Untracked 
| 141|0x0000000088d00000, 0x0000000088d00000, 0x0000000088e00000|  0%| F|  |TAMS 0x0000000088d00000| PB 0x0000000088d00000| Untracked 
| 142|0x0000000088e00000, 0x0000000088e00000, 0x0000000088f00000|  0%| F|  |TAMS 0x0000000088e00000| PB 0x0000000088e00000| Untracked 
| 143|0x0000000088f00000, 0x0000000088f00000, 0x0000000089000000|  0%| F|  |TAMS 0x0000000088f00000| PB 0x0000000088f00000| Untracked 
| 144|0x0000000089000000, 0x0000000089000000, 0x0000000089100000|  0%| F|  |TAMS 0x0000000089000000| PB 0x0000000089000000| Untracked 
| 145|0x0000000089100000, 0x0000000089100000, 0x0000000089200000|  0%| F|  |TAMS 0x0000000089100000| PB 0x0000000089100000| Untracked 
| 146|0x0000000089200000, 0x0000000089200000, 0x0000000089300000|  0%| F|  |TAMS 0x0000000089200000| PB 0x0000000089200000| Untracked 
| 147|0x0000000089300000, 0x0000000089300000, 0x0000000089400000|  0%| F|  |TAMS 0x0000000089300000| PB 0x0000000089300000| Untracked 
| 148|0x0000000089400000, 0x0000000089400000, 0x0000000089500000|  0%| F|  |TAMS 0x0000000089400000| PB 0x0000000089400000| Untracked 
| 149|0x0000000089500000, 0x0000000089500000, 0x0000000089600000|  0%| F|  |TAMS 0x0000000089500000| PB 0x0000000089500000| Untracked 
| 150|0x0000000089600000, 0x0000000089600000, 0x0000000089700000|  0%| F|  |TAMS 0x0000000089600000| PB 0x0000000089600000| Untracked 
| 151|0x0000000089700000, 0x0000000089700000, 0x0000000089800000|  0%| F|  |TAMS 0x0000000089700000| PB 0x0000000089700000| Untracked 
| 152|0x0000000089800000, 0x0000000089800000, 0x0000000089900000|  0%| F|  |TAMS 0x0000000089800000| PB 0x0000000089800000| Untracked 
| 153|0x0000000089900000, 0x0000000089900000, 0x0000000089a00000|  0%| F|  |TAMS 0x0000000089900000| PB 0x0000000089900000| Untracked 
| 154|0x0000000089a00000, 0x0000000089a00000, 0x0000000089b00000|  0%| F|  |TAMS 0x0000000089a00000| PB 0x0000000089a00000| Untracked 
| 155|0x0000000089b00000, 0x0000000089b00000, 0x0000000089c00000|  0%| F|  |TAMS 0x0000000089b00000| PB 0x0000000089b00000| Untracked 
| 156|0x0000000089c00000, 0x0000000089c00000, 0x0000000089d00000|  0%| F|  |TAMS 0x0000000089c00000| PB 0x0000000089c00000| Untracked 
| 157|0x0000000089d00000, 0x0000000089d00000, 0x0000000089e00000|  0%| F|  |TAMS 0x0000000089d00000| PB 0x0000000089d00000| Untracked 
| 158|0x0000000089e00000, 0x0000000089e00000, 0x0000000089f00000|  0%| F|  |TAMS 0x0000000089e00000| PB 0x0000000089e00000| Untracked 
| 159|0x0000000089f00000, 0x0000000089f00000, 0x000000008a000000|  0%| F|  |TAMS 0x0000000089f00000| PB 0x0000000089f00000| Untracked 
| 160|0x000000008a000000, 0x000000008a000000, 0x000000008a100000|  0%| F|  |TAMS 0x000000008a000000| PB 0x000000008a000000| Untracked 
| 161|0x000000008a100000, 0x000000008a100000, 0x000000008a200000|  0%| F|  |TAMS 0x000000008a100000| PB 0x000000008a100000| Untracked 
| 162|0x000000008a200000, 0x000000008a200000, 0x000000008a300000|  0%| F|  |TAMS 0x000000008a200000| PB 0x000000008a200000| Untracked 
| 163|0x000000008a300000, 0x000000008a300000, 0x000000008a400000|  0%| F|  |TAMS 0x000000008a300000| PB 0x000000008a300000| Untracked 
| 164|0x000000008a400000, 0x000000008a400000, 0x000000008a500000|  0%| F|  |TAMS 0x000000008a400000| PB 0x000000008a400000| Untracked 
| 165|0x000000008a500000, 0x000000008a500000, 0x000000008a600000|  0%| F|  |TAMS 0x000000008a500000| PB 0x000000008a500000| Untracked 
| 166|0x000000008a600000, 0x000000008a600000, 0x000000008a700000|  0%| F|  |TAMS 0x000000008a600000| PB 0x000000008a600000| Untracked 
| 167|0x000000008a700000, 0x000000008a700000, 0x000000008a800000|  0%| F|  |TAMS 0x000000008a700000| PB 0x000000008a700000| Untracked 
| 168|0x000000008a800000, 0x000000008a800000, 0x000000008a900000|  0%| F|  |TAMS 0x000000008a800000| PB 0x000000008a800000| Untracked 
| 169|0x000000008a900000, 0x000000008a900000, 0x000000008aa00000|  0%| F|  |TAMS 0x000000008a900000| PB 0x000000008a900000| Untracked 
| 170|0x000000008aa00000, 0x000000008aa00000, 0x000000008ab00000|  0%| F|  |TAMS 0x000000008aa00000| PB 0x000000008aa00000| Untracked 
| 171|0x000000008ab00000, 0x000000008ab00000, 0x000000008ac00000|  0%| F|  |TAMS 0x000000008ab00000| PB 0x000000008ab00000| Untracked 
| 172|0x000000008ac00000, 0x000000008ac00000, 0x000000008ad00000|  0%| F|  |TAMS 0x000000008ac00000| PB 0x000000008ac00000| Untracked 
| 173|0x000000008ad00000, 0x000000008ad00000, 0x000000008ae00000|  0%| F|  |TAMS 0x000000008ad00000| PB 0x000000008ad00000| Untracked 
| 174|0x000000008ae00000, 0x000000008ae00000, 0x000000008af00000|  0%| F|  |TAMS 0x000000008ae00000| PB 0x000000008ae00000| Untracked 
| 175|0x000000008af00000, 0x000000008af00000, 0x000000008b000000|  0%| F|  |TAMS 0x000000008af00000| PB 0x000000008af00000| Untracked 
| 176|0x000000008b000000, 0x000000008b000000, 0x000000008b100000|  0%| F|  |TAMS 0x000000008b000000| PB 0x000000008b000000| Untracked 
| 177|0x000000008b100000, 0x000000008b100000, 0x000000008b200000|  0%| F|  |TAMS 0x000000008b100000| PB 0x000000008b100000| Untracked 
| 178|0x000000008b200000, 0x000000008b200000, 0x000000008b300000|  0%| F|  |TAMS 0x000000008b200000| PB 0x000000008b200000| Untracked 
| 179|0x000000008b300000, 0x000000008b300000, 0x000000008b400000|  0%| F|  |TAMS 0x000000008b300000| PB 0x000000008b300000| Untracked 
| 180|0x000000008b400000, 0x000000008b400000, 0x000000008b500000|  0%| F|  |TAMS 0x000000008b400000| PB 0x000000008b400000| Untracked 
| 181|0x000000008b500000, 0x000000008b500000, 0x000000008b600000|  0%| F|  |TAMS 0x000000008b500000| PB 0x000000008b500000| Untracked 
| 182|0x000000008b600000, 0x000000008b600000, 0x000000008b700000|  0%| F|  |TAMS 0x000000008b600000| PB 0x000000008b600000| Untracked 
| 183|0x000000008b700000, 0x000000008b700000, 0x000000008b800000|  0%| F|  |TAMS 0x000000008b700000| PB 0x000000008b700000| Untracked 
| 184|0x000000008b800000, 0x000000008b800000, 0x000000008b900000|  0%| F|  |TAMS 0x000000008b800000| PB 0x000000008b800000| Untracked 
| 185|0x000000008b900000, 0x000000008b900000, 0x000000008ba00000|  0%| F|  |TAMS 0x000000008b900000| PB 0x000000008b900000| Untracked 
| 186|0x000000008ba00000, 0x000000008ba00000, 0x000000008bb00000|  0%| F|  |TAMS 0x000000008ba00000| PB 0x000000008ba00000| Untracked 
| 187|0x000000008bb00000, 0x000000008bb00000, 0x000000008bc00000|  0%| F|  |TAMS 0x000000008bb00000| PB 0x000000008bb00000| Untracked 
| 188|0x000000008bc00000, 0x000000008bc00000, 0x000000008bd00000|  0%| F|  |TAMS 0x000000008bc00000| PB 0x000000008bc00000| Untracked 
|2028|0x00000000fec00000, 0x00000000fec00000, 0x00000000fed00000|  0%| F|  |TAMS 0x00000000fec00000| PB 0x00000000fec00000| Untracked 
|2029|0x00000000fed00000, 0x00000000fed00000, 0x00000000fee00000|  0%| F|  |TAMS 0x00000000fed00000| PB 0x00000000fed00000| Untracked 
|2030|0x00000000fee00000, 0x00000000fee00000, 0x00000000fef00000|  0%| F|  |TAMS 0x00000000fee00000| PB 0x00000000fee00000| Untracked 
|2031|0x00000000fef00000, 0x00000000ff000000, 0x00000000ff000000|100%| O|  |TAMS 0x00000000fef00000| PB 0x00000000fef00000| Untracked 
|2032|0x00000000ff000000, 0x00000000ff100000, 0x00000000ff100000|100%| O|  |TAMS 0x00000000ff000000| PB 0x00000000ff000000| Untracked 
|2033|0x00000000ff100000, 0x00000000ff200000, 0x00000000ff200000|100%| O|  |TAMS 0x00000000ff100000| PB 0x00000000ff100000| Untracked 
|2034|0x00000000ff200000, 0x00000000ff300000, 0x00000000ff300000|100%| O|  |TAMS 0x00000000ff200000| PB 0x00000000ff200000| Untracked 
|2035|0x00000000ff300000, 0x00000000ff400000, 0x00000000ff400000|100%| O|  |TAMS 0x00000000ff300000| PB 0x00000000ff300000| Untracked 
|2036|0x00000000ff400000, 0x00000000ff500000, 0x00000000ff500000|100%| O|  |TAMS 0x00000000ff400000| PB 0x00000000ff400000| Untracked 
|2037|0x00000000ff500000, 0x00000000ff600000, 0x00000000ff600000|100%| O|  |TAMS 0x00000000ff500000| PB 0x00000000ff500000| Untracked 
|2038|0x00000000ff600000, 0x00000000ff600000, 0x00000000ff700000|  0%| F|  |TAMS 0x00000000ff600000| PB 0x00000000ff600000| Untracked 
|2039|0x00000000ff700000, 0x00000000ff700000, 0x00000000ff800000|  0%| F|  |TAMS 0x00000000ff700000| PB 0x00000000ff700000| Untracked 
|2040|0x00000000ff800000, 0x00000000ff800000, 0x00000000ff900000|  0%| F|  |TAMS 0x00000000ff800000| PB 0x00000000ff800000| Untracked 
|2041|0x00000000ff900000, 0x00000000ffa00000, 0x00000000ffa00000|100%| O|  |TAMS 0x00000000ff900000| PB 0x00000000ff900000| Untracked 
|2042|0x00000000ffa00000, 0x00000000ffb00000, 0x00000000ffb00000|100%| O|  |TAMS 0x00000000ffa00000| PB 0x00000000ffa00000| Untracked 
|2043|0x00000000ffb00000, 0x00000000ffb00000, 0x00000000ffc00000|  0%| F|  |TAMS 0x00000000ffb00000| PB 0x00000000ffb00000| Untracked 
|2044|0x00000000ffc00000, 0x00000000ffd00000, 0x00000000ffd00000|100%| O|  |TAMS 0x00000000ffc00000| PB 0x00000000ffc00000| Untracked 
|2045|0x00000000ffd00000, 0x00000000ffd00000, 0x00000000ffe00000|  0%| F|  |TAMS 0x00000000ffd00000| PB 0x00000000ffd00000| Untracked 
|2046|0x00000000ffe00000, 0x00000000ffe00000, 0x00000000fff00000|  0%| F|  |TAMS 0x00000000ffe00000| PB 0x00000000ffe00000| Untracked 
|2047|0x00000000fff00000, 0x0000000100000000, 0x0000000100000000|100%| O|  |TAMS 0x00000000fff00000| PB 0x00000000fff00000| Untracked 

Card table byte_map: [0x000001f69d930000,0x000001f69dd30000] _byte_map_base: 0x000001f69d530000

Marking Bits: (CMBitMap*) 0x000001f688e2e670
 Bits: [0x000001f69dd30000, 0x000001f69fd30000)

Polling page: 0x000001f688ee0000

Metaspace:

Usage:
  Non-class:    102.57 MB used.
      Class:     16.70 MB used.
       Both:    119.28 MB used.

Virtual space:
  Non-class space:      128.00 MB reserved,     103.81 MB ( 81%) committed,  2 nodes.
      Class space:        1.00 GB reserved,      17.81 MB (  2%) committed,  1 nodes.
             Both:        1.12 GB reserved,     121.62 MB ( 11%) committed. 

Chunk freelists:
   Non-Class:  8.20 MB
       Class:  14.12 MB
        Both:  22.33 MB

MaxMetaspaceSize: unlimited
CompressedClassSpaceSize: 1.00 GB
Initial GC threshold: 21.00 MB
Current GC threshold: 202.62 MB
CDS: off
 - commit_granule_bytes: 65536.
 - commit_granule_words: 8192.
 - virtual_space_node_default_size: 8388608.
 - enlarge_chunks_in_place: 1.
 - use_allocation_guard: 0.


Internal statistics:

num_allocs_failed_limit: 6.
num_arena_births: 4730.
num_arena_deaths: 0.
num_vsnodes_births: 3.
num_vsnodes_deaths: 0.
num_space_committed: 1945.
num_space_uncommitted: 0.
num_chunks_returned_to_freelist: 6.
num_chunks_taken_from_freelist: 10076.
num_chunk_merges: 6.
num_chunk_splits: 6538.
num_chunks_enlarged: 4083.
num_inconsistent_stats: 0.

CodeHeap 'non-profiled nmethods': size=120000Kb used=8175Kb max_used=8202Kb free=111824Kb
 bounds [0x000001f695cd0000, 0x000001f6964f0000, 0x000001f69d200000]
CodeHeap 'profiled nmethods': size=120000Kb used=22497Kb max_used=22754Kb free=97502Kb
 bounds [0x000001f68e200000, 0x000001f68f840000, 0x000001f695730000]
CodeHeap 'non-nmethods': size=5760Kb used=2031Kb max_used=2088Kb free=3728Kb
 bounds [0x000001f695730000, 0x000001f6959a0000, 0x000001f695cd0000]
CodeCache: size=245760Kb, used=32703Kb, max_used=33044Kb, free=213054Kb
 total_blobs=13024, nmethods=12110, adapters=818, full_count=0
Compilation: enabled, stopped_count=0, restarted_count=0

Compilation events (20 events):
Event: 57.664 Thread 0x000001f6a2986f50 14816       4       java.util.ComparableTimSort::binarySort (223 bytes)
Event: 57.684 Thread 0x000001f6a2986f50 nmethod 14816 0x000001f69616e090 code [0x000001f69616e280, 0x000001f69616ee10]
Event: 57.684 Thread 0x000001f6a2986f50 14805       4       java.util.zip.ZipUtils::CENFLG (9 bytes)
Event: 57.685 Thread 0x000001f6a2986f50 nmethod 14805 0x000001f695e5d090 code [0x000001f695e5d220, 0x000001f695e5d300]
Event: 57.685 Thread 0x000001f6a2986f50 14813       4       java.util.zip.ZipUtils::CENSIZ (9 bytes)
Event: 57.687 Thread 0x000001f6a2986f50 nmethod 14813 0x000001f69615a290 code [0x000001f69615a420, 0x000001f69615a530]
Event: 57.687 Thread 0x000001f6a2986f50 14793       4       java.util.zip.ZipInputStream::read (288 bytes)
Event: 57.696 Thread 0x000001f6ae30c190 nmethod 14781 0x000001f69646b210 code [0x000001f69646b780, 0x000001f69646ed00]
Event: 57.696 Thread 0x000001f6ae30c190 14801       4       java.io.ByteArrayOutputStream::close (1 bytes)
Event: 57.697 Thread 0x000001f6ae30c190 nmethod 14801 0x000001f696159f10 code [0x000001f69615a0a0, 0x000001f69615a128]
Event: 57.697 Thread 0x000001f6a2986f50 nmethod 14793 0x000001f696419c10 code [0x000001f696419e40, 0x000001f69641a490]
Event: 57.713 Thread 0x000001f6a2986f50 14817       4       org.gradle.internal.snapshot.AbstractIncompleteFileSystemNode$2::handleAsDescendantOfChild (10 bytes)
Event: 57.713 Thread 0x000001f6ae30c190 14818       4       org.gradle.internal.snapshot.AbstractIncompleteFileSystemNode$2::handleAsDescendantOfChild (20 bytes)
Event: 57.715 Thread 0x000001f6ae30c190 nmethod 14818 0x000001f695e7b110 code [0x000001f695e7b2a0, 0x000001f695e7b3c0]
Event: 57.715 Thread 0x000001f6ae30c190 14819       4       java.nio.channels.spi.AbstractInterruptibleChannel::begin (48 bytes)
Event: 57.715 Thread 0x000001f6a2986f50 nmethod 14817 0x000001f695e7ac90 code [0x000001f695e7ae40, 0x000001f695e7afd8]
Event: 57.716 Thread 0x000001f6a2986f50 14820       4       java.nio.channels.spi.AbstractInterruptibleChannel::end (53 bytes)
Event: 57.719 Thread 0x000001f6a2986f50 nmethod 14820 0x000001f695e7a610 code [0x000001f695e7a7c0, 0x000001f695e7aad0]
Event: 57.719 Thread 0x000001f6a2986f50 14821       4       org.gradle.tooling.internal.provider.runner.ClientBuildEventGenerator::started (168 bytes)
Event: 57.722 Thread 0x000001f6ae30c190 nmethod 14819 0x000001f695d7e510 code [0x000001f695d7e6c0, 0x000001f695d7ebe8]

GC Heap History (20 events):
Event: 52.169 GC heap after
{Heap after GC invocations=58 (full 0):
 garbage-first heap   total 203776K, used 120973K [0x0000000080000000, 0x0000000100000000)
  region size 1024K, 2 young (2048K), 2 survivors (2048K)
 Metaspace       used 117640K, committed 120064K, reserved 1179648K
  class space    used 16497K, committed 17664K, reserved 1048576K
}
Event: 52.797 GC heap before
{Heap before GC invocations=58 (full 0):
 garbage-first heap   total 203776K, used 187533K [0x0000000080000000, 0x0000000100000000)
  region size 1024K, 68 young (69632K), 2 survivors (2048K)
 Metaspace       used 117646K, committed 120064K, reserved 1179648K
  class space    used 16498K, committed 17664K, reserved 1048576K
}
Event: 52.803 GC heap after
{Heap after GC invocations=59 (full 0):
 garbage-first heap   total 203776K, used 120442K [0x0000000080000000, 0x0000000100000000)
  region size 1024K, 3 young (3072K), 3 survivors (3072K)
 Metaspace       used 117646K, committed 120064K, reserved 1179648K
  class space    used 16498K, committed 17664K, reserved 1048576K
}
Event: 53.518 GC heap before
{Heap before GC invocations=59 (full 0):
 garbage-first heap   total 203776K, used 190074K [0x0000000080000000, 0x0000000100000000)
  region size 1024K, 71 young (72704K), 3 survivors (3072K)
 Metaspace       used 117901K, committed 120256K, reserved 1179648K
  class space    used 16535K, committed 17664K, reserved 1048576K
}
Event: 53.524 GC heap after
{Heap after GC invocations=60 (full 0):
 garbage-first heap   total 203776K, used 121488K [0x0000000080000000, 0x0000000100000000)
  region size 1024K, 4 young (4096K), 4 survivors (4096K)
 Metaspace       used 117901K, committed 120256K, reserved 1179648K
  class space    used 16535K, committed 17664K, reserved 1048576K
}
Event: 54.086 GC heap before
{Heap before GC invocations=61 (full 0):
 garbage-first heap   total 204800K, used 190096K [0x0000000080000000, 0x0000000100000000)
  region size 1024K, 72 young (73728K), 4 survivors (4096K)
 Metaspace       used 117963K, committed 120384K, reserved 1179648K
  class space    used 16541K, committed 17728K, reserved 1048576K
}
Event: 54.092 GC heap after
{Heap after GC invocations=62 (full 0):
 garbage-first heap   total 204800K, used 122203K [0x0000000080000000, 0x0000000100000000)
  region size 1024K, 5 young (5120K), 5 survivors (5120K)
 Metaspace       used 117963K, committed 120384K, reserved 1179648K
  class space    used 16541K, committed 17728K, reserved 1048576K
}
Event: 55.540 GC heap before
{Heap before GC invocations=62 (full 0):
 garbage-first heap   total 204800K, used 191835K [0x0000000080000000, 0x0000000100000000)
  region size 1024K, 74 young (75776K), 5 survivors (5120K)
 Metaspace       used 120666K, committed 123072K, reserved 1179648K
  class space    used 16875K, committed 18048K, reserved 1048576K
}
Event: 55.549 GC heap after
{Heap after GC invocations=63 (full 0):
 garbage-first heap   total 204800K, used 124577K [0x0000000080000000, 0x0000000100000000)
  region size 1024K, 8 young (8192K), 8 survivors (8192K)
 Metaspace       used 120666K, committed 123072K, reserved 1179648K
  class space    used 16875K, committed 18048K, reserved 1048576K
}
Event: 56.048 GC heap before
{Heap before GC invocations=63 (full 0):
 garbage-first heap   total 204800K, used 192161K [0x0000000080000000, 0x0000000100000000)
  region size 1024K, 75 young (76800K), 8 survivors (8192K)
 Metaspace       used 121487K, committed 123904K, reserved 1179648K
  class space    used 16990K, committed 18176K, reserved 1048576K
}
Event: 56.058 GC heap after
{Heap after GC invocations=64 (full 0):
 garbage-first heap   total 204800K, used 125476K [0x0000000080000000, 0x0000000100000000)
  region size 1024K, 6 young (6144K), 6 survivors (6144K)
 Metaspace       used 121487K, committed 123904K, reserved 1179648K
  class space    used 16990K, committed 18176K, reserved 1048576K
}
Event: 56.381 GC heap before
{Heap before GC invocations=65 (full 0):
 garbage-first heap   total 209920K, used 192036K [0x0000000080000000, 0x0000000100000000)
  region size 1024K, 72 young (73728K), 6 survivors (6144K)
 Metaspace       used 121748K, committed 124160K, reserved 1179648K
  class space    used 17042K, committed 18176K, reserved 1048576K
}
Event: 56.390 GC heap after
{Heap after GC invocations=66 (full 0):
 garbage-first heap   total 209920K, used 126651K [0x0000000080000000, 0x0000000100000000)
  region size 1024K, 6 young (6144K), 6 survivors (6144K)
 Metaspace       used 121748K, committed 124160K, reserved 1179648K
  class space    used 17042K, committed 18176K, reserved 1048576K
}
Event: 56.553 GC heap before
{Heap before GC invocations=66 (full 0):
 garbage-first heap   total 209920K, used 196283K [0x0000000080000000, 0x0000000100000000)
  region size 1024K, 75 young (76800K), 6 survivors (6144K)
 Metaspace       used 121887K, committed 124352K, reserved 1179648K
  class space    used 17069K, committed 18240K, reserved 1048576K
}
Event: 56.562 GC heap after
{Heap after GC invocations=67 (full 0):
 garbage-first heap   total 209920K, used 126512K [0x0000000080000000, 0x0000000100000000)
  region size 1024K, 6 young (6144K), 6 survivors (6144K)
 Metaspace       used 121887K, committed 124352K, reserved 1179648K
  class space    used 17069K, committed 18240K, reserved 1048576K
}
Event: 56.872 GC heap before
{Heap before GC invocations=67 (full 0):
 garbage-first heap   total 209920K, used 197168K [0x0000000080000000, 0x0000000100000000)
  region size 1024K, 76 young (77824K), 6 survivors (6144K)
 Metaspace       used 122035K, committed 124480K, reserved 1179648K
  class space    used 17081K, committed 18240K, reserved 1048576K
}
Event: 56.880 GC heap after
{Heap after GC invocations=68 (full 0):
 garbage-first heap   total 209920K, used 127289K [0x0000000080000000, 0x0000000100000000)
  region size 1024K, 7 young (7168K), 7 survivors (7168K)
 Metaspace       used 122035K, committed 124480K, reserved 1179648K
  class space    used 17081K, committed 18240K, reserved 1048576K
}
Event: 57.433 GC heap before
{Heap before GC invocations=69 (full 0):
 garbage-first heap   total 214016K, used 196921K [0x0000000080000000, 0x0000000100000000)
  region size 1024K, 76 young (77824K), 7 survivors (7168K)
 Metaspace       used 122097K, committed 124544K, reserved 1179648K
  class space    used 17096K, committed 18240K, reserved 1048576K
}
Event: 57.442 GC heap after
{Heap after GC invocations=70 (full 0):
 garbage-first heap   total 214016K, used 126940K [0x0000000080000000, 0x0000000100000000)
  region size 1024K, 3 young (3072K), 3 survivors (3072K)
 Metaspace       used 122097K, committed 124544K, reserved 1179648K
  class space    used 17096K, committed 18240K, reserved 1048576K
}
Event: 57.753 GC heap before
{Heap before GC invocations=70 (full 0):
 garbage-first heap   total 214016K, used 200668K [0x0000000080000000, 0x0000000100000000)
  region size 1024K, 76 young (77824K), 3 survivors (3072K)
 Metaspace       used 122139K, committed 124544K, reserved 1179648K
  class space    used 17103K, committed 18240K, reserved 1048576K
}

Dll operation events (3 events):
Event: 0.018 Loaded shared library D:\and\jbr\bin\java.dll
Event: 0.029 Loaded shared library D:\and\jbr\bin\zip.dll
Event: 3.327 Loaded shared library D:\and\jbr\bin\verify.dll

Deoptimization events (20 events):
Event: 56.853 Thread 0x000001f6a745ed80 Uncommon trap: trap_request=0xffffff45 fr.pc=0x000001f6964cd1bc relative=0x0000000000000d1c
Event: 56.853 Thread 0x000001f6a745ed80 Uncommon trap: reason=unstable_if action=reinterpret pc=0x000001f6964cd1bc method=java.util.zip.InflaterInputStream.read([BII)I @ 74 c2
Event: 56.853 Thread 0x000001f6a745ed80 DEOPT PACKING pc=0x000001f6964cd1bc sp=0x000000a8999fabb0
Event: 56.853 Thread 0x000001f6a745ed80 DEOPT UNPACKING pc=0x000001f6957843a2 sp=0x000000a8999fab80 mode 2
Event: 57.296 Thread 0x000001f6a745ed80 Uncommon trap: trap_request=0xffffffc6 fr.pc=0x000001f69644de94 relative=0x0000000000001fb4
Event: 57.296 Thread 0x000001f6a745ed80 Uncommon trap: reason=bimorphic_or_optimized_type_check action=maybe_recompile pc=0x000001f69644de94 method=org.gradle.internal.snapshot.ChildMap$Entry.handleAncestorDescendantOrExactMatch(Lorg/gradle/internal/snapshot/VfsRelativePath;Lorg/gradle/internal
Event: 57.296 Thread 0x000001f6a745ed80 DEOPT PACKING pc=0x000001f69644de94 sp=0x000000a8999fafe0
Event: 57.296 Thread 0x000001f6a745ed80 DEOPT UNPACKING pc=0x000001f6957843a2 sp=0x000000a8999faf58 mode 2
Event: 57.425 Thread 0x000001f6a745ed80 Uncommon trap: trap_request=0xffffffc6 fr.pc=0x000001f69644de94 relative=0x0000000000001fb4
Event: 57.425 Thread 0x000001f6a745ed80 Uncommon trap: reason=bimorphic_or_optimized_type_check action=maybe_recompile pc=0x000001f69644de94 method=org.gradle.internal.snapshot.ChildMap$Entry.handleAncestorDescendantOrExactMatch(Lorg/gradle/internal/snapshot/VfsRelativePath;Lorg/gradle/internal
Event: 57.425 Thread 0x000001f6a745ed80 DEOPT PACKING pc=0x000001f69644de94 sp=0x000000a8999faa90
Event: 57.425 Thread 0x000001f6a745ed80 DEOPT UNPACKING pc=0x000001f6957843a2 sp=0x000000a8999faa08 mode 2
Event: 57.425 Thread 0x000001f6a745ed80 Uncommon trap: trap_request=0xffffffc6 fr.pc=0x000001f69644de94 relative=0x0000000000001fb4
Event: 57.425 Thread 0x000001f6a745ed80 Uncommon trap: reason=bimorphic_or_optimized_type_check action=maybe_recompile pc=0x000001f69644de94 method=org.gradle.internal.snapshot.ChildMap$Entry.handleAncestorDescendantOrExactMatch(Lorg/gradle/internal/snapshot/VfsRelativePath;Lorg/gradle/internal
Event: 57.425 Thread 0x000001f6a745ed80 DEOPT PACKING pc=0x000001f69644de94 sp=0x000000a8999fa830
Event: 57.425 Thread 0x000001f6a745ed80 DEOPT UNPACKING pc=0x000001f6957843a2 sp=0x000000a8999fa7a8 mode 2
Event: 57.456 Thread 0x000001f6a8fa66d0 Uncommon trap: trap_request=0xffffff76 fr.pc=0x000001f696085c60 relative=0x00000000000001a0
Event: 57.456 Thread 0x000001f6a8fa66d0 Uncommon trap: reason=predicate action=maybe_recompile pc=0x000001f696085c60 method=java.util.Collections.indexedBinarySearch(Ljava/util/List;Ljava/lang/Object;)I @ 13 c2
Event: 57.456 Thread 0x000001f6a8fa66d0 DEOPT PACKING pc=0x000001f696085c60 sp=0x000000a8983fe220
Event: 57.456 Thread 0x000001f6a8fa66d0 DEOPT UNPACKING pc=0x000001f6957843a2 sp=0x000000a8983fe1a0 mode 2

Classes loaded (20 events):
Event: 56.179 Loading class java/lang/Process$PipeInputStream
Event: 56.179 Loading class java/lang/Process$PipeInputStream done
Event: 56.194 Loading class java/lang/ProcessBuilder$NullInputStream
Event: 56.194 Loading class java/lang/ProcessBuilder$NullInputStream done
Event: 56.194 Loading class jdk/internal/event/ProcessStartEvent
Event: 56.195 Loading class jdk/internal/event/ProcessStartEvent done
Event: 56.195 Loading class java/util/concurrent/Semaphore$NonfairSync
Event: 56.197 Loading class java/util/concurrent/Semaphore$Sync
Event: 56.197 Loading class java/util/concurrent/Semaphore$Sync done
Event: 56.197 Loading class java/util/concurrent/Semaphore$NonfairSync done
Event: 56.566 Loading class java/util/zip/ZipFile$ZipEntryIterator
Event: 56.567 Loading class java/util/zip/ZipFile$ZipEntryIterator done
Event: 56.579 Loading class java/util/zip/ZipInputStream
Event: 56.580 Loading class java/util/zip/ZipInputStream done
Event: 56.580 Loading class java/io/PushbackInputStream
Event: 56.581 Loading class java/io/PushbackInputStream done
Event: 57.573 Loading class java/util/zip/ZipFile$EntrySpliterator
Event: 57.576 Loading class java/util/Spliterators$AbstractSpliterator
Event: 57.577 Loading class java/util/Spliterators$AbstractSpliterator done
Event: 57.577 Loading class java/util/zip/ZipFile$EntrySpliterator done

Classes unloaded (0 events):
No events

Classes redefined (0 events):
No events

Internal exceptions (20 events):
Event: 57.589 Thread 0x000001f6a745ed80 Exception <a 'sun/nio/fs/WindowsException'{0x000000008a959800}> (0x000000008a959800) 
thrown [s\src\hotspot\share\prims\jni.cpp, line 537]
Event: 57.598 Thread 0x000001f6a9001450 Exception <a 'sun/nio/fs/WindowsException'{0x000000008a1ac098}> (0x000000008a1ac098) 
thrown [s\src\hotspot\share\prims\jni.cpp, line 537]
Event: 57.599 Thread 0x000001f6a9000dc0 Exception <a 'sun/nio/fs/WindowsException'{0x000000008a036988}> (0x000000008a036988) 
thrown [s\src\hotspot\share\prims\jni.cpp, line 537]
Event: 57.605 Thread 0x000001f6a9002170 Exception <a 'sun/nio/fs/WindowsException'{0x0000000089f48db0}> (0x0000000089f48db0) 
thrown [s\src\hotspot\share\prims\jni.cpp, line 537]
Event: 57.614 Thread 0x000001f6a9002800 Exception <a 'sun/nio/fs/WindowsException'{0x0000000089e0d020}> (0x0000000089e0d020) 
thrown [s\src\hotspot\share\prims\jni.cpp, line 537]
Event: 57.648 Thread 0x000001f6a745ed80 Exception <a 'sun/nio/fs/WindowsException'{0x0000000089a7b788}> (0x0000000089a7b788) 
thrown [s\src\hotspot\share\prims\jni.cpp, line 537]
Event: 57.665 Thread 0x000001f6a9002800 Exception <a 'sun/nio/fs/WindowsException'{0x00000000896df9f0}> (0x00000000896df9f0) 
thrown [s\src\hotspot\share\prims\jni.cpp, line 537]
Event: 57.669 Thread 0x000001f6a9002170 Exception <a 'sun/nio/fs/WindowsException'{0x0000000089420798}> (0x0000000089420798) 
thrown [s\src\hotspot\share\prims\jni.cpp, line 537]
Event: 57.669 Thread 0x000001f6a9001450 Exception <a 'sun/nio/fs/WindowsException'{0x0000000089463ed0}> (0x0000000089463ed0) 
thrown [s\src\hotspot\share\prims\jni.cpp, line 537]
Event: 57.680 Thread 0x000001f6a745ed80 Exception <a 'sun/nio/fs/WindowsException'{0x00000000899d8710}> (0x00000000899d8710) 
thrown [s\src\hotspot\share\prims\jni.cpp, line 537]
Event: 57.707 Thread 0x000001f6a745ed80 Exception <a 'sun/nio/fs/WindowsException'{0x0000000088bce2f8}> (0x0000000088bce2f8) 
thrown [s\src\hotspot\share\prims\jni.cpp, line 537]
Event: 57.707 Thread 0x000001f6a9002800 Exception <a 'sun/nio/fs/WindowsException'{0x0000000088a29ad8}> (0x0000000088a29ad8) 
thrown [s\src\hotspot\share\prims\jni.cpp, line 537]
Event: 57.709 Thread 0x000001f6a9002170 Exception <a 'sun/nio/fs/WindowsException'{0x0000000088b72738}> (0x0000000088b72738) 
thrown [s\src\hotspot\share\prims\jni.cpp, line 537]
Event: 57.710 Thread 0x000001f6a9001450 Exception <a 'sun/nio/fs/WindowsException'{0x0000000088afcda8}> (0x0000000088afcda8) 
thrown [s\src\hotspot\share\prims\jni.cpp, line 537]
Event: 57.711 Thread 0x000001f6a9000730 Exception <a 'sun/nio/fs/WindowsException'{0x00000000893e9288}> (0x00000000893e9288) 
thrown [s\src\hotspot\share\prims\jni.cpp, line 537]
Event: 57.724 Thread 0x000001f6a9150c00 Exception <a 'sun/nio/fs/WindowsException'{0x00000000884faf48}> (0x00000000884faf48) 
thrown [s\src\hotspot\share\prims\jni.cpp, line 537]
Event: 57.726 Thread 0x000001f6a9002800 Exception <a 'sun/nio/fs/WindowsException'{0x00000000883ac4f8}> (0x00000000883ac4f8) 
thrown [s\src\hotspot\share\prims\jni.cpp, line 537]
Event: 57.733 Thread 0x000001f6a9002170 Exception <a 'sun/nio/fs/WindowsException'{0x0000000088274258}> (0x0000000088274258) 
thrown [s\src\hotspot\share\prims\jni.cpp, line 537]
Event: 57.740 Thread 0x000001f6a9000730 Exception <a 'sun/nio/fs/WindowsException'{0x0000000087b0d0c8}> (0x0000000087b0d0c8) 
thrown [s\src\hotspot\share\prims\jni.cpp, line 537]
Event: 57.747 Thread 0x000001f6a9002800 Exception <a 'sun/nio/fs/WindowsException'{0x000000008793d310}> (0x000000008793d310) 
thrown [s\src\hotspot\share\prims\jni.cpp, line 537]

ZGC Phase Switch (0 events):
No events

VM Operations (20 events):
Event: 56.219 Executing VM operation: HandshakeAllThreads (Deoptimize) done
Event: 56.239 Executing VM operation: G1PauseRemark
Event: 56.265 Executing VM operation: G1PauseRemark done
Event: 56.339 Executing VM operation: G1PauseCleanup
Event: 56.340 Executing VM operation: G1PauseCleanup done
Event: 56.368 Executing VM operation: G1CollectForAllocation (G1 Evacuation Pause)
Event: 56.390 Executing VM operation: G1CollectForAllocation (G1 Evacuation Pause) done
Event: 56.553 Executing VM operation: G1CollectForAllocation (G1 Evacuation Pause)
Event: 56.562 Executing VM operation: G1CollectForAllocation (G1 Evacuation Pause) done
Event: 56.872 Executing VM operation: G1CollectForAllocation (G1 Evacuation Pause)
Event: 56.880 Executing VM operation: G1CollectForAllocation (G1 Evacuation Pause) done
Event: 57.068 Executing VM operation: G1PauseRemark
Event: 57.086 Executing VM operation: G1PauseRemark done
Event: 57.217 Executing VM operation: G1PauseCleanup
Event: 57.228 Executing VM operation: G1PauseCleanup done
Event: 57.289 Executing VM operation: HandshakeAllThreads (Deoptimize)
Event: 57.289 Executing VM operation: HandshakeAllThreads (Deoptimize) done
Event: 57.433 Executing VM operation: G1CollectForAllocation (G1 Evacuation Pause)
Event: 57.442 Executing VM operation: G1CollectForAllocation (G1 Evacuation Pause) done
Event: 57.748 Executing VM operation: G1CollectForAllocation (G1 Evacuation Pause)

Memory protections (0 events):
No events

Nmethod flushes (20 events):
Event: 57.085 Thread 0x000001f6a277bf30 flushing  nmethod 0x000001f68f72a790
Event: 57.085 Thread 0x000001f6a277bf30 flushing  nmethod 0x000001f695e53990
Event: 57.085 Thread 0x000001f6a277bf30 flushing  nmethod 0x000001f69600f790
Event: 57.085 Thread 0x000001f6a277bf30 flushing  nmethod 0x000001f696159f10
Event: 57.085 Thread 0x000001f6a277bf30 flushing  nmethod 0x000001f6962cdc10
Event: 57.085 Thread 0x000001f6a277bf30 flushing  nmethod 0x000001f696461a90
Event: 57.085 Thread 0x000001f6a277bf30 flushing  nmethod 0x000001f68e26fc10
Event: 57.085 Thread 0x000001f6a277bf30 flushing  nmethod 0x000001f68e2d0e10
Event: 57.085 Thread 0x000001f6a277bf30 flushing  nmethod 0x000001f68e40b090
Event: 57.085 Thread 0x000001f6a277bf30 flushing  nmethod 0x000001f68e59ee10
Event: 57.085 Thread 0x000001f6a277bf30 flushing  nmethod 0x000001f68e792f10
Event: 57.085 Thread 0x000001f6a277bf30 flushing  nmethod 0x000001f68e854610
Event: 57.085 Thread 0x000001f6a277bf30 flushing  nmethod 0x000001f68e962e10
Event: 57.085 Thread 0x000001f6a277bf30 flushing  nmethod 0x000001f68eaf2c90
Event: 57.085 Thread 0x000001f6a277bf30 flushing  nmethod 0x000001f68eb3af90
Event: 57.085 Thread 0x000001f6a277bf30 flushing  nmethod 0x000001f68ecc7390
Event: 57.085 Thread 0x000001f6a277bf30 flushing  nmethod 0x000001f68eccfa10
Event: 57.085 Thread 0x000001f6a277bf30 flushing  nmethod 0x000001f68ee09f90
Event: 57.085 Thread 0x000001f6a277bf30 flushing  nmethod 0x000001f68f04e610
Event: 57.085 Thread 0x000001f6a277bf30 flushing  nmethod 0x000001f68f1f1810

Events (20 events):
Event: 53.875 Thread 0x000001f6ad1f8f00 Thread added: 0x000001f6ad73f8f0
Event: 53.922 Thread 0x000001f6ad1f8f00 Thread added: 0x000001f6ad740ca0
Event: 53.924 Thread 0x000001f6ad1f8f00 Thread added: 0x000001f6ad741330
Event: 53.924 Thread 0x000001f6ad1f8f00 Thread added: 0x000001f6aa9573c0
Event: 53.925 Thread 0x000001f6ad1f8f00 Thread added: 0x000001f6aa957a50
Event: 53.926 Thread 0x000001f6ad1f8f00 Thread added: 0x000001f6aa9580e0
Event: 53.927 Thread 0x000001f6ad1f8f00 Thread added: 0x000001f6aa958770
Event: 53.928 Thread 0x000001f6ad1f8f00 Thread added: 0x000001f6aa958e00
Event: 54.275 Thread 0x000001f6ad1f8f00 Thread added: 0x000001f6aa956010
Event: 54.378 Thread 0x000001f6aa1483d0 Thread exited: 0x000001f6aa1483d0
Event: 54.850 Thread 0x000001f6a298e3e0 Thread added: 0x000001f6ae307d70
Event: 54.988 Thread 0x000001f6ae307d70 Thread exited: 0x000001f6ae307d70
Event: 55.515 Thread 0x000001f6a298e3e0 Thread added: 0x000001f6ae30c190
Event: 55.765 Thread 0x000001f6ad1f8f00 Thread added: 0x000001f6aa959490
Event: 55.835 Thread 0x000001f6ace2f4c0 Thread added: 0x000001f6aa959b20
Event: 55.836 Thread 0x000001f6ace2f4c0 Thread added: 0x000001f6aa9566a0
Event: 55.837 Thread 0x000001f6ace2f4c0 Thread added: 0x000001f6aa95aed0
Event: 55.838 Thread 0x000001f6ace2f4c0 Thread added: 0x000001f6aa95a1b0
Event: 55.838 Thread 0x000001f6ace2f4c0 Thread added: 0x000001f6aa95bbf0
Event: 56.236 Thread 0x000001f6aa959490 Thread added: 0x000001f6aa95b560


Dynamic libraries:
0x00007ff663cf0000 - 0x00007ff663cfa000 	D:\and\jbr\bin\java.exe
0x00007ffe721c0000 - 0x00007ffe72427000 	C:\WINDOWS\SYSTEM32\ntdll.dll
0x00007ffe70d20000 - 0x00007ffe70de9000 	C:\WINDOWS\System32\KERNEL32.DLL
0x00007ffe6f710000 - 0x00007ffe6faff000 	C:\WINDOWS\System32\KERNELBASE.dll
0x00007ffe6fe10000 - 0x00007ffe6ff5b000 	C:\WINDOWS\System32\ucrtbase.dll
0x00007ffe5faa0000 - 0x00007ffe5fabb000 	D:\and\jbr\bin\VCRUNTIME140.dll
0x00007ffe60050000 - 0x00007ffe60068000 	D:\and\jbr\bin\jli.dll
0x00007ffe71300000 - 0x00007ffe714c5000 	C:\WINDOWS\System32\USER32.dll
0x00007ffe5ca50000 - 0x00007ffe5cce3000 	C:\WINDOWS\WinSxS\amd64_microsoft.windows.common-controls_6595b64144ccf1df_6.0.26100.7309_none_3e05feeae336a044\COMCTL32.dll
0x00007ffe6fc90000 - 0x00007ffe6fcb7000 	C:\WINDOWS\System32\win32u.dll
0x00007ffe71630000 - 0x00007ffe716d9000 	C:\WINDOWS\System32\msvcrt.dll
0x00007ffe71aa0000 - 0x00007ffe71acb000 	C:\WINDOWS\System32\GDI32.dll
0x00007ffe6f310000 - 0x00007ffe6f43c000 	C:\WINDOWS\System32\gdi32full.dll
0x00007ffe6f4f0000 - 0x00007ffe6f593000 	C:\WINDOWS\System32\msvcp_win.dll
0x00007ffe708f0000 - 0x00007ffe70921000 	C:\WINDOWS\System32\IMM32.DLL
0x00007ffe60080000 - 0x00007ffe6008c000 	D:\and\jbr\bin\vcruntime140_1.dll
0x00007ffe47800000 - 0x00007ffe4788d000 	D:\and\jbr\bin\msvcp140.dll
0x00007ffd81ce0000 - 0x00007ffd82976000 	D:\and\jbr\bin\server\jvm.dll
0x00007ffe6ff60000 - 0x00007ffe70014000 	C:\WINDOWS\System32\ADVAPI32.dll
0x00007ffe70a90000 - 0x00007ffe70b36000 	C:\WINDOWS\System32\sechost.dll
0x00007ffe71760000 - 0x00007ffe71878000 	C:\WINDOWS\System32\RPCRT4.dll
0x00007ffe716e0000 - 0x00007ffe71754000 	C:\WINDOWS\System32\WS2_32.dll
0x00007ffe6f0c0000 - 0x00007ffe6f11e000 	C:\WINDOWS\SYSTEM32\POWRPROF.dll
0x00007ffe646b0000 - 0x00007ffe646e5000 	C:\WINDOWS\SYSTEM32\WINMM.dll
0x00007ffe616e0000 - 0x00007ffe616eb000 	C:\WINDOWS\SYSTEM32\VERSION.dll
0x00007ffe6f0a0000 - 0x00007ffe6f0b4000 	C:\WINDOWS\SYSTEM32\UMPDC.dll
0x00007ffe6e0c0000 - 0x00007ffe6e0db000 	C:\WINDOWS\SYSTEM32\kernel.appcore.dll
0x00007ffe5ff30000 - 0x00007ffe5ff3a000 	D:\and\jbr\bin\jimage.dll
0x00007ffe63970000 - 0x00007ffe63bb2000 	C:\WINDOWS\SYSTEM32\DBGHELP.DLL
0x00007ffe70f70000 - 0x00007ffe712f6000 	C:\WINDOWS\System32\combase.dll
0x00007ffe714d0000 - 0x00007ffe715a6000 	C:\WINDOWS\System32\OLEAUT32.dll
0x00007ffe5ffa0000 - 0x00007ffe5ffdc000 	C:\WINDOWS\SYSTEM32\dbgcore.DLL
0x00007ffe6f440000 - 0x00007ffe6f4e5000 	C:\WINDOWS\System32\bcryptPrimitives.dll
0x00007ffe6a240000 - 0x00007ffe6a24e000 	D:\and\jbr\bin\instrument.dll
0x00007ffe5fa30000 - 0x00007ffe5fa50000 	D:\and\jbr\bin\java.dll
0x00007ffe5a510000 - 0x00007ffe5a528000 	D:\and\jbr\bin\zip.dll
0x00007ffe70190000 - 0x00007ffe708e3000 	C:\WINDOWS\System32\SHELL32.dll
0x00007ffe6f5a0000 - 0x00007ffe6f70a000 	C:\WINDOWS\System32\wintypes.dll
0x00007ffe6cf30000 - 0x00007ffe6d78e000 	C:\WINDOWS\SYSTEM32\windows.storage.dll
0x00007ffe70990000 - 0x00007ffe70a84000 	C:\WINDOWS\System32\SHCORE.dll
0x00007ffe71880000 - 0x00007ffe718e6000 	C:\WINDOWS\System32\shlwapi.dll
0x00007ffe6f230000 - 0x00007ffe6f259000 	C:\WINDOWS\SYSTEM32\profapi.dll
0x00007ffe5fc60000 - 0x00007ffe5fc70000 	D:\and\jbr\bin\net.dll
0x00007ffe64730000 - 0x00007ffe64858000 	C:\WINDOWS\SYSTEM32\WINHTTP.dll
0x00007ffe6e630000 - 0x00007ffe6e69b000 	C:\WINDOWS\system32\mswsock.dll
0x00007ffe46a30000 - 0x00007ffe46a46000 	D:\and\jbr\bin\nio.dll
0x00007ffe5fbc0000 - 0x00007ffe5fbd0000 	D:\and\jbr\bin\verify.dll
0x00007ffe35e90000 - 0x00007ffe35eb7000 	C:\Users\User\.gradle\native\660c5614fbf4a5f2a75b1949f50a0caf5cd603558e7d8a26e50b933a0cfb79d1\windows-amd64\native-platform.dll
0x00007ffe128e0000 - 0x00007ffe12957000 	C:\Users\User\.gradle\native\0.2.8\x86_64-windows-gnu\gradle-fileevents.dll
0x00007ffe5fa90000 - 0x00007ffe5fa99000 	D:\and\jbr\bin\management.dll
0x00007ffe5fa20000 - 0x00007ffe5fa2b000 	D:\and\jbr\bin\management_ext.dll
0x00007ffe71ae0000 - 0x00007ffe71ae8000 	C:\WINDOWS\System32\PSAPI.DLL
0x00007ffe6db20000 - 0x00007ffe6db54000 	C:\WINDOWS\SYSTEM32\IPHLPAPI.DLL
0x00007ffe72170000 - 0x00007ffe7217a000 	C:\WINDOWS\System32\NSI.dll
0x00007ffe5fbb0000 - 0x00007ffe5fbb9000 	D:\and\jbr\bin\extnet.dll
0x00007ffe6e8f0000 - 0x00007ffe6e90b000 	C:\WINDOWS\SYSTEM32\CRYPTSP.dll
0x00007ffe6e020000 - 0x00007ffe6e05a000 	C:\WINDOWS\system32\rsaenh.dll
0x00007ffe6e6e0000 - 0x00007ffe6e70b000 	C:\WINDOWS\SYSTEM32\USERENV.dll
0x00007ffe6f200000 - 0x00007ffe6f22a000 	C:\WINDOWS\SYSTEM32\bcrypt.dll
0x00007ffe6e910000 - 0x00007ffe6e91c000 	C:\WINDOWS\SYSTEM32\CRYPTBASE.dll
0x00007ffe5fb80000 - 0x00007ffe5fb88000 	C:\WINDOWS\system32\wshunix.dll

JVMTI agents:
C:\Users\User\.gradle\wrapper\dists\gradle-9.2.1-bin\2t0n5ozlw9xmuyvbp7dnzaxug\gradle-9.2.1\lib\agents\gradle-instrumentation-agent-9.2.1.jar path:D:\and\jbr\bin\instrument.dll, loaded, initialized, instrumentlib options:none

dbghelp: loaded successfully - version: 4.0.5 - missing functions: none
symbol engine: initialized successfully - sym options: 0x614 - pdb path: .;D:\and\jbr\bin;C:\WINDOWS\SYSTEM32;C:\WINDOWS\WinSxS\amd64_microsoft.windows.common-controls_6595b64144ccf1df_6.0.26100.7309_none_3e05feeae336a044;D:\and\jbr\bin\server;C:\Users\User\.gradle\native\660c5614fbf4a5f2a75b1949f50a0caf5cd603558e7d8a26e50b933a0cfb79d1\windows-amd64;C:\Users\User\.gradle\native\0.2.8\x86_64-windows-gnu

VM Arguments:
jvm_args: --add-opens=java.base/java.lang=ALL-UNNAMED --add-opens=java.base/java.lang.invoke=ALL-UNNAMED --add-opens=java.base/java.util=ALL-UNNAMED --add-opens=java.prefs/java.util.prefs=ALL-UNNAMED --add-exports=jdk.compiler/com.sun.tools.javac.api=ALL-UNNAMED --add-exports=jdk.compiler/com.sun.tools.javac.util=ALL-UNNAMED --add-opens=java.base/java.util=ALL-UNNAMED --add-opens=java.prefs/java.util.prefs=ALL-UNNAMED --add-opens=java.base/java.nio.charset=ALL-UNNAMED --add-opens=java.base/java.net=ALL-UNNAMED --add-opens=java.base/java.util.concurrent=ALL-UNNAMED --add-opens=java.base/java.util.concurrent.atomic=ALL-UNNAMED --add-opens=java.xml/javax.xml.namespace=ALL-UNNAMED --add-opens=java.base/java.time=ALL-UNNAMED -Xmx2048m -Dfile.encoding=UTF-8 -Duser.country=US -Duser.language=en -Duser.variant -javaagent:C:\Users\User\.gradle\wrapper\dists\gradle-9.2.1-bin\2t0n5ozlw9xmuyvbp7dnzaxug\gradle-9.2.1\lib\agents\gradle-instrumentation-agent-9.2.1.jar 
java_command: org.gradle.launcher.daemon.bootstrap.GradleDaemon 9.2.1
java_class_path (initial): C:\Users\User\.gradle\wrapper\dists\gradle-9.2.1-bin\2t0n5ozlw9xmuyvbp7dnzaxug\gradle-9.2.1\lib\gradle-daemon-main-9.2.1.jar
Launcher Type: SUN_STANDARD

[Global flags]
     intx CICompilerCount                          = 4                                         {product} {ergonomic}
     uint ConcGCThreads                            = 2                                         {product} {ergonomic}
     uint G1ConcRefinementThreads                  = 8                                         {product} {ergonomic}
   size_t G1HeapRegionSize                         = 1048576                                   {product} {ergonomic}
    uintx GCDrainStackTargetSize                   = 64                                        {product} {ergonomic}
   size_t InitialHeapSize                          = 123731968                                 {product} {ergonomic}
   size_t MarkStackSize                            = 4194304                                   {product} {ergonomic}
   size_t MaxHeapSize                              = 2147483648                                {product} {command line}
   size_t MaxNewSize                               = 1287651328                                {product} {ergonomic}
   size_t MinHeapDeltaBytes                        = 1048576                                   {product} {ergonomic}
   size_t MinHeapSize                              = 8388608                                   {product} {ergonomic}
    uintx NonNMethodCodeHeapSize                   = 5839372                                {pd product} {ergonomic}
    uintx NonProfiledCodeHeapSize                  = 122909434                              {pd product} {ergonomic}
    uintx ProfiledCodeHeapSize                     = 122909434                              {pd product} {ergonomic}
    uintx ReservedCodeCacheSize                    = 251658240                              {pd product} {ergonomic}
     bool SegmentedCodeCache                       = true                                      {product} {ergonomic}
   size_t SoftMaxHeapSize                          = 2147483648                             {manageable} {ergonomic}
     bool UseCompressedOops                        = true                           {product lp64_product} {ergonomic}
     bool UseG1GC                                  = true                                      {product} {ergonomic}
     bool UseLargePagesIndividualAllocation        = false                                  {pd product} {ergonomic}

Logging:
Log output configuration:
 #0: stdout all=warning uptime,level,tags foldmultilines=false
 #1: stderr all=off uptime,level,tags foldmultilines=false

Release file:
JAVA_VERSION="21.0.9" 
MODULES="java.base java.compiler java.datatransfer java.xml java.prefs java.desktop java.instrument java.logging java.management java.security.sasl java.naming java.rmi java.management.rmi java.net.http java.scripting java.security.jgss java.transaction.xa java.sql java.sql.rowset java.xml.crypto java.se java.smartcardio jdk.accessibility jdk.internal.jvmstat jdk.attach jdk.charsets jdk.internal.opt jdk.zipfs jdk.compiler jdk.crypto.ec jdk.crypto.cryptoki jdk.dynalink jdk.hotspot.agent jdk.httpserver jdk.internal.ed jdk.internal.le jdk.internal.vm.ci jdk.jartool jdk.javadoc jdk.jcmd jdk.jdeps jdk.jdwp.agent jdk.jdi jdk.jfr jdk.jlink jdk.jsobject jdk.localedata jdk.management jdk.management.agent jdk.management.jfr jdk.naming.dns jdk.naming.rmi jdk.net jdk.sctp jdk.security.auth jdk.security.jgss jdk.unsupported jdk.unsupported.desktop jdk.xml.dom" 
IMPLEMENTOR="JetBrains s.r.o." 
JAVA_RUNTIME_VERSION="21.0.9+-14649483-b1163.86" 
LIBC="default" 
OS_ARCH="x86_64" 
OS_NAME="Windows" 
SOURCE=".:git:554d0c326095" 

Environment Variables:
JAVA_HOME=C:\jdk-24.0.2
PATH=C:\Program Files\Common Files\Oracle\Java\javapath;C:\Program Files (x86)\Common Files\Oracle\Java\java8path;C:\Program Files (x86)\Common Files\Oracle\Java\javapath;C:\WINDOWS\system32;C:\WINDOWS;C:\WINDOWS\System32\Wbem;C:\WINDOWS\System32\WindowsPowerShell\v1.0\;C:\WINDOWS\System32\OpenSSH\;C:\Program Files\Git\cmd;C:\MinGW\bin;C:\jdk-24.0.2\bin;C:\jdk-24.0.2\bin;c:\Program Files\Java\jdk-24\bin;C:\Program Files (x86)\Microsoft SQL Server\160\Tools\Binn\;C:\Program Files\Microsoft SQL Server\160\Tools\Binn\;C:\Program Files\Microsoft SQL Server\Client SDK\ODBC\170\Tools\Binn\;C:\Program Files\Microsoft SQL Server\160\DTS\Binn\;C:\Program Files (x86)\Microsoft SQL Server\160\DTS\Binn\;C:\Users\User\AppData\Local\Programs\Python\Python313\Scripts\;C:\Users\User\AppData\Local\Programs\Python\Python313\;C:\Users\User\AppData\Local\Microsoft\WindowsApps;C:\MinGW\bin;C:\Users\User\AppData\Local\Programs\Microsoft VS Code\bin;C:\Program Files\JetBrains\IntelliJ IDEA 2025.2.1\bin;C:\Program Files\SDCC\bin;D:\laragon\bin\php\php-8.1.10-Win32-vs16-x64;
USERNAME=User
OS=Windows_NT
PROCESSOR_IDENTIFIER=AMD64 Family 23 Model 160 Stepping 0, AuthenticAMD
TMP=C:\Users\User\AppData\Local\Temp
TEMP=C:\Users\User\AppData\Local\Temp




Periodic native trim disabled

JNI global refs:
JNI global refs: 28, weak refs: 0

JNI global refs memory usage: 835, weak refs: 833

Process memory usage:
Resident Set Size: 431892K (5% of 7634556K total physical memory with 568464K free physical memory)

OOME stack traces (most recent first):
Classloader memory used:
Loader org.gradle.internal.classloader.VisitableURLClassLoader                         : 46174K
Loader org.gradle.internal.classloader.VisitableURLClassLoader$InstrumentingVisitableURLClassLoader: 32523K
Loader bootstrap                                                                       : 28972K
Loader org.gradle.initialization.MixInLegacyTypesClassLoader                           : 13296K
Loader jdk.internal.reflect.DelegatingClassLoader                                      : 445K
Loader jdk.internal.loader.ClassLoaders$AppClassLoader                                 : 233K
Loader org.gradle.internal.classloader.VisitableURLClassLoader                         : 216K
Loader jdk.internal.loader.ClassLoaders$PlatformClassLoader                            : 149K
Loader org.gradle.groovy.scripts.internal.DefaultScriptCompilationHandler$ScriptClassLoader: 127K

Classes loaded by more than one classloader:
Class Program                                                                         : loaded 5 times (x 72B)
Class Build_gradle                                                                    : loaded 3 times (x 126B)
Class com.google.common.collect.RegularImmutableMap$KeySet                            : loaded 2 times (x 152B)
Class org.gradle.internal.classloader.FilteringClassLoader                            : loaded 2 times (x 105B)
Class com.google.common.base.CharMatcher$IsEither                                     : loaded 2 times (x 111B)
Class org.gradle.internal.classloader.ClassLoaderHierarchy                            : loaded 2 times (x 70B)
Class com.google.common.collect.ImmutableEnumSet                                      : loaded 2 times (x 146B)
Class com.google.common.util.concurrent.ExecutionError                                : loaded 2 times (x 82B)
Class com.google.common.collect.ImmutableList$1                                       : loaded 2 times (x 97B)
Class org.gradle.api.internal.classpath.ManifestUtil                                  : loaded 2 times (x 71B)
Class com.google.common.collect.RegularImmutableMap                                   : loaded 2 times (x 121B)
Class com.google.common.collect.ImmutableMap$MapViewOfValuesAsSingletonSets           : loaded 2 times (x 126B)
Class [Lorg.objectweb.asm.Symbol;                                                     : loaded 2 times (x 69B)
Class org.objectweb.asm.ClassVisitor                                                  : loaded 2 times (x 88B)
Class com.google.common.collect.UnmodifiableListIterator                              : loaded 2 times (x 95B)
Class com.google.common.base.Platform$JdkPatternCompiler                              : loaded 2 times (x 75B)
Class org.objectweb.asm.MethodTooLargeException                                       : loaded 2 times (x 83B)
Class [Lcom.google.common.cache.CacheBuilder$OneWeigher;                              : loaded 2 times (x 69B)
Class com.google.common.base.Suppliers                                                : loaded 2 times (x 71B)
Class org.gradle.internal.classloader.DefaultClassLoaderFactory                       : loaded 2 times (x 82B)
Class org.gradle.internal.classloader.ClassLoaderVisitor                              : loaded 2 times (x 76B)
Class [Lcom.google.common.collect.ImmutableMapEntry;                                  : loaded 2 times (x 69B)
Class org.gradle.api.internal.classpath.EffectiveClassPath                            : loaded 2 times (x 90B)
Class com.google.common.collect.ListMultimap                                          : loaded 2 times (x 70B)
Class com.google.common.collect.ImmutableEnumMap                                      : loaded 2 times (x 126B)
Class com.google.common.collect.ImmutableSet$SerializedForm                           : loaded 2 times (x 73B)
Class com.google.common.collect.Sets$1                                                : loaded 2 times (x 139B)
Class org.objectweb.asm.AnnotationVisitor                                             : loaded 2 times (x 78B)
Class org.gradle.api.internal.DefaultClassPathProvider                                : loaded 2 times (x 76B)
Class com.google.common.collect.Sets$2                                                : loaded 2 times (x 139B)
Class [Lorg.gradle.api.internal.ClassPathProvider;                                    : loaded 2 times (x 69B)
Class org.gradle.api.internal.ClassPathProvider                                       : loaded 2 times (x 70B)
Class [Lorg.objectweb.asm.AnnotationVisitor;                                          : loaded 2 times (x 69B)
Class com.google.common.collect.Sets$3                                                : loaded 2 times (x 139B)
Class com.google.common.cache.LocalCache$LocalLoadingCache                            : loaded 2 times (x 134B)
Class org.gradle.internal.service.UnknownServiceException                             : loaded 2 times (x 83B)
Class com.google.common.collect.Sets$4                                                : loaded 2 times (x 139B)
Class org.objectweb.asm.ModuleVisitor                                                 : loaded 2 times (x 81B)
Class com.google.common.cache.LocalCache$Strength$1                                   : loaded 2 times (x 81B)
Class com.google.common.util.concurrent.SettableFuture                                : loaded 2 times (x 114B)
Class com.google.common.cache.LocalCache$Strength$2                                   : loaded 2 times (x 81B)
Class com.google.common.cache.LocalCache$Strength$3                                   : loaded 2 times (x 81B)
Class com.google.common.collect.MapDifference                                         : loaded 2 times (x 70B)
Class org.objectweb.asm.FieldWriter                                                   : loaded 2 times (x 78B)
Class com.google.common.cache.CacheBuilder$NullListener                               : loaded 2 times (x 82B)
Class org.gradle.internal.classpath.TransformedClassPath                              : loaded 2 times (x 96B)
Class org.gradle.internal.classloader.InstrumentingClassLoader                        : loaded 2 times (x 70B)
Class com.google.common.cache.CacheLoader$FunctionToCacheLoader                       : loaded 2 times (x 75B)
Class com.google.common.collect.Iterators$ArrayItr                                    : loaded 2 times (x 97B)
Class com.google.common.collect.ImmutableCollection$Builder                           : loaded 2 times (x 76B)
Class com.google.common.base.Joiner                                                   : loaded 2 times (x 79B)
Class com.google.common.base.MoreObjects                                              : loaded 2 times (x 71B)
Class com.google.common.collect.Platform                                              : loaded 2 times (x 71B)
Class com.google.common.base.Equivalence$Identity                                     : loaded 2 times (x 82B)
Class com.google.common.collect.UnmodifiableIterator                                  : loaded 2 times (x 80B)
Class org.gradle.internal.service.ServiceLocator                                      : loaded 2 times (x 70B)
Class com.google.common.base.Ascii                                                    : loaded 2 times (x 71B)
Class com.google.common.collect.SingletonImmutableBiMap                               : loaded 2 times (x 143B)
Class com.google.common.cache.LocalCache$1                                            : loaded 2 times (x 89B)
Class com.google.common.collect.Iterators$SingletonIterator                           : loaded 2 times (x 81B)
Class com.google.common.collect.AbstractMapEntry                                      : loaded 2 times (x 81B)
Class com.google.common.collect.Sets$ImprovedAbstractSet                              : loaded 2 times (x 135B)
Class com.google.common.collect.ImmutableList$Builder                                 : loaded 2 times (x 77B)
Class com.google.common.collect.AbstractMultimap                                      : loaded 2 times (x 123B)
Class com.google.common.cache.LocalCache$2                                            : loaded 2 times (x 142B)
Class com.google.common.collect.RegularImmutableAsList                                : loaded 2 times (x 217B)
Class com.google.common.util.concurrent.AbstractFuture$Trusted                        : loaded 2 times (x 70B)
Class com.google.common.collect.Iterators                                             : loaded 2 times (x 71B)
Class com.google.common.collect.Lists$StringAsImmutableList                           : loaded 2 times (x 207B)
Class com.google.common.util.concurrent.UncheckedExecutionException                   : loaded 2 times (x 82B)
Class org.gradle.kotlin.dsl.VersionCatalogAccessorsKt                                 : loaded 2 times (x 71B)
Class com.google.common.collect.AbstractMapBasedMultimap$KeySet$1                     : loaded 2 times (x 82B)
Class org.objectweb.asm.ClassWriter                                                   : loaded 2 times (x 106B)
Class com.google.common.base.CharMatcher$And                                          : loaded 2 times (x 112B)
Class com.google.common.cache.CacheLoader$UnsupportedLoadingOperationException        : loaded 2 times (x 82B)
Class org.gradle.internal.classloader.ClasspathUtil$1                                 : loaded 2 times (x 76B)
Class com.google.common.base.Objects                                                  : loaded 2 times (x 71B)
Class org.objectweb.asm.FieldVisitor                                                  : loaded 2 times (x 77B)
Class com.google.common.collect.IndexedImmutableSet                                   : loaded 2 times (x 152B)
Class com.google.common.collect.ImmutableMap$1                                        : loaded 2 times (x 81B)
Class com.google.common.collect.BiMap                                                 : loaded 2 times (x 70B)
Class org.gradle.api.internal.classpath.DefaultModuleRegistry$DefaultModule           : loaded 2 times (x 86B)
Class com.google.common.primitives.Ints                                               : loaded 2 times (x 71B)
Class com.google.common.collect.AbstractIterator                                      : loaded 2 times (x 82B)
Class com.google.common.collect.ObjectArrays                                          : loaded 2 times (x 71B)
Class com.google.common.math.MathPreconditions                                        : loaded 2 times (x 71B)
Class com.google.common.collect.Multiset                                              : loaded 2 times (x 70B)
Class com.google.common.collect.ArrayListMultimapGwtSerializationDependencies         : loaded 2 times (x 172B)
Class com.google.common.collect.AbstractIndexedListIterator                           : loaded 2 times (x 96B)
Class com.google.common.collect.ImmutableMapEntrySet                                  : loaded 2 times (x 152B)
Class org.gradle.api.internal.classpath.Module                                        : loaded 2 times (x 70B)
Class com.google.common.cache.Weigher                                                 : loaded 2 times (x 70B)
Class org.gradle.api.internal.classpath.UnknownModuleException                        : loaded 2 times (x 82B)
Class com.google.common.base.Stopwatch                                                : loaded 2 times (x 72B)
Class com.google.common.cache.LocalCache$Strength                                     : loaded 2 times (x 81B)
Class com.google.common.cache.Cache                                                   : loaded 2 times (x 70B)
Class com.google.common.util.concurrent.AbstractFuture$Cancellation                   : loaded 2 times (x 72B)
Class com.google.common.collect.ImmutableMap$Builder                                  : loaded 2 times (x 82B)
Class com.google.common.cache.RemovalListener                                         : loaded 2 times (x 70B)
Class org.gradle.api.internal.DefaultClassPathRegistry                                : loaded 2 times (x 76B)
Class com.google.common.primitives.IntsMethodsForWeb                                  : loaded 2 times (x 71B)
Class com.google.common.collect.Multimap                                              : loaded 2 times (x 70B)
Class org.gradle.api.internal.ClassPathRegistry                                       : loaded 2 times (x 70B)
Class org.gradle.internal.classpath.DefaultClassPath$ImmutableUniqueList              : loaded 2 times (x 199B)
Class com.google.common.base.ExtraObjectsMethodsForWeb                                : loaded 2 times (x 71B)
Class [Lorg.objectweb.asm.Type;                                                       : loaded 2 times (x 69B)
Class com.google.common.cache.CacheBuilder                                            : loaded 2 times (x 72B)
Class com.google.common.collect.SingletonImmutableList                                : loaded 2 times (x 207B)
Class Settings_gradle$1                                                               : loaded 2 times (x 74B)
Class org.gradle.internal.classpath.ClassPath                                         : loaded 2 times (x 70B)
Class com.google.common.base.JdkPattern                                               : loaded 2 times (x 75B)
Class com.google.common.collect.ImmutableList$ReverseImmutableList                    : loaded 2 times (x 209B)
Class org.objectweb.asm.SymbolTable$Entry                                             : loaded 2 times (x 74B)
Class org.objectweb.asm.Edge                                                          : loaded 2 times (x 72B)
Class com.google.common.base.Suppliers$SupplierOfInstance                             : loaded 2 times (x 79B)
Class com.google.common.collect.Iterators$1                                           : loaded 2 times (x 81B)
Class com.google.common.cache.LocalCache$ComputingValueReference                      : loaded 2 times (x 96B)
Class com.google.common.collect.SingletonImmutableSet                                 : loaded 2 times (x 146B)
Class com.google.common.collect.ImmutableMap$IteratorBasedImmutableMap                : loaded 2 times (x 126B)
Class com.google.common.cache.LocalCache$Segment                                      : loaded 2 times (x 154B)
Class ijKotlinCoroutineJvmDebugInit1_dofq3drr9aihm4earzh7ldbbw                        : loaded 2 times (x 171B)
Class com.google.common.collect.AbstractListMultimap                                  : loaded 2 times (x 172B)
Class [Lorg.objectweb.asm.SymbolTable$Entry;                                          : loaded 2 times (x 69B)
Class com.google.common.cache.CacheLoader                                             : loaded 2 times (x 74B)
Class com.google.common.collect.Iterators$4                                           : loaded 2 times (x 82B)
Class com.google.common.collect.ImmutableBiMap                                        : loaded 2 times (x 143B)
Class org.gradle.api.internal.classpath.ModuleRegistry                                : loaded 2 times (x 70B)
Class org.gradle.internal.installation.GradleInstallation$1                           : loaded 2 times (x 75B)
Class com.google.common.collect.ImmutableSet$JdkBackedSetBuilderImpl                  : loaded 2 times (x 76B)
Class com.google.common.util.concurrent.internal.InternalFutureFailureAccess          : loaded 2 times (x 72B)
Class com.google.common.collect.Iterators$5                                           : loaded 2 times (x 82B)
Class com.google.common.base.CharMatcher$ForPredicate                                 : loaded 2 times (x 112B)
Class com.google.common.cache.LocalCache$LocalManualCache$1                           : loaded 2 times (x 75B)
Class com.google.common.base.CharMatcher$AnyOf                                        : loaded 2 times (x 112B)
Class com.google.common.collect.ImmutableCollection                                   : loaded 2 times (x 125B)
Class org.gradle.api.internal.classpath.DefaultModuleRegistry                         : loaded 2 times (x 86B)
Class com.google.common.collect.Lists                                                 : loaded 2 times (x 71B)
Class com.google.common.util.concurrent.ListenableFuture                              : loaded 2 times (x 70B)
Class com.google.common.cache.ReferenceEntry                                          : loaded 2 times (x 70B)
Class com.google.common.base.Converter                                                : loaded 2 times (x 90B)
Class com.google.common.collect.ImmutableSet$CachingAsList                            : loaded 2 times (x 148B)
Class com.google.common.collect.AbstractMapBasedMultimap                              : loaded 2 times (x 139B)
Class com.google.common.util.concurrent.AbstractFuture                                : loaded 2 times (x 106B)
Class com.google.common.base.FunctionalEquivalence                                    : loaded 2 times (x 83B)
Class com.google.common.collect.Iterators$9                                           : loaded 2 times (x 81B)
Class com.google.common.collect.ImmutableAsList                                       : loaded 2 times (x 209B)
Class org.objectweb.asm.RecordComponentVisitor                                        : loaded 2 times (x 77B)
Class com.google.common.cache.CacheLoader$SupplierToCacheLoader                       : loaded 2 times (x 75B)
Class org.gradle.internal.service.ServiceLookupException                              : loaded 2 times (x 82B)
Class [Lcom.google.common.cache.LocalCache$EntryFactory;                              : loaded 2 times (x 69B)
Class org.gradle.internal.classloader.ClassLoaderFactory                              : loaded 2 times (x 70B)
Class com.google.common.base.CommonPattern                                            : loaded 2 times (x 74B)
Class com.google.common.base.CharMatcher$IsNot                                        : loaded 2 times (x 111B)
Class com.google.common.cache.LocalCache$LocalManualCache                             : loaded 2 times (x 99B)
Class org.gradle.internal.service.CachingServiceLocator                               : loaded 2 times (x 82B)
Class com.google.common.collect.AbstractMapBasedMultimap$KeySet                       : loaded 2 times (x 137B)
Class com.google.common.math.IntMath                                                  : loaded 2 times (x 71B)
Class com.google.common.collect.ImmutableMapEntry                                     : loaded 2 times (x 85B)
Class com.google.common.base.Equivalence                                              : loaded 2 times (x 82B)
Class com.google.common.base.Function                                                 : loaded 2 times (x 70B)
Class com.google.common.collect.ImmutableMapEntry$NonTerminalImmutableMapEntry        : loaded 2 times (x 85B)
Class com.google.common.collect.IndexedImmutableSet$1                                 : loaded 2 times (x 213B)
Class com.google.common.cache.CacheBuilder$OneWeigher                                 : loaded 2 times (x 82B)
Class com.google.common.collect.RegularImmutableList                                  : loaded 2 times (x 213B)
Class org.gradle.internal.classloader.ClasspathUtil                                   : loaded 2 times (x 71B)
Class com.google.common.util.concurrent.Uninterruptibles                              : loaded 2 times (x 71B)
Class com.google.common.util.concurrent.LazyLogger                                    : loaded 2 times (x 72B)
Class com.google.common.collect.Maps                                                  : loaded 2 times (x 71B)
Class org.gradle.api.specs.Spec                                                       : loaded 2 times (x 70B)
Class [Lcom.google.common.collect.ImmutableEntry;                                     : loaded 2 times (x 69B)
Class com.google.common.cache.LocalCache$LoadingValueReference                        : loaded 2 times (x 96B)
Class com.google.common.base.Platform                                                 : loaded 2 times (x 71B)
Class [Lorg.objectweb.asm.AnnotationWriter;                                           : loaded 2 times (x 69B)
Class com.google.common.collect.Maps$8                                                : loaded 2 times (x 82B)
Class com.google.common.collect.Sets$SetView                                          : loaded 2 times (x 138B)
Class com.google.common.cache.LocalCache$StrongValueReference                         : loaded 2 times (x 90B)
Class org.objectweb.asm.Type                                                          : loaded 2 times (x 72B)
Class org.gradle.internal.classloader.VisitableURLClassLoader$InstrumentingVisitableURLClassLoader: loaded 2 times (x 123B)
Class com.google.common.math.IntMath$1                                                : loaded 2 times (x 71B)
Class org.objectweb.asm.ByteVector                                                    : loaded 2 times (x 79B)
Class [Lcom.google.common.cache.CacheBuilder$NullListener;                            : loaded 2 times (x 69B)
Class org.gradle.internal.classloader.VisitableURLClassLoader$Spec                    : loaded 2 times (x 74B)
Class org.gradle.internal.classpath.DefaultClassPath                                  : loaded 2 times (x 90B)
Class org.objectweb.asm.Symbol                                                        : loaded 2 times (x 73B)
Class com.google.common.base.CharMatcher$BitSetMatcher                                : loaded 2 times (x 112B)
Class com.google.common.collect.ImmutableSet                                          : loaded 2 times (x 145B)
Class com.google.common.collect.RegularImmutableMap$Values                            : loaded 2 times (x 207B)
Class org.gradle.internal.classloader.ClassLoaderSpec                                 : loaded 2 times (x 71B)
Class org.objectweb.asm.AnnotationWriter                                              : loaded 2 times (x 79B)
Class com.google.common.cache.CacheStats                                              : loaded 2 times (x 71B)
Class org.objectweb.asm.RecordComponentWriter                                         : loaded 2 times (x 78B)
Class com.google.common.util.concurrent.AbstractFuture$Listener                       : loaded 2 times (x 72B)
Class com.google.common.base.CharMatcher$Or                                           : loaded 2 times (x 112B)
Class Settings_gradle$1$1                                                             : loaded 2 times (x 74B)
Class org.objectweb.asm.Attribute                                                     : loaded 2 times (x 77B)
Class com.google.common.base.Supplier                                                 : loaded 2 times (x 70B)
Class ijKotlinCoroutineJvmDebugInit1_dofq3drr9aihm4earzh7ldbbw$_run_closure1          : loaded 2 times (x 139B)
Class org.gradle.internal.classloader.VisitableURLClassLoader                         : loaded 2 times (x 117B)
Class Settings_gradle                                                                 : loaded 2 times (x 124B)
Class org.gradle.internal.Cast                                                        : loaded 2 times (x 71B)
Class org.gradle.api.Action                                                           : loaded 2 times (x 70B)
Class com.google.common.base.Strings                                                  : loaded 2 times (x 71B)
Class com.google.common.collect.Sets                                                  : loaded 2 times (x 71B)
Class org.objectweb.asm.Handler                                                       : loaded 2 times (x 72B)
Class com.google.common.base.CharMatcher$FastMatcher                                  : loaded 2 times (x 111B)
Class com.google.common.base.Ticker                                                   : loaded 2 times (x 72B)
Class [Lcom.google.common.cache.LocalCache$Segment;                                   : loaded 2 times (x 69B)
Class com.google.common.base.Predicate                                                : loaded 2 times (x 70B)
Class [Lcom.google.common.cache.LocalCache$Strength;                                  : loaded 2 times (x 69B)
Class com.google.common.cache.CacheBuilder$1                                          : loaded 2 times (x 85B)
Class com.google.common.collect.ImmutableMap                                          : loaded 2 times (x 120B)
Class org.gradle.internal.classpath.DefaultClassPath$ImmutableUniqueList$Builder      : loaded 2 times (x 75B)
Class com.google.common.base.CharMatcher$NegatedFastMatcher                           : loaded 2 times (x 113B)
Class com.google.common.cache.LocalCache                                              : loaded 2 times (x 187B)
Class com.google.common.cache.CacheBuilder$2                                          : loaded 2 times (x 79B)
Class com.google.common.collect.ArrayListMultimap                                     : loaded 2 times (x 172B)
Class com.google.common.cache.CacheBuilder$3                                          : loaded 2 times (x 72B)
Class [Lcom.google.common.collect.AbstractMapEntry;                                   : loaded 2 times (x 69B)
Class com.google.common.collect.ImmutableEntry                                        : loaded 2 times (x 82B)
Class org.gradle.api.GradleException                                                  : loaded 2 times (x 82B)
Class com.google.common.collect.CollectPreconditions                                  : loaded 2 times (x 71B)
Class com.google.common.collect.SortedMapDifference                                   : loaded 2 times (x 70B)
Class com.google.common.cache.LocalCache$EntryFactory                                 : loaded 2 times (x 83B)
Class com.google.common.cache.LocalCache$AbstractReferenceEntry                       : loaded 2 times (x 107B)
Class ijJvmDebugger1_9x3erf11sbp6hr81ma3cxq5r2$_run_closure1$_closure2                : loaded 2 times (x 140B)
Class org.gradle.internal.IoActions                                                   : loaded 2 times (x 71B)
Class org.objectweb.asm.SymbolTable                                                   : loaded 2 times (x 72B)
Class com.google.common.cache.CacheLoader$InvalidCacheLoadException                   : loaded 2 times (x 82B)
Class com.google.common.collect.ImmutableSet$RegularSetBuilderImpl                    : loaded 2 times (x 77B)
Class ijJvmDebugger1_9x3erf11sbp6hr81ma3cxq5r2                                        : loaded 2 times (x 171B)
Class org.gradle.internal.classloader.SystemClassLoaderSpec                           : loaded 2 times (x 71B)
Class com.google.common.cache.LocalCache$StrongEntry                                  : loaded 2 times (x 108B)
Class com.google.common.util.concurrent.AbstractFuture$TrustedFuture                  : loaded 2 times (x 114B)
Class com.google.common.cache.LoadingCache                                            : loaded 2 times (x 70B)
Class org.objectweb.asm.MethodWriter                                                  : loaded 2 times (x 106B)
Class [Lcom.google.common.cache.Weigher;                                              : loaded 2 times (x 69B)
Class com.google.common.collect.RegularImmutableMap$BucketOverflowException           : loaded 2 times (x 82B)
Class com.google.common.collect.RegularImmutableBiMap                                 : loaded 2 times (x 149B)
Class com.google.common.base.CharMatcher$Negated                                      : loaded 2 times (x 113B)
Class com.google.common.base.CharMatcher$Is                                           : loaded 2 times (x 111B)
Class com.google.common.cache.LocalCache$ValueReference                               : loaded 2 times (x 70B)
Class com.google.common.base.PatternCompiler                                          : loaded 2 times (x 70B)
Class com.google.common.util.concurrent.AbstractFuture$Failure                        : loaded 2 times (x 72B)
Class com.google.common.base.Equivalence$Equals                                       : loaded 2 times (x 82B)
Class com.google.common.collect.Hashing                                               : loaded 2 times (x 71B)
Class com.google.common.base.Preconditions                                            : loaded 2 times (x 71B)
Class ijJvmDebugger1_9x3erf11sbp6hr81ma3cxq5r2$_run_closure1                          : loaded 2 times (x 139B)
Class com.google.common.base.Joiner$1                                                 : loaded 2 times (x 80B)
Class org.objectweb.asm.Label                                                         : loaded 2 times (x 73B)
Class org.objectweb.asm.CurrentFrame                                                  : loaded 2 times (x 73B)
Class org.objectweb.asm.ClassTooLargeException                                        : loaded 2 times (x 83B)
Class com.google.common.base.CharMatcher                                              : loaded 2 times (x 111B)
Class com.google.common.collect.PeekingIterator                                       : loaded 2 times (x 70B)
Class com.google.common.collect.Maps$IteratorBasedAbstractMap                         : loaded 2 times (x 125B)
Class com.google.common.base.Joiner$2                                                 : loaded 2 times (x 79B)
Class org.objectweb.asm.Frame                                                         : loaded 2 times (x 73B)
Class org.objectweb.asm.MethodVisitor                                                 : loaded 2 times (x 105B)
Class com.google.common.base.CharMatcher$1                                            : loaded 2 times (x 113B)
Class com.google.common.base.CharMatcher$NamedFastMatcher                             : loaded 2 times (x 112B)
Class com.google.common.cache.LocalCache$EntryFactory$1                               : loaded 2 times (x 83B)
Class [Lcom.google.common.cache.RemovalListener;                                      : loaded 2 times (x 69B)
Class com.google.common.cache.LocalCache$EntryFactory$2                               : loaded 2 times (x 83B)
Class ijKotlinCoroutineJvmDebugInit1_dofq3drr9aihm4earzh7ldbbw$_run_closure1$_closure2: loaded 2 times (x 139B)
Class org.gradle.api.internal.classpath.GlobalCacheRootsProvider                      : loaded 2 times (x 70B)
Class org.objectweb.asm.ModuleWriter                                                  : loaded 2 times (x 82B)
Class com.google.common.cache.LocalCache$EntryFactory$3                               : loaded 2 times (x 83B)
Class com.google.common.base.Ticker$1                                                 : loaded 2 times (x 72B)
Class com.google.common.collect.Maps$BiMapConverter                                   : loaded 2 times (x 90B)
Class com.google.common.collect.ImmutableMapEntrySet$RegularEntrySet                  : loaded 2 times (x 152B)
Class com.google.common.collect.ImmutableSet$Builder                                  : loaded 2 times (x 85B)
Class com.google.common.base.CharMatcher$InRange                                      : loaded 2 times (x 111B)
Class com.google.common.cache.LocalCache$EntryFactory$4                               : loaded 2 times (x 83B)
Class com.google.common.cache.LocalCache$EntryFactory$5                               : loaded 2 times (x 83B)
Class com.google.common.base.PairwiseEquivalence                                      : loaded 2 times (x 83B)
Class com.google.common.cache.LocalCache$EntryFactory$6                               : loaded 2 times (x 83B)
Class org.gradle.internal.installation.CurrentGradleInstallationLocator               : loaded 2 times (x 71B)
Class com.google.common.collect.Maps$KeySet                                           : loaded 2 times (x 137B)
Class com.google.common.collect.ImmutableSet$EmptySetBuilderImpl                      : loaded 2 times (x 76B)
Class com.google.common.cache.LocalCache$EntryFactory$7                               : loaded 2 times (x 83B)
Class com.google.common.collect.ImmutableList                                         : loaded 2 times (x 206B)
Class org.gradle.internal.service.DefaultServiceLocator                               : loaded 2 times (x 83B)
Class com.google.common.cache.LocalCache$EntryFactory$8                               : loaded 2 times (x 83B)
Class com.google.common.collect.ImmutableSet$SetBuilderImpl                           : loaded 2 times (x 76B)
Class org.gradle.internal.installation.CurrentGradleInstallation                      : loaded 2 times (x 73B)
Class com.google.common.cache.CacheLoader$1                                           : loaded 2 times (x 75B)
Class com.google.common.collect.ForwardingObject                                      : loaded 2 times (x 72B)
Class com.google.common.collect.ImmutableList$SubList                                 : loaded 2 times (x 209B)
Class org.gradle.util.internal.GUtil                                                  : loaded 2 times (x 71B)
Class com.google.common.cache.AbstractCache$StatsCounter                              : loaded 2 times (x 70B)
Class com.google.common.collect.Iterators$MergingIterator                             : loaded 2 times (x 81B)
Class com.google.common.collect.RegularImmutableSet                                   : loaded 2 times (x 149B)
Class org.gradle.internal.installation.GradleInstallation                             : loaded 2 times (x 75B)
Class com.google.common.collect.Iterables                                             : loaded 2 times (x 71B)

---------------  S Y S T E M  ---------------

OS:
 Windows 11 , 64 bit Build 26100 (10.0.26100.7309)
OS uptime: 3 days 6:24 hours

CPU: total 8 (initial active 8) (8 cores per cpu, 2 threads per core) family 23 model 160 stepping 0 microcode 0x8a00006, cx8, cmov, fxsr, ht, mmx, 3dnowpref, sse, sse2, sse3, ssse3, sse4a, sse4.1, sse4.2, popcnt, lzcnt, tsc, tscinvbit, avx, avx2, aes, clmul, bmi1, bmi2, adx, sha, fma, vzeroupper, clflush, clflushopt, rdtscp, rdpid, f16c
Processor Information for the first 8 processors :
  Max Mhz: 2401, Current Mhz: 2401, Mhz Limit: 2401

Memory: 4k page, system-wide physical 7455M (521M free)
TotalPageFile size 22153M (AvailPageFile size 21M)
current process WorkingSet (physical memory assigned to process): 422M, peak: 429M
current process commit charge ("private bytes"): 559M, peak: 704M

vm_info: OpenJDK 64-Bit Server VM (21.0.9+-14649483-b1163.86) for windows-amd64 JRE (21.0.9+-14649483-b1163.86), built on 2025-12-30T22:08:35Z by "builder" with MS VC++ 16.10 / 16.11 (VS2019)

END.
