#
# There is insufficient memory for the Java Runtime Environment to continue.
# Native memory allocation (mmap) failed to map 400556032 bytes. Error detail: G1 virtual space
# Possible reasons:
#   The system is out of physical RAM or swap space
#   This process is running with CompressedOops enabled, and the Java Heap may be blocking the growth of the native heap
# Possible solutions:
#   Reduce memory load on the system
#   Increase physical memory or swap space
#   Check if swap backing store is full
#   Decrease Java heap size (-Xmx/-Xms)
#   Decrease number of Java threads
#   Decrease Java thread stack sizes (-Xss)
#   Set larger code cache with -XX:ReservedCodeCacheSize=
#   JVM is running with Unscaled Compressed Oops mode in which the Java heap is
#     placed in the first 4GB address space. The Java Heap base address is the
#     maximum limit for the native heap growth. Please use -XX:HeapBaseMinAddress
#     to set the Java Heap base and to place the Java Heap above 4GB virtual address.
# This output file may be truncated or incomplete.
#
#  Out of Memory Error (os_windows.cpp:3925), pid=27084, tid=29756
#
# JRE version: OpenJDK Runtime Environment (21.0.9) (build 21.0.9+-14649483-b1163.86)
# Java VM: OpenJDK 64-Bit Server VM (21.0.9+-14649483-b1163.86, mixed mode, tiered, compressed oops, compressed class ptrs, g1 gc, windows-amd64)
# No core dump will be written. Minidumps are not enabled by default on client versions of Windows
#

---------------  S U M M A R Y ------------

Command Line: --add-opens=java.base/java.lang=ALL-UNNAMED --add-opens=java.base/java.lang.invoke=ALL-UNNAMED --add-opens=java.base/java.util=ALL-UNNAMED --add-opens=java.prefs/java.util.prefs=ALL-UNNAMED --add-exports=jdk.compiler/com.sun.tools.javac.api=ALL-UNNAMED --add-exports=jdk.compiler/com.sun.tools.javac.util=ALL-UNNAMED --add-opens=java.base/java.util=ALL-UNNAMED --add-opens=java.prefs/java.util.prefs=ALL-UNNAMED --add-opens=java.base/java.nio.charset=ALL-UNNAMED --add-opens=java.base/java.net=ALL-UNNAMED --add-opens=java.base/java.util.concurrent=ALL-UNNAMED --add-opens=java.base/java.util.concurrent.atomic=ALL-UNNAMED --add-opens=java.xml/javax.xml.namespace=ALL-UNNAMED --add-opens=java.base/java.time=ALL-UNNAMED -Xmx2048m -Dfile.encoding=UTF-8 -Duser.country=US -Duser.language=en -Duser.variant -javaagent:C:\Users\User\.gradle\wrapper\dists\gradle-9.2.1-bin\2t0n5ozlw9xmuyvbp7dnzaxug\gradle-9.2.1\lib\agents\gradle-instrumentation-agent-9.2.1.jar org.gradle.launcher.daemon.bootstrap.GradleDaemon 9.2.1

Host: AMD Ryzen 3 7320U with Radeon Graphics         , 8 cores, 7G,  Windows 11 , 64 bit Build 26100 (10.0.26100.7309)
Time: Fri May  8 14:22:52 2026 SE Asia Standard Time elapsed time: 58.767424 seconds (0d 0h 0m 58s)

---------------  T H R E A D  ---------------

Current thread (0x00000194be498c20):  VMThread "VM Thread"          [id=29756, stack(0x0000005159b00000,0x0000005159c00000) (1024K)]

Stack: [0x0000005159b00000,0x0000005159c00000]
Native frames: (J=compiled Java code, j=interpreted, Vv=VM code, C=native code)
V  [jvm.dll+0x6d6c99]
V  [jvm.dll+0x866b83]
V  [jvm.dll+0x86919e]
V  [jvm.dll+0x869883]
V  [jvm.dll+0x280776]
V  [jvm.dll+0x6d3555]
V  [jvm.dll+0x6c6bea]
V  [jvm.dll+0x3587fb]
V  [jvm.dll+0x360476]
V  [jvm.dll+0x3b2646]
V  [jvm.dll+0x3b2918]
V  [jvm.dll+0x32af0c]
V  [jvm.dll+0x32af97]
V  [jvm.dll+0x370e7c]
V  [jvm.dll+0x36f62e]
V  [jvm.dll+0x32a661]
V  [jvm.dll+0x36ed30]
V  [jvm.dll+0x86f608]
V  [jvm.dll+0x870984]
V  [jvm.dll+0x870ec0]
V  [jvm.dll+0x871153]
V  [jvm.dll+0x80f118]
V  [jvm.dll+0x6d54ed]
C  [ucrtbase.dll+0x37b0]
C  [KERNEL32.DLL+0x2e8d7]
C  [ntdll.dll+0x8c53c]

VM_Operation (0x00000051612f9e70): G1CollectForAllocation, mode: safepoint, requested by thread 0x00000194c91ec490


---------------  P R O C E S S  ---------------

Threads class SMR info:
_java_thread_list=0x00000194c5ea27f0, length=113, elements={
0x00000194a47f7f40, 0x00000194be4c1e70, 0x00000194be4f5df0, 0x00000194be4f8860,
0x00000194be509650, 0x00000194be50aa90, 0x00000194be50a310, 0x00000194be513bf0,
0x00000194be514c00, 0x00000194be517c10, 0x00000194be802d40, 0x00000194c30964d0,
0x00000194c52d83c0, 0x00000194c4921630, 0x00000194c30af130, 0x00000194c4482c10,
0x00000194c4c45670, 0x00000194c4c47dd0, 0x00000194c4c48460, 0x00000194c350a7b0,
0x00000194c350c1f0, 0x00000194c350cf10, 0x00000194c5b0eff0, 0x00000194c5b0dc40,
0x00000194c5b0d5b0, 0x00000194c5f174d0, 0x00000194c5f18880, 0x00000194c789ac60,
0x00000194c789c010, 0x00000194c789cd30, 0x00000194c8f70420, 0x00000194c7547240,
0x00000194c77f3980, 0x00000194c77f4010, 0x00000194c77f18b0, 0x00000194c77f1f40,
0x00000194c77f2c60, 0x00000194c77f32f0, 0x00000194c77f46a0, 0x00000194c77f1220,
0x00000194c77f4d30, 0x00000194c77f53c0, 0x00000194c77f5a50, 0x00000194c77f25d0,
0x00000194c77f6e00, 0x00000194c77f8840, 0x00000194c77f7b20, 0x00000194c77f60e0,
0x00000194c77f81b0, 0x00000194c77f7490, 0x00000194c6f5d990, 0x00000194c6f5b8c0,
0x00000194c6f5d300, 0x00000194c6f5cc70, 0x00000194c6f5bf50, 0x00000194c6f5e6b0,
0x00000194c6f5c5e0, 0x00000194c6f5b230, 0x00000194c6f600f0, 0x00000194c6f614a0,
0x00000194c6f5e020, 0x00000194c6f5f3d0, 0x00000194c6f61b30, 0x00000194c6f5ed40,
0x00000194c6f621c0, 0x00000194c6f62850, 0x00000194c789c6a0, 0x00000194c789b980,
0x00000194c789da50, 0x00000194c789a5d0, 0x00000194c789f490, 0x00000194c789e0e0,
0x00000194c789fb20, 0x00000194c78a0840, 0x00000194c78a01b0, 0x00000194c789e770,
0x00000194c5f19c30, 0x00000194c5f1a2c0, 0x00000194c5f1a950, 0x00000194c5f17b60,
0x00000194c350b4d0, 0x00000194c350c880, 0x00000194c3509a90, 0x00000194c350a120,
0x00000194c350ae40, 0x00000194c350bb60, 0x00000194c5b11de0, 0x00000194c91effa0,
0x00000194c91ecb20, 0x00000194c91f1350, 0x00000194c91f0630, 0x00000194c91f2700,
0x00000194c91f0cc0, 0x00000194c91f19e0, 0x00000194c75d6520, 0x00000194c75d4450,
0x00000194c75d30a0, 0x00000194c75d6bb0, 0x00000194c75d3730, 0x00000194c75d7f60,
0x00000194c75d7240, 0x00000194c75d78d0, 0x00000194c75d85f0, 0x00000194c75d8c80,
0x00000194c91ed840, 0x00000194c91eded0, 0x00000194c91ebe00, 0x00000194c91eebf0,
0x00000194c91eb770, 0x00000194c91ef910, 0x00000194c91ef280, 0x00000194c91ec490,
0x00000194c91f2070
}

Java Threads: ( => current thread )
  0x00000194a47f7f40 JavaThread "main"                              [_thread_blocked, id=10672, stack(0x0000005159400000,0x0000005159500000) (1024K)]
  0x00000194be4c1e70 JavaThread "Common-Cleaner"             daemon [_thread_blocked, id=21640, stack(0x0000005159c00000,0x0000005159d00000) (1024K)]
  0x00000194be4f5df0 JavaThread "Reference Handler"          daemon [_thread_blocked, id=30296, stack(0x0000005159d00000,0x0000005159e00000) (1024K)]
  0x00000194be4f8860 JavaThread "Finalizer"                  daemon [_thread_blocked, id=3752, stack(0x0000005159e00000,0x0000005159f00000) (1024K)]
  0x00000194be509650 JavaThread "Signal Dispatcher"          daemon [_thread_blocked, id=27520, stack(0x0000005159f00000,0x000000515a000000) (1024K)]
  0x00000194be50aa90 JavaThread "Attach Listener"            daemon [_thread_blocked, id=29912, stack(0x000000515a000000,0x000000515a100000) (1024K)]
  0x00000194be50a310 JavaThread "Service Thread"             daemon [_thread_blocked, id=8320, stack(0x000000515a100000,0x000000515a200000) (1024K)]
  0x00000194be513bf0 JavaThread "Monitor Deflation Thread"   daemon [_thread_blocked, id=26112, stack(0x000000515a200000,0x000000515a300000) (1024K)]
  0x00000194be514c00 JavaThread "C2 CompilerThread0"         daemon [_thread_blocked, id=11808, stack(0x000000515a300000,0x000000515a400000) (1024K)]
  0x00000194be517c10 JavaThread "C1 CompilerThread0"         daemon [_thread_blocked, id=2604, stack(0x000000515a400000,0x000000515a500000) (1024K)]
  0x00000194be802d40 JavaThread "Notification Thread"        daemon [_thread_blocked, id=14872, stack(0x000000515a500000,0x000000515a600000) (1024K)]
  0x00000194c30964d0 JavaThread "Daemon health stats"               [_thread_blocked, id=10520, stack(0x000000515ab00000,0x000000515ac00000) (1024K)]
  0x00000194c52d83c0 JavaThread "Incoming local TCP Connector on port 64277"        [_thread_in_native, id=11196, stack(0x000000515a600000,0x000000515a700000) (1024K)]
  0x00000194c4921630 JavaThread "Daemon periodic checks"            [_thread_blocked, id=11228, stack(0x000000515af00000,0x000000515b000000) (1024K)]
  0x00000194c30af130 JavaThread "Daemon"                            [_thread_blocked, id=27168, stack(0x000000515b000000,0x000000515b100000) (1024K)]
  0x00000194c4482c10 JavaThread "Daemon worker"                     [_thread_blocked, id=28664, stack(0x000000515b400000,0x000000515b500000) (1024K)]
  0x00000194c4c45670 JavaThread "Cache worker for journal cache (C:\Users\User\.gradle\caches\journal-1)"        [_thread_blocked, id=19844, stack(0x000000515b900000,0x000000515ba00000) (1024K)]
  0x00000194c4c47dd0 JavaThread "File lock request listener"        [_thread_in_native, id=3948, stack(0x000000515ba00000,0x000000515bb00000) (1024K)]
  0x00000194c4c48460 JavaThread "Cache worker for file hash cache (C:\Users\User\.gradle\caches\9.2.1\fileHashes)"        [_thread_blocked, id=25832, stack(0x000000515bb00000,0x000000515bc00000) (1024K)]
  0x00000194c350a7b0 JavaThread "File watcher server"        daemon [_thread_blocked, id=28792, stack(0x000000515be00000,0x000000515bf00000) (1024K)]
  0x00000194c350c1f0 JavaThread "File watcher consumer"      daemon [_thread_blocked, id=22952, stack(0x000000515bf00000,0x000000515c000000) (1024K)]
  0x00000194c350cf10 JavaThread "Cache worker for file content cache (C:\Users\User\.gradle\caches\9.2.1\fileContent)"        [_thread_blocked, id=12060, stack(0x000000515c000000,0x000000515c100000) (1024K)]
  0x00000194c5b0eff0 JavaThread "jar transforms"                    [_thread_blocked, id=30048, stack(0x000000515c400000,0x000000515c500000) (1024K)]
  0x00000194c5b0dc40 JavaThread "jar transforms Thread 2"           [_thread_blocked, id=17936, stack(0x000000515c500000,0x000000515c600000) (1024K)]
  0x00000194c5b0d5b0 JavaThread "jar transforms Thread 3"           [_thread_blocked, id=18896, stack(0x000000515c600000,0x000000515c700000) (1024K)]
  0x00000194c5f174d0 JavaThread "jar transforms Thread 4"           [_thread_blocked, id=20008, stack(0x000000515d500000,0x000000515d600000) (1024K)]
  0x00000194c5f18880 JavaThread "jar transforms Thread 5"           [_thread_blocked, id=10832, stack(0x000000515d600000,0x000000515d700000) (1024K)]
  0x00000194c789ac60 JavaThread "jar transforms Thread 6"           [_thread_blocked, id=26468, stack(0x000000515de00000,0x000000515df00000) (1024K)]
  0x00000194c789c010 JavaThread "jar transforms Thread 7"           [_thread_blocked, id=30120, stack(0x000000515df00000,0x000000515e000000) (1024K)]
  0x00000194c789cd30 JavaThread "jar transforms Thread 8"           [_thread_blocked, id=28420, stack(0x000000515e000000,0x000000515e100000) (1024K)]
  0x00000194c8f70420 JavaThread "Memory manager"                    [_thread_blocked, id=30512, stack(0x000000515fa00000,0x000000515fb00000) (1024K)]
  0x00000194c7547240 JavaThread "pool-3-thread-1"                   [_thread_blocked, id=29404, stack(0x000000515f900000,0x000000515fa00000) (1024K)]
  0x00000194c77f3980 JavaThread "included builds"                   [_thread_blocked, id=30464, stack(0x000000515fd00000,0x000000515fe00000) (1024K)]
  0x00000194c77f4010 JavaThread "VFS cleanup"                       [_thread_blocked, id=5512, stack(0x000000515b500000,0x000000515b600000) (1024K)]
  0x00000194c77f18b0 JavaThread "Handler for socket connection from /127.0.0.1:64277 to /127.0.0.1:50544"        [_thread_in_native, id=23352, stack(0x000000515b100000,0x000000515b200000) (1024K)]
  0x00000194c77f1f40 JavaThread "Cancel handler"                    [_thread_blocked, id=29168, stack(0x000000515b200000,0x000000515b300000) (1024K)]
  0x00000194c77f2c60 JavaThread "Asynchronous log dispatcher for DefaultDaemonConnection: socket connection from /127.0.0.1:64277 to /127.0.0.1:50544"        [_thread_blocked, id=8236, stack(0x000000515b600000,0x000000515b700000) (1024K)]
  0x00000194c77f32f0 JavaThread "Stdin handler"                     [_thread_blocked, id=23340, stack(0x000000515b700000,0x000000515b800000) (1024K)]
  0x00000194c77f46a0 JavaThread "Daemon client event forwarder"        [_thread_blocked, id=4084, stack(0x000000515b800000,0x000000515b900000) (1024K)]
  0x00000194c77f1220 JavaThread "Cache worker for file hash cache (D:\Downloads\ProjectTrashPay\ProjectTrashPay\.gradle\9.2.1\fileHashes)"        [_thread_blocked, id=3612, stack(0x000000515bc00000,0x000000515bd00000) (1024K)]
  0x00000194c77f4d30 JavaThread "Cache worker for Build Output Cleanup Cache (D:\Downloads\ProjectTrashPay\ProjectTrashPay\.gradle\buildOutputCleanup)"        [_thread_blocked, id=27716, stack(0x000000515bd00000,0x000000515be00000) (1024K)]
  0x00000194c77f53c0 JavaThread "Cache worker for checksums cache (D:\Downloads\ProjectTrashPay\ProjectTrashPay\.gradle\9.2.1\checksums)"        [_thread_blocked, id=20172, stack(0x000000515c100000,0x000000515c200000) (1024K)]
  0x00000194c77f5a50 JavaThread "Cache worker for cache directory md-supplier (C:\Users\User\.gradle\caches\9.2.1\md-supplier)"        [_thread_blocked, id=11512, stack(0x000000515c200000,0x000000515c300000) (1024K)]
  0x00000194c77f25d0 JavaThread "Cache worker for cache directory md-rule (C:\Users\User\.gradle\caches\9.2.1\md-rule)"        [_thread_blocked, id=24552, stack(0x000000515c700000,0x000000515c800000) (1024K)]
  0x00000194c77f6e00 JavaThread "Unconstrained build operations"        [_thread_blocked, id=14320, stack(0x0000005159200000,0x0000005159300000) (1024K)]
  0x00000194c77f8840 JavaThread "Unconstrained build operations Thread 2"        [_thread_blocked, id=26124, stack(0x000000515c800000,0x000000515c900000) (1024K)]
  0x00000194c77f7b20 JavaThread "Unconstrained build operations Thread 3"        [_thread_blocked, id=27956, stack(0x000000515c900000,0x000000515ca00000) (1024K)]
  0x00000194c77f60e0 JavaThread "Unconstrained build operations Thread 4"        [_thread_blocked, id=3936, stack(0x000000515ca00000,0x000000515cb00000) (1024K)]
  0x00000194c77f81b0 JavaThread "Unconstrained build operations Thread 5"        [_thread_blocked, id=25936, stack(0x000000515cb00000,0x000000515cc00000) (1024K)]
  0x00000194c77f7490 JavaThread "Unconstrained build operations Thread 6"        [_thread_blocked, id=27112, stack(0x000000515cc00000,0x000000515cd00000) (1024K)]
  0x00000194c6f5d990 JavaThread "Unconstrained build operations Thread 7"        [_thread_blocked, id=24284, stack(0x000000515cd00000,0x000000515ce00000) (1024K)]
  0x00000194c6f5b8c0 JavaThread "Unconstrained build operations Thread 8"        [_thread_blocked, id=17440, stack(0x000000515ce00000,0x000000515cf00000) (1024K)]
  0x00000194c6f5d300 JavaThread "Unconstrained build operations Thread 9"        [_thread_blocked, id=29692, stack(0x000000515cf00000,0x000000515d000000) (1024K)]
  0x00000194c6f5cc70 JavaThread "Unconstrained build operations Thread 10"        [_thread_blocked, id=22204, stack(0x000000515d000000,0x000000515d100000) (1024K)]
  0x00000194c6f5bf50 JavaThread "Unconstrained build operations Thread 11"        [_thread_blocked, id=29220, stack(0x000000515d100000,0x000000515d200000) (1024K)]
  0x00000194c6f5e6b0 JavaThread "Unconstrained build operations Thread 12"        [_thread_blocked, id=28044, stack(0x000000515d200000,0x000000515d300000) (1024K)]
  0x00000194c6f5c5e0 JavaThread "Unconstrained build operations Thread 13"        [_thread_blocked, id=29280, stack(0x000000515d300000,0x000000515d400000) (1024K)]
  0x00000194c6f5b230 JavaThread "Unconstrained build operations Thread 14"        [_thread_blocked, id=27600, stack(0x000000515d400000,0x000000515d500000) (1024K)]
  0x00000194c6f600f0 JavaThread "Unconstrained build operations Thread 15"        [_thread_blocked, id=6704, stack(0x000000515d700000,0x000000515d800000) (1024K)]
  0x00000194c6f614a0 JavaThread "Unconstrained build operations Thread 16"        [_thread_blocked, id=19816, stack(0x000000515d800000,0x000000515d900000) (1024K)]
  0x00000194c6f5e020 JavaThread "Unconstrained build operations Thread 17"        [_thread_blocked, id=10668, stack(0x000000515c300000,0x000000515c400000) (1024K)]
  0x00000194c6f5f3d0 JavaThread "Unconstrained build operations Thread 18"        [_thread_blocked, id=14148, stack(0x000000515d900000,0x000000515da00000) (1024K)]
  0x00000194c6f61b30 JavaThread "Unconstrained build operations Thread 19"        [_thread_blocked, id=25552, stack(0x000000515da00000,0x000000515db00000) (1024K)]
  0x00000194c6f5ed40 JavaThread "Unconstrained build operations Thread 20"        [_thread_blocked, id=23632, stack(0x000000515db00000,0x000000515dc00000) (1024K)]
  0x00000194c6f621c0 JavaThread "Unconstrained build operations Thread 21"        [_thread_blocked, id=4968, stack(0x000000515dc00000,0x000000515dd00000) (1024K)]
  0x00000194c6f62850 JavaThread "Unconstrained build operations Thread 22"        [_thread_blocked, id=7764, stack(0x000000515dd00000,0x000000515de00000) (1024K)]
  0x00000194c789c6a0 JavaThread "Unconstrained build operations Thread 23"        [_thread_blocked, id=11468, stack(0x000000515e100000,0x000000515e200000) (1024K)]
  0x00000194c789b980 JavaThread "Unconstrained build operations Thread 24"        [_thread_blocked, id=23084, stack(0x000000515e200000,0x000000515e300000) (1024K)]
  0x00000194c789da50 JavaThread "Unconstrained build operations Thread 25"        [_thread_blocked, id=21984, stack(0x000000515e300000,0x000000515e400000) (1024K)]
  0x00000194c789a5d0 JavaThread "Unconstrained build operations Thread 26"        [_thread_blocked, id=29084, stack(0x000000515e400000,0x000000515e500000) (1024K)]
  0x00000194c789f490 JavaThread "Unconstrained build operations Thread 27"        [_thread_blocked, id=15904, stack(0x000000515e500000,0x000000515e600000) (1024K)]
  0x00000194c789e0e0 JavaThread "Unconstrained build operations Thread 28"        [_thread_blocked, id=13704, stack(0x000000515e600000,0x000000515e700000) (1024K)]
  0x00000194c789fb20 JavaThread "Unconstrained build operations Thread 29"        [_thread_blocked, id=26932, stack(0x000000515e700000,0x000000515e800000) (1024K)]
  0x00000194c78a0840 JavaThread "Unconstrained build operations Thread 30"        [_thread_blocked, id=4744, stack(0x000000515e800000,0x000000515e900000) (1024K)]
  0x00000194c78a01b0 JavaThread "build event listener"              [_thread_blocked, id=29128, stack(0x000000515e900000,0x000000515ea00000) (1024K)]
  0x00000194c789e770 JavaThread "build event listener"              [_thread_blocked, id=9424, stack(0x000000515ea00000,0x000000515eb00000) (1024K)]
  0x00000194c5f19c30 JavaThread "pool-6-thread-1"                   [_thread_blocked, id=14624, stack(0x000000515ec00000,0x000000515ed00000) (1024K)]
  0x00000194c5f1a2c0 JavaThread "build event listener"              [_thread_blocked, id=30628, stack(0x000000515ed00000,0x000000515ee00000) (1024K)]
  0x00000194c5f1a950 JavaThread "included builds"                   [_thread_blocked, id=30328, stack(0x000000515ee00000,0x000000515ef00000) (1024K)]
  0x00000194c5f17b60 JavaThread "Execution worker"                  [_thread_blocked, id=24172, stack(0x000000515ef00000,0x000000515f000000) (1024K)]
  0x00000194c350b4d0 JavaThread "Execution worker Thread 2"         [_thread_blocked, id=28040, stack(0x000000515f000000,0x000000515f100000) (1024K)]
  0x00000194c350c880 JavaThread "Execution worker Thread 3"         [_thread_blocked, id=27900, stack(0x000000515f100000,0x000000515f200000) (1024K)]
  0x00000194c3509a90 JavaThread "Execution worker Thread 4"         [_thread_blocked, id=30116, stack(0x000000515f200000,0x000000515f300000) (1024K)]
  0x00000194c350a120 JavaThread "Execution worker Thread 5"         [_thread_blocked, id=23812, stack(0x000000515f300000,0x000000515f400000) (1024K)]
  0x00000194c350ae40 JavaThread "Execution worker Thread 6"         [_thread_blocked, id=4176, stack(0x000000515f400000,0x000000515f500000) (1024K)]
  0x00000194c350bb60 JavaThread "Execution worker Thread 7"         [_thread_blocked, id=28012, stack(0x000000515f500000,0x000000515f600000) (1024K)]
  0x00000194c5b11de0 JavaThread "Cache worker for execution history cache (D:\Downloads\ProjectTrashPay\ProjectTrashPay\.gradle\9.2.1\executionHistory)"        [_thread_blocked, id=24140, stack(0x000000515f600000,0x000000515f700000) (1024K)]
  0x00000194c91effa0 JavaThread "Unconstrained build operations Thread 31"        [_thread_blocked, id=29072, stack(0x000000515f700000,0x000000515f800000) (1024K)]
  0x00000194c91ecb20 JavaThread "Unconstrained build operations Thread 32"        [_thread_blocked, id=27824, stack(0x000000515f800000,0x000000515f900000) (1024K)]
  0x00000194c91f1350 JavaThread "Unconstrained build operations Thread 33"        [_thread_blocked, id=27644, stack(0x000000515fb00000,0x000000515fc00000) (1024K)]
  0x00000194c91f0630 JavaThread "Unconstrained build operations Thread 34"        [_thread_blocked, id=7848, stack(0x000000515fc00000,0x000000515fd00000) (1024K)]
  0x00000194c91f2700 JavaThread "Unconstrained build operations Thread 35"        [_thread_blocked, id=1776, stack(0x000000515fe00000,0x000000515ff00000) (1024K)]
  0x00000194c91f0cc0 JavaThread "Unconstrained build operations Thread 36"        [_thread_blocked, id=20096, stack(0x000000515ff00000,0x0000005160000000) (1024K)]
  0x00000194c91f19e0 JavaThread "Unconstrained build operations Thread 37"        [_thread_blocked, id=29860, stack(0x0000005160000000,0x0000005160100000) (1024K)]
  0x00000194c75d6520 JavaThread "Unconstrained build operations Thread 38"        [_thread_blocked, id=14896, stack(0x0000005160100000,0x0000005160200000) (1024K)]
  0x00000194c75d4450 JavaThread "WorkerExecutor Queue"              [_thread_blocked, id=20212, stack(0x0000005160200000,0x0000005160300000) (1024K)]
  0x00000194c75d30a0 JavaThread "WorkerExecutor Queue Thread 2"        [_thread_blocked, id=10004, stack(0x0000005160300000,0x0000005160400000) (1024K)]
  0x00000194c75d6bb0 JavaThread "Unconstrained build operations Thread 39"        [_thread_blocked, id=27788, stack(0x0000005160400000,0x0000005160500000) (1024K)]
  0x00000194c75d3730 JavaThread "Unconstrained build operations Thread 40"        [_thread_blocked, id=25068, stack(0x0000005160500000,0x0000005160600000) (1024K)]
  0x00000194c75d7f60 JavaThread "Unconstrained build operations Thread 41"        [_thread_blocked, id=27668, stack(0x0000005160600000,0x0000005160700000) (1024K)]
  0x00000194c75d7240 JavaThread "Unconstrained build operations Thread 42"        [_thread_blocked, id=12124, stack(0x0000005160700000,0x0000005160800000) (1024K)]
  0x00000194c75d78d0 JavaThread "Unconstrained build operations Thread 43"        [_thread_blocked, id=29408, stack(0x0000005160800000,0x0000005160900000) (1024K)]
  0x00000194c75d85f0 JavaThread "Unconstrained build operations Thread 44"        [_thread_blocked, id=28876, stack(0x0000005160900000,0x0000005160a00000) (1024K)]
  0x00000194c75d8c80 JavaThread "Unconstrained build operations Thread 45"        [_thread_blocked, id=23244, stack(0x0000005160a00000,0x0000005160b00000) (1024K)]
  0x00000194c91ed840 JavaThread "WorkerExecutor Queue Thread 3"        [_thread_blocked, id=7712, stack(0x0000005160b00000,0x0000005160c00000) (1024K)]
  0x00000194c91eded0 JavaThread "WorkerExecutor Queue Thread 4"        [_thread_blocked, id=10496, stack(0x0000005160c00000,0x0000005160d00000) (1024K)]
  0x00000194c91ebe00 JavaThread "Unconstrained build operations Thread 46"        [_thread_blocked, id=10244, stack(0x0000005160d00000,0x0000005160e00000) (1024K)]
  0x00000194c91eebf0 JavaThread "Unconstrained build operations Thread 47"        [_thread_blocked, id=25704, stack(0x0000005160e00000,0x0000005160f00000) (1024K)]
  0x00000194c91eb770 JavaThread "Unconstrained build operations Thread 48"        [_thread_blocked, id=4172, stack(0x0000005160f00000,0x0000005161000000) (1024K)]
  0x00000194c91ef910 JavaThread "Unconstrained build operations Thread 49"        [_thread_blocked, id=25716, stack(0x0000005161000000,0x0000005161100000) (1024K)]
  0x00000194c91ef280 JavaThread "Unconstrained build operations Thread 50"        [_thread_blocked, id=16152, stack(0x0000005161100000,0x0000005161200000) (1024K)]
  0x00000194c91ec490 JavaThread "Unconstrained build operations Thread 51"        [_thread_blocked, id=27024, stack(0x0000005161200000,0x0000005161300000) (1024K)]
  0x00000194c91f2070 JavaThread "Unconstrained build operations Thread 52"        [_thread_blocked, id=28780, stack(0x0000005161300000,0x0000005161400000) (1024K)]
Total: 113

Other Threads:
=>0x00000194be498c20 VMThread "VM Thread"                           [id=29756, stack(0x0000005159b00000,0x0000005159c00000) (1024K)]
  0x00000194be2cc270 WatcherThread "VM Periodic Task Thread"        [id=30108, stack(0x0000005159a00000,0x0000005159b00000) (1024K)]
  0x00000194a6c82920 WorkerThread "GC Thread#0"                     [id=29020, stack(0x0000005159500000,0x0000005159600000) (1024K)]
  0x00000194c3166540 WorkerThread "GC Thread#1"                     [id=29436, stack(0x000000515a700000,0x000000515a800000) (1024K)]
  0x00000194c31961c0 WorkerThread "GC Thread#2"                     [id=26148, stack(0x000000515a800000,0x000000515a900000) (1024K)]
  0x00000194c3c08df0 WorkerThread "GC Thread#3"                     [id=316, stack(0x000000515a900000,0x000000515aa00000) (1024K)]
  0x00000194c389efa0 WorkerThread "GC Thread#4"                     [id=22808, stack(0x000000515aa00000,0x000000515ab00000) (1024K)]
  0x00000194c3371670 WorkerThread "GC Thread#5"                     [id=29120, stack(0x000000515ac00000,0x000000515ad00000) (1024K)]
  0x00000194c3ee8bb0 WorkerThread "GC Thread#6"                     [id=22228, stack(0x000000515ad00000,0x000000515ae00000) (1024K)]
  0x00000194c40f8830 WorkerThread "GC Thread#7"                     [id=1808, stack(0x000000515ae00000,0x000000515af00000) (1024K)]
  0x00000194a6c93810 ConcurrentGCThread "G1 Main Marker"            [id=29840, stack(0x0000005159600000,0x0000005159700000) (1024K)]
  0x00000194a6c94220 WorkerThread "G1 Conc#0"                       [id=9936, stack(0x0000005159700000,0x0000005159800000) (1024K)]
  0x00000194c3b88380 WorkerThread "G1 Conc#1"                       [id=2460, stack(0x000000515b300000,0x000000515b400000) (1024K)]
  0x00000194a6cee6d0 ConcurrentGCThread "G1 Refine#0"               [id=11920, stack(0x0000005159800000,0x0000005159900000) (1024K)]
  0x00000194be1913c0 ConcurrentGCThread "G1 Service"                [id=10236, stack(0x0000005159900000,0x0000005159a00000) (1024K)]
Total: 15

Threads with active compile tasks:
Total: 0

VM state: at safepoint (normal execution)

VM Mutex/Monitor currently owned by a thread:  ([mutex/lock_event])
[0x00007ffd82898690] Threads_lock - owner thread: 0x00000194be498c20
[0x00007ffd82898790] Heap_lock - owner thread: 0x00000194c91ec490

Heap address: 0x0000000080000000, size: 2048 MB, Compressed Oops mode: 32-bit

CDS archive(s) not mapped
Compressed class space mapped at: 0x0000000100000000-0x0000000140000000, reserved size: 1073741824
Narrow klass base: 0x0000000000000000, Narrow klass shift: 3, Narrow klass range: 0x140000000

GC Precious Log:
 CardTable entry size: 512
 Card Set container configuration: InlinePtr #cards 5 size 8 Array Of Cards #cards 12 size 40 Howl #buckets 4 coarsen threshold 1843 Howl Bitmap #cards 512 size 80 coarsen threshold 460 Card regions per heap region 1 cards per card region 2048
 CPUs: 8 total, 8 available
 Memory: 7455M
 Large Page Support: Disabled
 NUMA Support: Disabled
 Compressed Oops: Enabled (32-bit)
 Heap Region Size: 1M
 Heap Min Capacity: 8M
 Heap Initial Capacity: 118M
 Heap Max Capacity: 2G
 Pre-touch: Disabled
 Parallel Workers: 8
 Concurrent Workers: 2
 Concurrent Refinement Workers: 8
 Periodic GC: Disabled

Heap:
 garbage-first heap   total 215040K, used 127916K [0x0000000080000000, 0x0000000100000000)
  region size 1024K, 6 young (6144K), 6 survivors (6144K)
 Metaspace       used 128245K, committed 130624K, reserved 1179648K
  class space    used 17633K, committed 18752K, reserved 1048576K

Heap Regions: E=young(eden), S=young(survivor), O=old, HS=humongous(starts), HC=humongous(continues), CS=collection set, F=free, TAMS=top-at-mark-start, PB=parsable bottom
|   0|0x0000000080000000, 0x0000000080100000, 0x0000000080100000|100%|HS|  |TAMS 0x0000000080100000| PB 0x0000000080000000| Complete 
|   1|0x0000000080100000, 0x0000000080200000, 0x0000000080200000|100%|HC|  |TAMS 0x0000000080200000| PB 0x0000000080100000| Complete 
|   2|0x0000000080200000, 0x0000000080300000, 0x0000000080300000|100%|HC|  |TAMS 0x0000000080300000| PB 0x0000000080200000| Complete 
|   3|0x0000000080300000, 0x0000000080400000, 0x0000000080400000|100%|HC|  |TAMS 0x0000000080400000| PB 0x0000000080300000| Complete 
|   4|0x0000000080400000, 0x0000000080500000, 0x0000000080500000|100%| O|  |TAMS 0x0000000080500000| PB 0x0000000080400000| Untracked 
|   5|0x0000000080500000, 0x0000000080600000, 0x0000000080600000|100%| O|  |TAMS 0x0000000080600000| PB 0x0000000080500000| Untracked 
|   6|0x0000000080600000, 0x0000000080700000, 0x0000000080700000|100%| O|  |TAMS 0x0000000080700000| PB 0x0000000080600000| Untracked 
|   7|0x0000000080700000, 0x0000000080800000, 0x0000000080800000|100%|HS|  |TAMS 0x0000000080800000| PB 0x0000000080700000| Complete 
|   8|0x0000000080800000, 0x0000000080900000, 0x0000000080900000|100%| O|  |TAMS 0x0000000080900000| PB 0x0000000080800000| Untracked 
|   9|0x0000000080900000, 0x0000000080a00000, 0x0000000080a00000|100%| O|  |TAMS 0x0000000080a00000| PB 0x0000000080900000| Untracked 
|  10|0x0000000080a00000, 0x0000000080b00000, 0x0000000080b00000|100%| O|  |TAMS 0x0000000080b00000| PB 0x0000000080a00000| Untracked 
|  11|0x0000000080b00000, 0x0000000080c00000, 0x0000000080c00000|100%| O|  |TAMS 0x0000000080c00000| PB 0x0000000080b00000| Untracked 
|  12|0x0000000080c00000, 0x0000000080d00000, 0x0000000080d00000|100%| O|  |TAMS 0x0000000080d00000| PB 0x0000000080c00000| Untracked 
|  13|0x0000000080d00000, 0x0000000080e00000, 0x0000000080e00000|100%| O|  |TAMS 0x0000000080e00000| PB 0x0000000080d00000| Untracked 
|  14|0x0000000080e00000, 0x0000000080f00000, 0x0000000080f00000|100%| O|  |TAMS 0x0000000080f00000| PB 0x0000000080e00000| Untracked 
|  15|0x0000000080f00000, 0x0000000081000000, 0x0000000081000000|100%| O|  |TAMS 0x0000000081000000| PB 0x0000000080f00000| Untracked 
|  16|0x0000000081000000, 0x0000000081100000, 0x0000000081100000|100%| O|  |TAMS 0x0000000081100000| PB 0x0000000081000000| Untracked 
|  17|0x0000000081100000, 0x0000000081200000, 0x0000000081200000|100%| O|  |TAMS 0x0000000081200000| PB 0x0000000081100000| Untracked 
|  18|0x0000000081200000, 0x0000000081300000, 0x0000000081300000|100%| O|  |TAMS 0x0000000081300000| PB 0x0000000081200000| Untracked 
|  19|0x0000000081300000, 0x0000000081400000, 0x0000000081400000|100%| O|  |TAMS 0x0000000081400000| PB 0x0000000081300000| Untracked 
|  20|0x0000000081400000, 0x0000000081500000, 0x0000000081500000|100%| O|  |TAMS 0x0000000081500000| PB 0x0000000081400000| Untracked 
|  21|0x0000000081500000, 0x0000000081600000, 0x0000000081600000|100%| O|  |TAMS 0x0000000081600000| PB 0x0000000081500000| Untracked 
|  22|0x0000000081600000, 0x0000000081700000, 0x0000000081700000|100%| O|  |TAMS 0x0000000081700000| PB 0x0000000081600000| Untracked 
|  23|0x0000000081700000, 0x0000000081800000, 0x0000000081800000|100%| O|  |TAMS 0x0000000081800000| PB 0x0000000081700000| Untracked 
|  24|0x0000000081800000, 0x0000000081900000, 0x0000000081900000|100%| O|  |TAMS 0x0000000081900000| PB 0x0000000081800000| Untracked 
|  25|0x0000000081900000, 0x0000000081a00000, 0x0000000081a00000|100%| O|  |TAMS 0x0000000081a00000| PB 0x0000000081900000| Untracked 
|  26|0x0000000081a00000, 0x0000000081b00000, 0x0000000081b00000|100%| O|  |TAMS 0x0000000081b00000| PB 0x0000000081a00000| Untracked 
|  27|0x0000000081b00000, 0x0000000081c00000, 0x0000000081c00000|100%| O|  |TAMS 0x0000000081c00000| PB 0x0000000081b00000| Untracked 
|  28|0x0000000081c00000, 0x0000000081d00000, 0x0000000081d00000|100%| O|  |TAMS 0x0000000081d00000| PB 0x0000000081c00000| Untracked 
|  29|0x0000000081d00000, 0x0000000081e00000, 0x0000000081e00000|100%|HS|  |TAMS 0x0000000081e00000| PB 0x0000000081d00000| Complete 
|  30|0x0000000081e00000, 0x0000000081f00000, 0x0000000081f00000|100%|HC|  |TAMS 0x0000000081f00000| PB 0x0000000081e00000| Complete 
|  31|0x0000000081f00000, 0x0000000082000000, 0x0000000082000000|100%| O|  |TAMS 0x0000000082000000| PB 0x0000000081f00000| Untracked 
|  32|0x0000000082000000, 0x0000000082100000, 0x0000000082100000|100%| O|  |TAMS 0x0000000082100000| PB 0x0000000082000000| Untracked 
|  33|0x0000000082100000, 0x0000000082200000, 0x0000000082200000|100%| O|  |TAMS 0x0000000082200000| PB 0x0000000082100000| Untracked 
|  34|0x0000000082200000, 0x0000000082300000, 0x0000000082300000|100%| O|  |TAMS 0x0000000082300000| PB 0x0000000082200000| Untracked 
|  35|0x0000000082300000, 0x0000000082400000, 0x0000000082400000|100%| O|  |TAMS 0x0000000082400000| PB 0x0000000082300000| Untracked 
|  36|0x0000000082400000, 0x0000000082500000, 0x0000000082500000|100%| O|  |TAMS 0x0000000082500000| PB 0x0000000082400000| Untracked 
|  37|0x0000000082500000, 0x0000000082600000, 0x0000000082600000|100%| O|  |TAMS 0x0000000082600000| PB 0x0000000082500000| Untracked 
|  38|0x0000000082600000, 0x0000000082700000, 0x0000000082700000|100%| O|  |TAMS 0x0000000082700000| PB 0x0000000082600000| Untracked 
|  39|0x0000000082700000, 0x0000000082800000, 0x0000000082800000|100%| O|  |TAMS 0x0000000082800000| PB 0x0000000082700000| Untracked 
|  40|0x0000000082800000, 0x0000000082900000, 0x0000000082900000|100%| O|  |TAMS 0x0000000082900000| PB 0x0000000082800000| Untracked 
|  41|0x0000000082900000, 0x0000000082a00000, 0x0000000082a00000|100%| O|  |TAMS 0x0000000082a00000| PB 0x0000000082900000| Untracked 
|  42|0x0000000082a00000, 0x0000000082a00000, 0x0000000082b00000|  0%| F|  |TAMS 0x0000000082a00000| PB 0x0000000082a00000| Untracked 
|  43|0x0000000082b00000, 0x0000000082c00000, 0x0000000082c00000|100%| O|  |TAMS 0x0000000082c00000| PB 0x0000000082b00000| Untracked 
|  44|0x0000000082c00000, 0x0000000082d00000, 0x0000000082d00000|100%| O|  |TAMS 0x0000000082d00000| PB 0x0000000082c00000| Untracked 
|  45|0x0000000082d00000, 0x0000000082e00000, 0x0000000082e00000|100%|HS|  |TAMS 0x0000000082e00000| PB 0x0000000082d00000| Complete 
|  46|0x0000000082e00000, 0x0000000082f00000, 0x0000000082f00000|100%| O|  |TAMS 0x0000000082f00000| PB 0x0000000082e00000| Untracked 
|  47|0x0000000082f00000, 0x0000000082f00000, 0x0000000083000000|  0%| F|  |TAMS 0x0000000082f00000| PB 0x0000000082f00000| Untracked 
|  48|0x0000000083000000, 0x0000000083100000, 0x0000000083100000|100%| O|  |TAMS 0x0000000083100000| PB 0x0000000083000000| Untracked 
|  49|0x0000000083100000, 0x0000000083200000, 0x0000000083200000|100%|HS|  |TAMS 0x0000000083200000| PB 0x0000000083100000| Complete 
|  50|0x0000000083200000, 0x0000000083300000, 0x0000000083300000|100%| O|  |TAMS 0x0000000083300000| PB 0x0000000083200000| Untracked 
|  51|0x0000000083300000, 0x0000000083400000, 0x0000000083400000|100%| O|  |TAMS 0x0000000083400000| PB 0x0000000083300000| Untracked 
|  52|0x0000000083400000, 0x0000000083500000, 0x0000000083500000|100%|HS|  |TAMS 0x0000000083500000| PB 0x0000000083400000| Complete 
|  53|0x0000000083500000, 0x0000000083600000, 0x0000000083600000|100%|HC|  |TAMS 0x0000000083600000| PB 0x0000000083500000| Complete 
|  54|0x0000000083600000, 0x0000000083700000, 0x0000000083700000|100%|HS|  |TAMS 0x0000000083700000| PB 0x0000000083600000| Complete 
|  55|0x0000000083700000, 0x0000000083800000, 0x0000000083800000|100%|HS|  |TAMS 0x0000000083800000| PB 0x0000000083700000| Complete 
|  56|0x0000000083800000, 0x0000000083900000, 0x0000000083900000|100%| O|  |TAMS 0x0000000083900000| PB 0x0000000083800000| Untracked 
|  57|0x0000000083900000, 0x0000000083a00000, 0x0000000083a00000|100%| O|  |TAMS 0x0000000083a00000| PB 0x0000000083900000| Untracked 
|  58|0x0000000083a00000, 0x0000000083b00000, 0x0000000083b00000|100%| O|  |TAMS 0x0000000083b00000| PB 0x0000000083a00000| Untracked 
|  59|0x0000000083b00000, 0x0000000083c00000, 0x0000000083c00000|100%| O|  |TAMS 0x0000000083c00000| PB 0x0000000083b00000| Untracked 
|  60|0x0000000083c00000, 0x0000000083d00000, 0x0000000083d00000|100%| O|  |TAMS 0x0000000083d00000| PB 0x0000000083c00000| Untracked 
|  61|0x0000000083d00000, 0x0000000083e00000, 0x0000000083e00000|100%|HS|  |TAMS 0x0000000083e00000| PB 0x0000000083d00000| Complete 
|  62|0x0000000083e00000, 0x0000000083f00000, 0x0000000083f00000|100%|HS|  |TAMS 0x0000000083f00000| PB 0x0000000083e00000| Complete 
|  63|0x0000000083f00000, 0x0000000084000000, 0x0000000084000000|100%| O|  |TAMS 0x0000000084000000| PB 0x0000000083f00000| Untracked 
|  64|0x0000000084000000, 0x0000000084100000, 0x0000000084100000|100%| O|  |TAMS 0x0000000084100000| PB 0x0000000084000000| Untracked 
|  65|0x0000000084100000, 0x0000000084200000, 0x0000000084200000|100%| O|  |TAMS 0x0000000084200000| PB 0x0000000084100000| Untracked 
|  66|0x0000000084200000, 0x0000000084300000, 0x0000000084300000|100%| O|  |TAMS 0x0000000084300000| PB 0x0000000084200000| Untracked 
|  67|0x0000000084300000, 0x0000000084400000, 0x0000000084400000|100%| O|  |TAMS 0x0000000084400000| PB 0x0000000084300000| Untracked 
|  68|0x0000000084400000, 0x0000000084500000, 0x0000000084500000|100%|HS|  |TAMS 0x0000000084500000| PB 0x0000000084400000| Complete 
|  69|0x0000000084500000, 0x0000000084600000, 0x0000000084600000|100%|HC|  |TAMS 0x0000000084600000| PB 0x0000000084500000| Complete 
|  70|0x0000000084600000, 0x0000000084700000, 0x0000000084700000|100%| O|  |TAMS 0x0000000084700000| PB 0x0000000084600000| Untracked 
|  71|0x0000000084700000, 0x0000000084800000, 0x0000000084800000|100%|HS|  |TAMS 0x0000000084800000| PB 0x0000000084700000| Complete 
|  72|0x0000000084800000, 0x0000000084900000, 0x0000000084900000|100%| O|  |TAMS 0x0000000084900000| PB 0x0000000084800000| Untracked 
|  73|0x0000000084900000, 0x0000000084a00000, 0x0000000084a00000|100%| O|  |TAMS 0x0000000084a00000| PB 0x0000000084900000| Untracked 
|  74|0x0000000084a00000, 0x0000000084b00000, 0x0000000084b00000|100%| O|  |TAMS 0x0000000084b00000| PB 0x0000000084a00000| Untracked 
|  75|0x0000000084b00000, 0x0000000084c00000, 0x0000000084c00000|100%| O|  |TAMS 0x0000000084c00000| PB 0x0000000084b00000| Untracked 
|  76|0x0000000084c00000, 0x0000000084d00000, 0x0000000084d00000|100%| O|  |TAMS 0x0000000084d00000| PB 0x0000000084c00000| Untracked 
|  77|0x0000000084d00000, 0x0000000084e00000, 0x0000000084e00000|100%| O|  |TAMS 0x0000000084e00000| PB 0x0000000084d00000| Untracked 
|  78|0x0000000084e00000, 0x0000000084f00000, 0x0000000084f00000|100%| O|  |TAMS 0x0000000084f00000| PB 0x0000000084e00000| Untracked 
|  79|0x0000000084f00000, 0x0000000085000000, 0x0000000085000000|100%| O|  |TAMS 0x0000000085000000| PB 0x0000000084f00000| Untracked 
|  80|0x0000000085000000, 0x0000000085100000, 0x0000000085100000|100%| O|  |TAMS 0x0000000085100000| PB 0x0000000085000000| Untracked 
|  81|0x0000000085100000, 0x0000000085200000, 0x0000000085200000|100%| O|  |TAMS 0x0000000085200000| PB 0x0000000085100000| Untracked 
|  82|0x0000000085200000, 0x0000000085300000, 0x0000000085300000|100%| O|  |TAMS 0x0000000085300000| PB 0x0000000085200000| Untracked 
|  83|0x0000000085300000, 0x0000000085400000, 0x0000000085400000|100%| O|  |TAMS 0x0000000085400000| PB 0x0000000085300000| Untracked 
|  84|0x0000000085400000, 0x0000000085500000, 0x0000000085500000|100%| O|  |TAMS 0x0000000085500000| PB 0x0000000085400000| Untracked 
|  85|0x0000000085500000, 0x0000000085600000, 0x0000000085600000|100%| O|  |TAMS 0x0000000085600000| PB 0x0000000085500000| Untracked 
|  86|0x0000000085600000, 0x0000000085700000, 0x0000000085700000|100%| O|  |TAMS 0x0000000085700000| PB 0x0000000085600000| Untracked 
|  87|0x0000000085700000, 0x0000000085800000, 0x0000000085800000|100%| O|  |TAMS 0x0000000085800000| PB 0x0000000085700000| Untracked 
|  88|0x0000000085800000, 0x00000000858d0bd0, 0x0000000085900000| 81%| O|  |TAMS 0x00000000858d0bd0| PB 0x0000000085800000| Untracked 
|  89|0x0000000085900000, 0x0000000085a00000, 0x0000000085a00000|100%| O|  |TAMS 0x0000000085a00000| PB 0x0000000085900000| Untracked 
|  90|0x0000000085a00000, 0x0000000085b00000, 0x0000000085b00000|100%| O|  |TAMS 0x0000000085b00000| PB 0x0000000085a00000| Untracked 
|  91|0x0000000085b00000, 0x0000000085c00000, 0x0000000085c00000|100%| O|  |TAMS 0x0000000085c00000| PB 0x0000000085b00000| Untracked 
|  92|0x0000000085c00000, 0x0000000085d00000, 0x0000000085d00000|100%| O|  |TAMS 0x0000000085d00000| PB 0x0000000085c00000| Untracked 
|  93|0x0000000085d00000, 0x0000000085e00000, 0x0000000085e00000|100%| O|  |TAMS 0x0000000085e00000| PB 0x0000000085d00000| Untracked 
|  94|0x0000000085e00000, 0x0000000085f00000, 0x0000000085f00000|100%| O|  |TAMS 0x0000000085f00000| PB 0x0000000085e00000| Untracked 
|  95|0x0000000085f00000, 0x0000000085f00000, 0x0000000086000000|  0%| F|  |TAMS 0x0000000085f00000| PB 0x0000000085f00000| Untracked 
|  96|0x0000000086000000, 0x0000000086100000, 0x0000000086100000|100%| O|  |TAMS 0x0000000086100000| PB 0x0000000086000000| Untracked 
|  97|0x0000000086100000, 0x0000000086200000, 0x0000000086200000|100%| O|  |TAMS 0x0000000086200000| PB 0x0000000086100000| Untracked 
|  98|0x0000000086200000, 0x0000000086300000, 0x0000000086300000|100%| O|  |TAMS 0x0000000086300000| PB 0x0000000086200000| Untracked 
|  99|0x0000000086300000, 0x0000000086400000, 0x0000000086400000|100%| O|  |TAMS 0x0000000086400000| PB 0x0000000086300000| Untracked 
| 100|0x0000000086400000, 0x0000000086500000, 0x0000000086500000|100%| O|  |TAMS 0x0000000086500000| PB 0x0000000086400000| Untracked 
| 101|0x0000000086500000, 0x0000000086600000, 0x0000000086600000|100%| O|  |TAMS 0x0000000086600000| PB 0x0000000086500000| Untracked 
| 102|0x0000000086600000, 0x0000000086700000, 0x0000000086700000|100%| O|  |TAMS 0x0000000086700000| PB 0x0000000086600000| Untracked 
| 103|0x0000000086700000, 0x0000000086800000, 0x0000000086800000|100%| O|  |TAMS 0x0000000086800000| PB 0x0000000086700000| Untracked 
| 104|0x0000000086800000, 0x0000000086900000, 0x0000000086900000|100%| O|  |TAMS 0x0000000086900000| PB 0x0000000086800000| Untracked 
| 105|0x0000000086900000, 0x0000000086a00000, 0x0000000086a00000|100%| O|  |TAMS 0x0000000086a00000| PB 0x0000000086900000| Untracked 
| 106|0x0000000086a00000, 0x0000000086b00000, 0x0000000086b00000|100%| O|  |TAMS 0x0000000086b00000| PB 0x0000000086a00000| Untracked 
| 107|0x0000000086b00000, 0x0000000086c00000, 0x0000000086c00000|100%| O|  |TAMS 0x0000000086c00000| PB 0x0000000086b00000| Untracked 
| 108|0x0000000086c00000, 0x0000000086d00000, 0x0000000086d00000|100%| O|  |TAMS 0x0000000086d00000| PB 0x0000000086c00000| Untracked 
| 109|0x0000000086d00000, 0x0000000086e00000, 0x0000000086e00000|100%| O|  |TAMS 0x0000000086e00000| PB 0x0000000086d00000| Untracked 
| 110|0x0000000086e00000, 0x0000000086f00000, 0x0000000086f00000|100%| O|  |TAMS 0x0000000086f00000| PB 0x0000000086e00000| Untracked 
| 111|0x0000000086f00000, 0x0000000087000000, 0x0000000087000000|100%| O|  |TAMS 0x0000000087000000| PB 0x0000000086f00000| Untracked 
| 112|0x0000000087000000, 0x0000000087100000, 0x0000000087100000|100%| O|  |TAMS 0x0000000087100000| PB 0x0000000087000000| Untracked 
| 113|0x0000000087100000, 0x0000000087200000, 0x0000000087200000|100%| O|  |TAMS 0x0000000087200000| PB 0x0000000087100000| Untracked 
| 114|0x0000000087200000, 0x0000000087300000, 0x0000000087300000|100%| O|  |TAMS 0x0000000087300000| PB 0x0000000087200000| Untracked 
| 115|0x0000000087300000, 0x0000000087300000, 0x0000000087400000|  0%| F|  |TAMS 0x0000000087300000| PB 0x0000000087300000| Untracked 
| 116|0x0000000087400000, 0x0000000087400000, 0x0000000087500000|  0%| F|  |TAMS 0x0000000087400000| PB 0x0000000087400000| Untracked 
| 117|0x0000000087500000, 0x0000000087600000, 0x0000000087600000|100%| O|  |TAMS 0x0000000087600000| PB 0x0000000087500000| Untracked 
| 118|0x0000000087600000, 0x0000000087700000, 0x0000000087700000|100%| O|  |TAMS 0x0000000087700000| PB 0x0000000087600000| Untracked 
| 119|0x0000000087700000, 0x0000000087800000, 0x0000000087800000|100%| O|  |TAMS 0x0000000087800000| PB 0x0000000087700000| Untracked 
| 120|0x0000000087800000, 0x000000008781a550, 0x0000000087900000| 10%| S|CS|TAMS 0x0000000087800000| PB 0x0000000087800000| Complete 
| 121|0x0000000087900000, 0x0000000087a00000, 0x0000000087a00000|100%| S|CS|TAMS 0x0000000087900000| PB 0x0000000087900000| Complete 
| 122|0x0000000087a00000, 0x0000000087b00000, 0x0000000087b00000|100%| S|CS|TAMS 0x0000000087a00000| PB 0x0000000087a00000| Complete 
| 123|0x0000000087b00000, 0x0000000087b00000, 0x0000000087c00000|  0%| F|  |TAMS 0x0000000087b00000| PB 0x0000000087b00000| Untracked 
| 124|0x0000000087c00000, 0x0000000087d00000, 0x0000000087d00000|100%| S|CS|TAMS 0x0000000087c00000| PB 0x0000000087c00000| Complete 
| 125|0x0000000087d00000, 0x0000000087e00000, 0x0000000087e00000|100%| S|CS|TAMS 0x0000000087d00000| PB 0x0000000087d00000| Complete 
| 126|0x0000000087e00000, 0x0000000087f00000, 0x0000000087f00000|100%| S|CS|TAMS 0x0000000087e00000| PB 0x0000000087e00000| Complete 
| 127|0x0000000087f00000, 0x0000000087f00000, 0x0000000088000000|  0%| F|  |TAMS 0x0000000087f00000| PB 0x0000000087f00000| Untracked 
| 128|0x0000000088000000, 0x0000000088000000, 0x0000000088100000|  0%| F|  |TAMS 0x0000000088000000| PB 0x0000000088000000| Untracked 
| 129|0x0000000088100000, 0x0000000088100000, 0x0000000088200000|  0%| F|  |TAMS 0x0000000088100000| PB 0x0000000088100000| Untracked 
| 130|0x0000000088200000, 0x0000000088200000, 0x0000000088300000|  0%| F|  |TAMS 0x0000000088200000| PB 0x0000000088200000| Untracked 
| 131|0x0000000088300000, 0x0000000088300000, 0x0000000088400000|  0%| F|  |TAMS 0x0000000088300000| PB 0x0000000088300000| Untracked 
| 132|0x0000000088400000, 0x0000000088400000, 0x0000000088500000|  0%| F|  |TAMS 0x0000000088400000| PB 0x0000000088400000| Untracked 
| 133|0x0000000088500000, 0x0000000088500000, 0x0000000088600000|  0%| F|  |TAMS 0x0000000088500000| PB 0x0000000088500000| Untracked 
| 134|0x0000000088600000, 0x0000000088600000, 0x0000000088700000|  0%| F|  |TAMS 0x0000000088600000| PB 0x0000000088600000| Untracked 
| 135|0x0000000088700000, 0x0000000088700000, 0x0000000088800000|  0%| F|  |TAMS 0x0000000088700000| PB 0x0000000088700000| Untracked 
| 136|0x0000000088800000, 0x0000000088800000, 0x0000000088900000|  0%| F|  |TAMS 0x0000000088800000| PB 0x0000000088800000| Untracked 
| 137|0x0000000088900000, 0x0000000088900000, 0x0000000088a00000|  0%| F|  |TAMS 0x0000000088900000| PB 0x0000000088900000| Untracked 
| 138|0x0000000088a00000, 0x0000000088a00000, 0x0000000088b00000|  0%| F|  |TAMS 0x0000000088a00000| PB 0x0000000088a00000| Untracked 
| 139|0x0000000088b00000, 0x0000000088b00000, 0x0000000088c00000|  0%| F|  |TAMS 0x0000000088b00000| PB 0x0000000088b00000| Untracked 
| 140|0x0000000088c00000, 0x0000000088c00000, 0x0000000088d00000|  0%| F|  |TAMS 0x0000000088c00000| PB 0x0000000088c00000| Untracked 
| 141|0x0000000088d00000, 0x0000000088d00000, 0x0000000088e00000|  0%| F|  |TAMS 0x0000000088d00000| PB 0x0000000088d00000| Untracked 
| 142|0x0000000088e00000, 0x0000000088e00000, 0x0000000088f00000|  0%| F|  |TAMS 0x0000000088e00000| PB 0x0000000088e00000| Untracked 
| 143|0x0000000088f00000, 0x0000000088f00000, 0x0000000089000000|  0%| F|  |TAMS 0x0000000088f00000| PB 0x0000000088f00000| Untracked 
| 144|0x0000000089000000, 0x0000000089000000, 0x0000000089100000|  0%| F|  |TAMS 0x0000000089000000| PB 0x0000000089000000| Untracked 
| 145|0x0000000089100000, 0x0000000089100000, 0x0000000089200000|  0%| F|  |TAMS 0x0000000089100000| PB 0x0000000089100000| Untracked 
| 146|0x0000000089200000, 0x0000000089200000, 0x0000000089300000|  0%| F|  |TAMS 0x0000000089200000| PB 0x0000000089200000| Untracked 
| 147|0x0000000089300000, 0x0000000089300000, 0x0000000089400000|  0%| F|  |TAMS 0x0000000089300000| PB 0x0000000089300000| Untracked 
| 148|0x0000000089400000, 0x0000000089400000, 0x0000000089500000|  0%| F|  |TAMS 0x0000000089400000| PB 0x0000000089400000| Untracked 
| 149|0x0000000089500000, 0x0000000089500000, 0x0000000089600000|  0%| F|  |TAMS 0x0000000089500000| PB 0x0000000089500000| Untracked 
| 150|0x0000000089600000, 0x0000000089600000, 0x0000000089700000|  0%| F|  |TAMS 0x0000000089600000| PB 0x0000000089600000| Untracked 
| 151|0x0000000089700000, 0x0000000089700000, 0x0000000089800000|  0%| F|  |TAMS 0x0000000089700000| PB 0x0000000089700000| Untracked 
| 152|0x0000000089800000, 0x0000000089800000, 0x0000000089900000|  0%| F|  |TAMS 0x0000000089800000| PB 0x0000000089800000| Untracked 
| 153|0x0000000089900000, 0x0000000089900000, 0x0000000089a00000|  0%| F|  |TAMS 0x0000000089900000| PB 0x0000000089900000| Untracked 
| 154|0x0000000089a00000, 0x0000000089a00000, 0x0000000089b00000|  0%| F|  |TAMS 0x0000000089a00000| PB 0x0000000089a00000| Untracked 
| 155|0x0000000089b00000, 0x0000000089b00000, 0x0000000089c00000|  0%| F|  |TAMS 0x0000000089b00000| PB 0x0000000089b00000| Untracked 
| 156|0x0000000089c00000, 0x0000000089c00000, 0x0000000089d00000|  0%| F|  |TAMS 0x0000000089c00000| PB 0x0000000089c00000| Untracked 
| 157|0x0000000089d00000, 0x0000000089d00000, 0x0000000089e00000|  0%| F|  |TAMS 0x0000000089d00000| PB 0x0000000089d00000| Untracked 
| 158|0x0000000089e00000, 0x0000000089e00000, 0x0000000089f00000|  0%| F|  |TAMS 0x0000000089e00000| PB 0x0000000089e00000| Untracked 
| 159|0x0000000089f00000, 0x0000000089f00000, 0x000000008a000000|  0%| F|  |TAMS 0x0000000089f00000| PB 0x0000000089f00000| Untracked 
| 160|0x000000008a000000, 0x000000008a000000, 0x000000008a100000|  0%| F|  |TAMS 0x000000008a000000| PB 0x000000008a000000| Untracked 
| 161|0x000000008a100000, 0x000000008a100000, 0x000000008a200000|  0%| F|  |TAMS 0x000000008a100000| PB 0x000000008a100000| Untracked 
| 162|0x000000008a200000, 0x000000008a200000, 0x000000008a300000|  0%| F|  |TAMS 0x000000008a200000| PB 0x000000008a200000| Untracked 
| 163|0x000000008a300000, 0x000000008a300000, 0x000000008a400000|  0%| F|  |TAMS 0x000000008a300000| PB 0x000000008a300000| Untracked 
| 164|0x000000008a400000, 0x000000008a400000, 0x000000008a500000|  0%| F|  |TAMS 0x000000008a400000| PB 0x000000008a400000| Untracked 
| 165|0x000000008a500000, 0x000000008a500000, 0x000000008a600000|  0%| F|  |TAMS 0x000000008a500000| PB 0x000000008a500000| Untracked 
| 166|0x000000008a600000, 0x000000008a600000, 0x000000008a700000|  0%| F|  |TAMS 0x000000008a600000| PB 0x000000008a600000| Untracked 
| 167|0x000000008a700000, 0x000000008a700000, 0x000000008a800000|  0%| F|  |TAMS 0x000000008a700000| PB 0x000000008a700000| Untracked 
| 168|0x000000008a800000, 0x000000008a800000, 0x000000008a900000|  0%| F|  |TAMS 0x000000008a800000| PB 0x000000008a800000| Untracked 
| 169|0x000000008a900000, 0x000000008a900000, 0x000000008aa00000|  0%| F|  |TAMS 0x000000008a900000| PB 0x000000008a900000| Untracked 
| 170|0x000000008aa00000, 0x000000008aa00000, 0x000000008ab00000|  0%| F|  |TAMS 0x000000008aa00000| PB 0x000000008aa00000| Untracked 
| 171|0x000000008ab00000, 0x000000008ab00000, 0x000000008ac00000|  0%| F|  |TAMS 0x000000008ab00000| PB 0x000000008ab00000| Untracked 
| 172|0x000000008ac00000, 0x000000008ac00000, 0x000000008ad00000|  0%| F|  |TAMS 0x000000008ac00000| PB 0x000000008ac00000| Untracked 
| 173|0x000000008ad00000, 0x000000008ad00000, 0x000000008ae00000|  0%| F|  |TAMS 0x000000008ad00000| PB 0x000000008ad00000| Untracked 
| 174|0x000000008ae00000, 0x000000008ae00000, 0x000000008af00000|  0%| F|  |TAMS 0x000000008ae00000| PB 0x000000008ae00000| Untracked 
| 175|0x000000008af00000, 0x000000008af00000, 0x000000008b000000|  0%| F|  |TAMS 0x000000008af00000| PB 0x000000008af00000| Untracked 
| 176|0x000000008b000000, 0x000000008b000000, 0x000000008b100000|  0%| F|  |TAMS 0x000000008b000000| PB 0x000000008b000000| Untracked 
| 177|0x000000008b100000, 0x000000008b100000, 0x000000008b200000|  0%| F|  |TAMS 0x000000008b100000| PB 0x000000008b100000| Untracked 
| 178|0x000000008b200000, 0x000000008b200000, 0x000000008b300000|  0%| F|  |TAMS 0x000000008b200000| PB 0x000000008b200000| Untracked 
| 179|0x000000008b300000, 0x000000008b300000, 0x000000008b400000|  0%| F|  |TAMS 0x000000008b300000| PB 0x000000008b300000| Untracked 
| 180|0x000000008b400000, 0x000000008b400000, 0x000000008b500000|  0%| F|  |TAMS 0x000000008b400000| PB 0x000000008b400000| Untracked 
| 181|0x000000008b500000, 0x000000008b500000, 0x000000008b600000|  0%| F|  |TAMS 0x000000008b500000| PB 0x000000008b500000| Untracked 
| 182|0x000000008b600000, 0x000000008b600000, 0x000000008b700000|  0%| F|  |TAMS 0x000000008b600000| PB 0x000000008b600000| Untracked 
| 183|0x000000008b700000, 0x000000008b700000, 0x000000008b800000|  0%| F|  |TAMS 0x000000008b700000| PB 0x000000008b700000| Untracked 
| 184|0x000000008b800000, 0x000000008b800000, 0x000000008b900000|  0%| F|  |TAMS 0x000000008b800000| PB 0x000000008b800000| Untracked 
| 185|0x000000008b900000, 0x000000008b900000, 0x000000008ba00000|  0%| F|  |TAMS 0x000000008b900000| PB 0x000000008b900000| Untracked 
| 186|0x000000008ba00000, 0x000000008ba00000, 0x000000008bb00000|  0%| F|  |TAMS 0x000000008ba00000| PB 0x000000008ba00000| Untracked 
| 187|0x000000008bb00000, 0x000000008bb00000, 0x000000008bc00000|  0%| F|  |TAMS 0x000000008bb00000| PB 0x000000008bb00000| Untracked 
| 188|0x000000008bc00000, 0x000000008bc00000, 0x000000008bd00000|  0%| F|  |TAMS 0x000000008bc00000| PB 0x000000008bc00000| Untracked 
| 189|0x000000008bd00000, 0x000000008bd00000, 0x000000008be00000|  0%| F|  |TAMS 0x000000008bd00000| PB 0x000000008bd00000| Untracked 
| 190|0x000000008be00000, 0x000000008be00000, 0x000000008bf00000|  0%| F|  |TAMS 0x000000008be00000| PB 0x000000008be00000| Untracked 
| 191|0x000000008bf00000, 0x000000008bf00000, 0x000000008c000000|  0%| F|  |TAMS 0x000000008bf00000| PB 0x000000008bf00000| Untracked 
| 192|0x000000008c000000, 0x000000008c000000, 0x000000008c100000|  0%| F|  |TAMS 0x000000008c000000| PB 0x000000008c000000| Untracked 
| 193|0x000000008c100000, 0x000000008c100000, 0x000000008c200000|  0%| F|  |TAMS 0x000000008c100000| PB 0x000000008c100000| Untracked 
| 194|0x000000008c200000, 0x000000008c200000, 0x000000008c300000|  0%| F|  |TAMS 0x000000008c200000| PB 0x000000008c200000| Untracked 
| 195|0x000000008c300000, 0x000000008c300000, 0x000000008c400000|  0%| F|  |TAMS 0x000000008c300000| PB 0x000000008c300000| Untracked 
| 196|0x000000008c400000, 0x000000008c400000, 0x000000008c500000|  0%| F|  |TAMS 0x000000008c400000| PB 0x000000008c400000| Untracked 
| 197|0x000000008c500000, 0x000000008c500000, 0x000000008c600000|  0%| F|  |TAMS 0x000000008c500000| PB 0x000000008c500000| Untracked 
| 198|0x000000008c600000, 0x000000008c600000, 0x000000008c700000|  0%| F|  |TAMS 0x000000008c600000| PB 0x000000008c600000| Untracked 
| 199|0x000000008c700000, 0x000000008c700000, 0x000000008c800000|  0%| F|  |TAMS 0x000000008c700000| PB 0x000000008c700000| Untracked 
| 200|0x000000008c800000, 0x000000008c800000, 0x000000008c900000|  0%| F|  |TAMS 0x000000008c800000| PB 0x000000008c800000| Untracked 
| 201|0x000000008c900000, 0x000000008c900000, 0x000000008ca00000|  0%| F|  |TAMS 0x000000008c900000| PB 0x000000008c900000| Untracked 
| 202|0x000000008ca00000, 0x000000008ca00000, 0x000000008cb00000|  0%| F|  |TAMS 0x000000008ca00000| PB 0x000000008ca00000| Untracked 
|2041|0x00000000ff900000, 0x00000000ffa00000, 0x00000000ffa00000|100%| O|  |TAMS 0x00000000ffa00000| PB 0x00000000ff900000| Untracked 
|2042|0x00000000ffa00000, 0x00000000ffa00000, 0x00000000ffb00000|  0%| F|  |TAMS 0x00000000ffa00000| PB 0x00000000ffa00000| Untracked 
|2043|0x00000000ffb00000, 0x00000000ffc00000, 0x00000000ffc00000|100%| O|  |TAMS 0x00000000ffc00000| PB 0x00000000ffb00000| Untracked 
|2044|0x00000000ffc00000, 0x00000000ffd00000, 0x00000000ffd00000|100%| O|  |TAMS 0x00000000ffd00000| PB 0x00000000ffc00000| Untracked 
|2045|0x00000000ffd00000, 0x00000000ffe00000, 0x00000000ffe00000|100%| O|  |TAMS 0x00000000ffe00000| PB 0x00000000ffd00000| Untracked 
|2046|0x00000000ffe00000, 0x00000000ffe00000, 0x00000000fff00000|  0%| F|  |TAMS 0x00000000ffe00000| PB 0x00000000ffe00000| Untracked 
|2047|0x00000000fff00000, 0x0000000100000000, 0x0000000100000000|100%| O|  |TAMS 0x0000000100000000| PB 0x00000000fff00000| Untracked 

Card table byte_map: [0x00000194b94c0000,0x00000194b98c0000] _byte_map_base: 0x00000194b90c0000

Marking Bits: (CMBitMap*) 0x00000194a6c82f30
 Bits: [0x00000194b98c0000, 0x00000194bb8c0000)

Polling page: 0x00000194a4a30000

Metaspace:

Usage:
  Non-class:    108.02 MB used.
      Class:     17.22 MB used.
       Both:    125.24 MB used.

Virtual space:
  Non-class space:      128.00 MB reserved,     109.25 MB ( 85%) committed,  2 nodes.
      Class space:        1.00 GB reserved,      18.31 MB (  2%) committed,  1 nodes.
             Both:        1.12 GB reserved,     127.56 MB ( 11%) committed. 

Chunk freelists:
   Non-Class:  2.70 MB
       Class:  13.72 MB
        Both:  16.43 MB

MaxMetaspaceSize: unlimited
CompressedClassSpaceSize: 1.00 GB
Initial GC threshold: 21.00 MB
Current GC threshold: 212.19 MB
CDS: off
 - commit_granule_bytes: 65536.
 - commit_granule_words: 8192.
 - virtual_space_node_default_size: 8388608.
 - enlarge_chunks_in_place: 1.
 - use_allocation_guard: 0.


Internal statistics:

num_allocs_failed_limit: 6.
num_arena_births: 4680.
num_arena_deaths: 2.
num_vsnodes_births: 3.
num_vsnodes_deaths: 0.
num_space_committed: 2039.
num_space_uncommitted: 0.
num_chunks_returned_to_freelist: 8.
num_chunks_taken_from_freelist: 10213.
num_chunk_merges: 6.
num_chunk_splits: 6656.
num_chunks_enlarged: 4213.
num_inconsistent_stats: 0.

CodeHeap 'non-profiled nmethods': size=120000Kb used=8226Kb max_used=8226Kb free=111773Kb
 bounds [0x00000194b1860000, 0x00000194b2070000, 0x00000194b8d90000]
CodeHeap 'profiled nmethods': size=120000Kb used=23094Kb max_used=23713Kb free=96905Kb
 bounds [0x00000194a9d90000, 0x00000194ab4c0000, 0x00000194b12c0000]
CodeHeap 'non-nmethods': size=5760Kb used=2025Kb max_used=2071Kb free=3734Kb
 bounds [0x00000194b12c0000, 0x00000194b1530000, 0x00000194b1860000]
CodeCache: size=245760Kb, used=33345Kb, max_used=34010Kb, free=212412Kb
 total_blobs=13407, nmethods=12502, adapters=809, full_count=0
Compilation: enabled, stopped_count=0, restarted_count=0

Compilation events (20 events):
Event: 57.139 Thread 0x00000194be514c00 nmethod 15263 0x00000194b2066710 code [0x00000194b20668a0, 0x00000194b2066b78]
Event: 57.141 Thread 0x00000194be517c10 nmethod 15257 0x00000194aadc2e90 code [0x00000194aadc3240, 0x00000194aadc47b8]
Event: 57.141 Thread 0x00000194be517c10 15261       3       com.android.zipflinger.Source::<init> (39 bytes)
Event: 57.141 Thread 0x00000194be517c10 nmethod 15261 0x00000194aa70c790 code [0x00000194aa70c960, 0x00000194aa70ccf8]
Event: 57.141 Thread 0x00000194be517c10 15258       3       com.android.zipflinger.NoCopyByteArrayOutputStream::getByteBuffer (13 bytes)
Event: 57.141 Thread 0x00000194be517c10 nmethod 15258 0x00000194aaa1f910 code [0x00000194aaa1fac0, 0x00000194aaa1fc10]
Event: 57.141 Thread 0x00000194be517c10 15262       3       com.android.zipflinger.StreamSource::getOutput (27 bytes)
Event: 57.142 Thread 0x00000194be517c10 nmethod 15262 0x00000194aa760610 code [0x00000194aa7607e0, 0x00000194aa760a40]
Event: 57.151 Thread 0x00000194be514c00 15264       4       java.util.zip.ZipInputStream::read (288 bytes)
Event: 57.156 Thread 0x00000194be514c00 nmethod 15264 0x00000194b2066c10 code [0x00000194b2066de0, 0x00000194b2067210]
Event: 57.169 Thread 0x00000194be514c00 15265       4       java.nio.HeapByteBuffer::putShort (31 bytes)
Event: 57.172 Thread 0x00000194be514c00 nmethod 15265 0x00000194b2067610 code [0x00000194b20677a0, 0x00000194b20678d8]
Event: 57.211 Thread 0x00000194be514c00 15266       4       java.nio.ByteBuffer::rewind (7 bytes)
Event: 57.211 Thread 0x00000194be514c00 nmethod 15266 0x00000194b2067a90 code [0x00000194b2067c20, 0x00000194b2067cb8]
Event: 57.224 Thread 0x00000194be514c00 15267   !   4       java.util.zip.Inflater::reset (64 bytes)
Event: 57.228 Thread 0x00000194be514c00 nmethod 15267 0x00000194b2067d90 code [0x00000194b2067f40, 0x00000194b2068408]
Event: 57.243 Thread 0x00000194be514c00 15268       4       java.util.zip.ZipUtils::get32 (23 bytes)
Event: 57.245 Thread 0x00000194be514c00 nmethod 15268 0x00000194b2068590 code [0x00000194b2068720, 0x00000194b2068838]
Event: 57.265 Thread 0x00000194be517c10 15269       3       java.util.zip.ZipInputStream::read (288 bytes)
Event: 57.267 Thread 0x00000194be517c10 nmethod 15269 0x00000194aaeee410 code [0x00000194aaeee7e0, 0x00000194aaeefe28]

GC Heap History (20 events):
Event: 49.815 GC heap after
{Heap after GC invocations=54 (full 0):
 garbage-first heap   total 181248K, used 114724K [0x0000000080000000, 0x0000000100000000)
  region size 1024K, 8 young (8192K), 8 survivors (8192K)
 Metaspace       used 123652K, committed 126016K, reserved 1179648K
  class space    used 17008K, committed 18112K, reserved 1048576K
}
Event: 51.927 GC heap before
{Heap before GC invocations=54 (full 0):
 garbage-first heap   total 181248K, used 167972K [0x0000000080000000, 0x0000000100000000)
  region size 1024K, 61 young (62464K), 8 survivors (8192K)
 Metaspace       used 125841K, committed 128192K, reserved 1179648K
  class space    used 17328K, committed 18496K, reserved 1048576K
}
Event: 51.944 GC heap after
{Heap after GC invocations=55 (full 0):
 garbage-first heap   total 186368K, used 122871K [0x0000000080000000, 0x0000000100000000)
  region size 1024K, 8 young (8192K), 8 survivors (8192K)
 Metaspace       used 125841K, committed 128192K, reserved 1179648K
  class space    used 17328K, committed 18496K, reserved 1048576K
}
Event: 53.727 GC heap before
{Heap before GC invocations=56 (full 0):
 garbage-first heap   total 206848K, used 170999K [0x0000000080000000, 0x0000000100000000)
  region size 1024K, 55 young (56320K), 8 survivors (8192K)
 Metaspace       used 126697K, committed 129088K, reserved 1179648K
  class space    used 17432K, committed 18560K, reserved 1048576K
}
Event: 53.742 GC heap after
{Heap after GC invocations=57 (full 0):
 garbage-first heap   total 206848K, used 127395K [0x0000000080000000, 0x0000000100000000)
  region size 1024K, 5 young (5120K), 5 survivors (5120K)
 Metaspace       used 126697K, committed 129088K, reserved 1179648K
  class space    used 17432K, committed 18560K, reserved 1048576K
}
Event: 54.234 GC heap before
{Heap before GC invocations=57 (full 0):
 garbage-first heap   total 206848K, used 188835K [0x0000000080000000, 0x0000000100000000)
  region size 1024K, 66 young (67584K), 5 survivors (5120K)
 Metaspace       used 126708K, committed 129088K, reserved 1179648K
  class space    used 17432K, committed 18560K, reserved 1048576K
}
Event: 54.245 GC heap after
{Heap after GC invocations=58 (full 0):
 garbage-first heap   total 206848K, used 126405K [0x0000000080000000, 0x0000000100000000)
  region size 1024K, 6 young (6144K), 6 survivors (6144K)
 Metaspace       used 126708K, committed 129088K, reserved 1179648K
  class space    used 17432K, committed 18560K, reserved 1048576K
}
Event: 54.679 GC heap before
{Heap before GC invocations=58 (full 0):
 garbage-first heap   total 206848K, used 192965K [0x0000000080000000, 0x0000000100000000)
  region size 1024K, 71 young (72704K), 6 survivors (6144K)
 Metaspace       used 126710K, committed 129088K, reserved 1179648K
  class space    used 17433K, committed 18560K, reserved 1048576K
}
Event: 54.690 GC heap after
{Heap after GC invocations=59 (full 0):
 garbage-first heap   total 206848K, used 127469K [0x0000000080000000, 0x0000000100000000)
  region size 1024K, 2 young (2048K), 2 survivors (2048K)
 Metaspace       used 126710K, committed 129088K, reserved 1179648K
  class space    used 17433K, committed 18560K, reserved 1048576K
}
Event: 55.767 GC heap before
{Heap before GC invocations=60 (full 0):
 garbage-first heap   total 214016K, used 195053K [0x0000000080000000, 0x0000000100000000)
  region size 1024K, 68 young (69632K), 2 survivors (2048K)
 Metaspace       used 127227K, committed 129536K, reserved 1179648K
  class space    used 17512K, committed 18624K, reserved 1048576K
}
Event: 55.774 GC heap after
{Heap after GC invocations=61 (full 0):
 garbage-first heap   total 214016K, used 128246K [0x0000000080000000, 0x0000000100000000)
  region size 1024K, 3 young (3072K), 3 survivors (3072K)
 Metaspace       used 127227K, committed 129536K, reserved 1179648K
  class space    used 17512K, committed 18624K, reserved 1048576K
}
Event: 56.161 GC heap before
{Heap before GC invocations=61 (full 0):
 garbage-first heap   total 214016K, used 200950K [0x0000000080000000, 0x0000000100000000)
  region size 1024K, 75 young (76800K), 3 survivors (3072K)
 Metaspace       used 127907K, committed 130240K, reserved 1179648K
  class space    used 17589K, committed 18688K, reserved 1048576K
}
Event: 56.171 GC heap after
{Heap after GC invocations=62 (full 0):
 garbage-first heap   total 214016K, used 127998K [0x0000000080000000, 0x0000000100000000)
  region size 1024K, 4 young (4096K), 4 survivors (4096K)
 Metaspace       used 127907K, committed 130240K, reserved 1179648K
  class space    used 17589K, committed 18688K, reserved 1048576K
}
Event: 56.393 GC heap before
{Heap before GC invocations=62 (full 0):
 garbage-first heap   total 214016K, used 200702K [0x0000000080000000, 0x0000000100000000)
  region size 1024K, 76 young (77824K), 4 survivors (4096K)
 Metaspace       used 127968K, committed 130368K, reserved 1179648K
  class space    used 17599K, committed 18752K, reserved 1048576K
}
Event: 56.398 GC heap after
{Heap after GC invocations=63 (full 0):
 garbage-first heap   total 214016K, used 128193K [0x0000000080000000, 0x0000000100000000)
  region size 1024K, 4 young (4096K), 4 survivors (4096K)
 Metaspace       used 127968K, committed 130368K, reserved 1179648K
  class space    used 17599K, committed 18752K, reserved 1048576K
}
Event: 56.698 GC heap before
{Heap before GC invocations=64 (full 0):
 garbage-first heap   total 215040K, used 200897K [0x0000000080000000, 0x0000000100000000)
  region size 1024K, 76 young (77824K), 4 survivors (4096K)
 Metaspace       used 127968K, committed 130368K, reserved 1179648K
  class space    used 17599K, committed 18752K, reserved 1048576K
}
Event: 56.705 GC heap after
{Heap after GC invocations=65 (full 0):
 garbage-first heap   total 215040K, used 128417K [0x0000000080000000, 0x0000000100000000)
  region size 1024K, 5 young (5120K), 5 survivors (5120K)
 Metaspace       used 127968K, committed 130368K, reserved 1179648K
  class space    used 17599K, committed 18752K, reserved 1048576K
}
Event: 56.881 GC heap before
{Heap before GC invocations=65 (full 0):
 garbage-first heap   total 215040K, used 202145K [0x0000000080000000, 0x0000000100000000)
  region size 1024K, 77 young (78848K), 5 survivors (5120K)
 Metaspace       used 128085K, committed 130432K, reserved 1179648K
  class space    used 17619K, committed 18752K, reserved 1048576K
}
Event: 56.894 GC heap after
{Heap after GC invocations=66 (full 0):
 garbage-first heap   total 215040K, used 127459K [0x0000000080000000, 0x0000000100000000)
  region size 1024K, 5 young (5120K), 5 survivors (5120K)
 Metaspace       used 128085K, committed 130432K, reserved 1179648K
  class space    used 17619K, committed 18752K, reserved 1048576K
}
Event: 57.271 GC heap before
{Heap before GC invocations=66 (full 0):
 garbage-first heap   total 215040K, used 202211K [0x0000000080000000, 0x0000000100000000)
  region size 1024K, 79 young (80896K), 5 survivors (5120K)
 Metaspace       used 128245K, committed 130624K, reserved 1179648K
  class space    used 17633K, committed 18752K, reserved 1048576K
}

Dll operation events (3 events):
Event: 0.027 Loaded shared library D:\and\jbr\bin\java.dll
Event: 0.043 Loaded shared library D:\and\jbr\bin\zip.dll
Event: 2.569 Loaded shared library D:\and\jbr\bin\verify.dll

Deoptimization events (20 events):
Event: 56.914 Thread 0x00000194c91ec490 Uncommon trap: trap_request=0xffffffde fr.pc=0x00000194b1d4a500 relative=0x0000000000000840
Event: 56.914 Thread 0x00000194c91ec490 Uncommon trap: reason=class_check action=maybe_recompile pc=0x00000194b1d4a500 method=java.util.zip.InflaterInputStream.read([BII)I @ 78 c2
Event: 56.914 Thread 0x00000194c91ec490 DEOPT PACKING pc=0x00000194b1d4a500 sp=0x00000051612fb3d0
Event: 56.914 Thread 0x00000194c91ec490 DEOPT UNPACKING pc=0x00000194b13143a2 sp=0x00000051612fb3b0 mode 2
Event: 56.914 Thread 0x00000194c91ec490 Uncommon trap: trap_request=0xffffffde fr.pc=0x00000194b1d4a500 relative=0x0000000000000840
Event: 56.914 Thread 0x00000194c91ec490 Uncommon trap: reason=class_check action=maybe_recompile pc=0x00000194b1d4a500 method=java.util.zip.InflaterInputStream.read([BII)I @ 78 c2
Event: 56.914 Thread 0x00000194c91ec490 DEOPT PACKING pc=0x00000194b1d4a500 sp=0x00000051612fb3d0
Event: 56.914 Thread 0x00000194c91ec490 DEOPT UNPACKING pc=0x00000194b13143a2 sp=0x00000051612fb3b0 mode 2
Event: 56.949 Thread 0x00000194c91ec490 Uncommon trap: trap_request=0xffffff45 fr.pc=0x00000194b1fecbc0 relative=0x00000000000000a0
Event: 56.949 Thread 0x00000194c91ec490 Uncommon trap: reason=unstable_if action=reinterpret pc=0x00000194b1fecbc0 method=jdk.internal.misc.Unsafe.convEndian(ZS)S @ 4 c2
Event: 56.949 Thread 0x00000194c91ec490 DEOPT PACKING pc=0x00000194b1fecbc0 sp=0x00000051612fb2a0
Event: 56.949 Thread 0x00000194c91ec490 DEOPT UNPACKING pc=0x00000194b13143a2 sp=0x00000051612fb1c0 mode 2
Event: 56.949 Thread 0x00000194c91ec490 Uncommon trap: trap_request=0xffffff45 fr.pc=0x00000194b19c91ec relative=0x000000000000004c
Event: 56.949 Thread 0x00000194c91ec490 Uncommon trap: reason=unstable_if action=reinterpret pc=0x00000194b19c91ec method=jdk.internal.misc.Unsafe.convEndian(ZS)S @ 4 c2
Event: 56.949 Thread 0x00000194c91ec490 DEOPT PACKING pc=0x00000194b19c91ec sp=0x00000051612fb220
Event: 56.949 Thread 0x00000194c91ec490 DEOPT UNPACKING pc=0x00000194b13143a2 sp=0x00000051612fb1b8 mode 2
Event: 57.261 Thread 0x00000194c91ec490 Uncommon trap: trap_request=0xffffff45 fr.pc=0x00000194b206708c relative=0x00000000000002ac
Event: 57.261 Thread 0x00000194c91ec490 Uncommon trap: reason=unstable_if action=reinterpret pc=0x00000194b206708c method=java.util.zip.ZipInputStream.read([BII)I @ 13 c2
Event: 57.261 Thread 0x00000194c91ec490 DEOPT PACKING pc=0x00000194b206708c sp=0x00000051612fb440
Event: 57.261 Thread 0x00000194c91ec490 DEOPT UNPACKING pc=0x00000194b13143a2 sp=0x00000051612fb400 mode 2

Classes loaded (20 events):
Event: 56.090 Loading class com/sun/org/apache/xerces/internal/dom/DeferredNode done
Event: 56.091 Loading class com/sun/org/apache/xerces/internal/dom/DeferredDocumentImpl done
Event: 56.092 Loading class com/sun/org/apache/xerces/internal/dom/DeferredDocumentImpl$RefCount
Event: 56.092 Loading class com/sun/org/apache/xerces/internal/dom/DeferredDocumentImpl$RefCount done
Event: 56.100 Loading class com/sun/org/apache/xerces/internal/dom/DeferredElementImpl
Event: 56.100 Loading class com/sun/org/apache/xerces/internal/dom/DeferredElementImpl done
Event: 56.100 Loading class com/sun/org/apache/xerces/internal/dom/DeferredAttrImpl
Event: 56.100 Loading class com/sun/org/apache/xerces/internal/dom/DeferredAttrImpl done
Event: 56.105 Loading class com/sun/org/apache/xerces/internal/dom/DeferredTextImpl
Event: 56.105 Loading class com/sun/org/apache/xerces/internal/dom/DeferredTextImpl done
Event: 56.144 Loading class com/sun/org/apache/xerces/internal/dom/DeferredCommentImpl
Event: 56.144 Loading class com/sun/org/apache/xerces/internal/dom/CommentImpl
Event: 56.144 Loading class com/sun/org/apache/xerces/internal/dom/CommentImpl done
Event: 56.144 Loading class com/sun/org/apache/xerces/internal/dom/DeferredCommentImpl done
Event: 56.178 Loading class java/util/function/BooleanSupplier
Event: 56.179 Loading class java/util/function/BooleanSupplier done
Event: 56.904 Loading class java/util/zip/ZipFile$ZipEntryIterator
Event: 56.906 Loading class java/util/zip/ZipFile$ZipEntryIterator done
Event: 56.911 Loading class java/io/PushbackInputStream
Event: 56.912 Loading class java/io/PushbackInputStream done

Classes unloaded (1 events):
Event: 52.093 Thread 0x00000194be498c20 Unloading class 0x0000000100f16000 'java/lang/invoke/LambdaForm$MH+0x0000000100f16000'

Classes redefined (0 events):
No events

Internal exceptions (20 events):
Event: 56.914 Thread 0x00000194c91ec490 Exception <a 'sun/nio/fs/WindowsException'{0x000000008c0536e8}> (0x000000008c0536e8) 
thrown [s\src\hotspot\share\prims\jni.cpp, line 537]
Event: 56.916 Thread 0x00000194c91ec490 Exception <a 'sun/nio/fs/WindowsException'{0x000000008c05e8c8}> (0x000000008c05e8c8) 
thrown [s\src\hotspot\share\prims\jni.cpp, line 537]
Event: 56.917 Thread 0x00000194c91ef910 Exception <a 'sun/nio/fs/WindowsException'{0x000000008bf895e8}> (0x000000008bf895e8) 
thrown [s\src\hotspot\share\prims\jni.cpp, line 537]
Event: 56.917 Thread 0x00000194c91ec490 Exception <a 'sun/nio/fs/WindowsException'{0x000000008bfe1b80}> (0x000000008bfe1b80) 
thrown [s\src\hotspot\share\prims\jni.cpp, line 537]
Event: 56.918 Thread 0x00000194c91eb770 Exception <a 'sun/nio/fs/WindowsException'{0x000000008be7b4c0}> (0x000000008be7b4c0) 
thrown [s\src\hotspot\share\prims\jni.cpp, line 537]
Event: 56.918 Thread 0x00000194c91ec490 Exception <a 'sun/nio/fs/WindowsException'{0x000000008bea6a00}> (0x000000008bea6a00) 
thrown [s\src\hotspot\share\prims\jni.cpp, line 537]
Event: 56.924 Thread 0x00000194c91ef280 Exception <a 'sun/nio/fs/WindowsException'{0x000000008bbe02e0}> (0x000000008bbe02e0) 
thrown [s\src\hotspot\share\prims\jni.cpp, line 537]
Event: 56.925 Thread 0x00000194c91ebe00 Exception <a 'sun/nio/fs/WindowsException'{0x000000008baf8778}> (0x000000008baf8778) 
thrown [s\src\hotspot\share\prims\jni.cpp, line 537]
Event: 56.925 Thread 0x00000194c5f17b60 Exception <a 'sun/nio/fs/WindowsException'{0x000000008b92eb78}> (0x000000008b92eb78) 
thrown [s\src\hotspot\share\prims\jni.cpp, line 537]
Event: 56.926 Thread 0x00000194c91eebf0 Exception <a 'sun/nio/fs/WindowsException'{0x000000008c283208}> (0x000000008c283208) 
thrown [s\src\hotspot\share\prims\jni.cpp, line 537]
Event: 56.931 Thread 0x00000194c91eb770 Exception <a 'sun/nio/fs/WindowsException'{0x000000008b757b88}> (0x000000008b757b88) 
thrown [s\src\hotspot\share\prims\jni.cpp, line 537]
Event: 56.933 Thread 0x00000194c91ef910 Exception <a 'sun/nio/fs/WindowsException'{0x000000008b78b608}> (0x000000008b78b608) 
thrown [s\src\hotspot\share\prims\jni.cpp, line 537]
Event: 56.939 Thread 0x00000194c91eebf0 Exception <a 'sun/nio/fs/WindowsException'{0x000000008b46c1a0}> (0x000000008b46c1a0) 
thrown [s\src\hotspot\share\prims\jni.cpp, line 537]
Event: 56.939 Thread 0x00000194c91ebe00 Exception <a 'sun/nio/fs/WindowsException'{0x000000008b433c98}> (0x000000008b433c98) 
thrown [s\src\hotspot\share\prims\jni.cpp, line 537]
Event: 56.941 Thread 0x00000194c91ec490 Exception <a 'sun/nio/fs/WindowsException'{0x000000008beb3c50}> (0x000000008beb3c50) 
thrown [s\src\hotspot\share\prims\jni.cpp, line 537]
Event: 56.944 Thread 0x00000194c91ec490 Exception <a 'sun/nio/fs/WindowsException'{0x000000008b4c31a8}> (0x000000008b4c31a8) 
thrown [s\src\hotspot\share\prims\jni.cpp, line 537]
Event: 56.946 Thread 0x00000194c91ec490 Exception <a 'sun/nio/fs/WindowsException'{0x000000008b4d4a00}> (0x000000008b4d4a00) 
thrown [s\src\hotspot\share\prims\jni.cpp, line 537]
Event: 56.947 Thread 0x00000194c91ec490 Exception <a 'sun/nio/fs/WindowsException'{0x000000008b4decc0}> (0x000000008b4decc0) 
thrown [s\src\hotspot\share\prims\jni.cpp, line 537]
Event: 56.950 Thread 0x00000194c91ec490 Exception <a 'sun/nio/fs/WindowsException'{0x000000008b4ee958}> (0x000000008b4ee958) 
thrown [s\src\hotspot\share\prims\jni.cpp, line 537]
Event: 56.952 Thread 0x00000194c91ec490 Exception <a 'sun/nio/fs/WindowsException'{0x000000008b4fc768}> (0x000000008b4fc768) 
thrown [s\src\hotspot\share\prims\jni.cpp, line 537]

ZGC Phase Switch (0 events):
No events

VM Operations (20 events):
Event: 56.069 Executing VM operation: HandshakeAllThreads (Deoptimize) done
Event: 56.073 Executing VM operation: HandshakeAllThreads (Deoptimize)
Event: 56.074 Executing VM operation: HandshakeAllThreads (Deoptimize) done
Event: 56.082 Executing VM operation: HandshakeAllThreads (Deoptimize)
Event: 56.082 Executing VM operation: HandshakeAllThreads (Deoptimize) done
Event: 56.104 Executing VM operation: HandshakeAllThreads (Deoptimize)
Event: 56.104 Executing VM operation: HandshakeAllThreads (Deoptimize) done
Event: 56.161 Executing VM operation: G1CollectForAllocation (G1 Evacuation Pause)
Event: 56.171 Executing VM operation: G1CollectForAllocation (G1 Evacuation Pause) done
Event: 56.387 Executing VM operation: G1CollectForAllocation (G1 Evacuation Pause)
Event: 56.399 Executing VM operation: G1CollectForAllocation (G1 Evacuation Pause) done
Event: 56.584 Executing VM operation: G1PauseRemark
Event: 56.599 Executing VM operation: G1PauseRemark done
Event: 56.697 Executing VM operation: G1PauseCleanup
Event: 56.697 Executing VM operation: G1PauseCleanup done
Event: 56.697 Executing VM operation: G1CollectForAllocation (G1 Evacuation Pause)
Event: 56.705 Executing VM operation: G1CollectForAllocation (G1 Evacuation Pause) done
Event: 56.881 Executing VM operation: G1CollectForAllocation (G1 Evacuation Pause)
Event: 56.894 Executing VM operation: G1CollectForAllocation (G1 Evacuation Pause) done
Event: 57.271 Executing VM operation: G1CollectForAllocation (G1 Evacuation Pause)

Memory protections (0 events):
No events

Nmethod flushes (20 events):
Event: 56.597 Thread 0x00000194be498c20 flushing  nmethod 0x00000194aa9eea90
Event: 56.597 Thread 0x00000194be498c20 flushing  nmethod 0x00000194aaa1cd90
Event: 56.597 Thread 0x00000194be498c20 flushing  nmethod 0x00000194aaa1f910
Event: 56.597 Thread 0x00000194be498c20 flushing  nmethod 0x00000194aaffba10
Event: 56.597 Thread 0x00000194be498c20 flushing  nmethod 0x00000194ab468990
Event: 56.597 Thread 0x00000194be498c20 flushing  nmethod 0x00000194b1b47190
Event: 56.597 Thread 0x00000194be498c20 flushing  nmethod 0x00000194a9ea2890
Event: 56.597 Thread 0x00000194be498c20 flushing  nmethod 0x00000194a9fae710
Event: 56.597 Thread 0x00000194be498c20 flushing  nmethod 0x00000194aa49cb90
Event: 56.597 Thread 0x00000194be498c20 flushing  nmethod 0x00000194aa647190
Event: 56.597 Thread 0x00000194be498c20 flushing  nmethod 0x00000194aa699610
Event: 56.597 Thread 0x00000194be498c20 flushing  nmethod 0x00000194aa699990
Event: 56.597 Thread 0x00000194be498c20 flushing  nmethod 0x00000194aa69c990
Event: 56.597 Thread 0x00000194be498c20 flushing  nmethod 0x00000194aa707d90
Event: 56.597 Thread 0x00000194be498c20 flushing  nmethod 0x00000194aa708f90
Event: 56.597 Thread 0x00000194be498c20 flushing  nmethod 0x00000194aa709a10
Event: 56.597 Thread 0x00000194be498c20 flushing  nmethod 0x00000194aa70ad10
Event: 56.597 Thread 0x00000194be498c20 flushing  nmethod 0x00000194aa76ac90
Event: 56.597 Thread 0x00000194be498c20 flushing  nmethod 0x00000194aa88e010
Event: 56.597 Thread 0x00000194be498c20 flushing  nmethod 0x00000194aafec090

Events (20 events):
Event: 55.379 Thread 0x00000194c5f1a950 Thread added: 0x00000194c75d6520
Event: 55.472 Thread 0x00000194c5f1a950 Thread added: 0x00000194c75d4450
Event: 55.535 Thread 0x00000194c350bb60 Thread added: 0x00000194c75d30a0
Event: 55.602 Thread 0x00000194c3509a90 Thread added: 0x00000194c75d6bb0
Event: 55.603 Thread 0x00000194c3509a90 Thread added: 0x00000194c75d3730
Event: 55.604 Thread 0x00000194c3509a90 Thread added: 0x00000194c75d7f60
Event: 55.605 Thread 0x00000194c3509a90 Thread added: 0x00000194c75d7240
Event: 55.606 Thread 0x00000194c3509a90 Thread added: 0x00000194c75d78d0
Event: 55.607 Thread 0x00000194c3509a90 Thread added: 0x00000194c75d85f0
Event: 55.607 Thread 0x00000194c3509a90 Thread added: 0x00000194c75d8c80
Event: 56.110 Thread 0x00000194c3509a90 Thread added: 0x00000194c91ed840
Event: 56.111 Thread 0x00000194c3509a90 Thread added: 0x00000194c91eded0
Event: 56.206 Thread 0x00000194c5f17b60 Thread added: 0x00000194c91ebe00
Event: 56.207 Thread 0x00000194c5f17b60 Thread added: 0x00000194c91eebf0
Event: 56.208 Thread 0x00000194c5f17b60 Thread added: 0x00000194c91eb770
Event: 56.208 Thread 0x00000194c5f17b60 Thread added: 0x00000194c91ef910
Event: 56.209 Thread 0x00000194c5f17b60 Thread added: 0x00000194c91ef280
Event: 56.210 Thread 0x00000194c5f17b60 Thread added: 0x00000194c91ec490
Event: 56.210 Thread 0x00000194c5f17b60 Thread added: 0x00000194c91f2070
Event: 57.243 Thread 0x00000194c93108f0 Thread exited: 0x00000194c93108f0


Dynamic libraries:
0x00007ff727e00000 - 0x00007ff727e0a000 	D:\and\jbr\bin\java.exe
0x00007ffe721c0000 - 0x00007ffe72427000 	C:\WINDOWS\SYSTEM32\ntdll.dll
0x00007ffe70d20000 - 0x00007ffe70de9000 	C:\WINDOWS\System32\KERNEL32.DLL
0x00007ffe6f710000 - 0x00007ffe6faff000 	C:\WINDOWS\System32\KERNELBASE.dll
0x00007ffe6fe10000 - 0x00007ffe6ff5b000 	C:\WINDOWS\System32\ucrtbase.dll
0x00007ffe5faa0000 - 0x00007ffe5fabb000 	D:\and\jbr\bin\VCRUNTIME140.dll
0x00007ffe60050000 - 0x00007ffe60068000 	D:\and\jbr\bin\jli.dll
0x00007ffe71300000 - 0x00007ffe714c5000 	C:\WINDOWS\System32\USER32.dll
0x00007ffe6fc90000 - 0x00007ffe6fcb7000 	C:\WINDOWS\System32\win32u.dll
0x00007ffe71aa0000 - 0x00007ffe71acb000 	C:\WINDOWS\System32\GDI32.dll
0x00007ffe6f310000 - 0x00007ffe6f43c000 	C:\WINDOWS\System32\gdi32full.dll
0x00007ffe6f4f0000 - 0x00007ffe6f593000 	C:\WINDOWS\System32\msvcp_win.dll
0x00007ffe5ca50000 - 0x00007ffe5cce3000 	C:\WINDOWS\WinSxS\amd64_microsoft.windows.common-controls_6595b64144ccf1df_6.0.26100.7309_none_3e05feeae336a044\COMCTL32.dll
0x00007ffe71630000 - 0x00007ffe716d9000 	C:\WINDOWS\System32\msvcrt.dll
0x00007ffe708f0000 - 0x00007ffe70921000 	C:\WINDOWS\System32\IMM32.DLL
0x00007ffe60080000 - 0x00007ffe6008c000 	D:\and\jbr\bin\vcruntime140_1.dll
0x00007ffe47800000 - 0x00007ffe4788d000 	D:\and\jbr\bin\msvcp140.dll
0x00007ffd81ce0000 - 0x00007ffd82976000 	D:\and\jbr\bin\server\jvm.dll
0x00007ffe6ff60000 - 0x00007ffe70014000 	C:\WINDOWS\System32\ADVAPI32.dll
0x00007ffe70a90000 - 0x00007ffe70b36000 	C:\WINDOWS\System32\sechost.dll
0x00007ffe71760000 - 0x00007ffe71878000 	C:\WINDOWS\System32\RPCRT4.dll
0x00007ffe716e0000 - 0x00007ffe71754000 	C:\WINDOWS\System32\WS2_32.dll
0x00007ffe6f0c0000 - 0x00007ffe6f11e000 	C:\WINDOWS\SYSTEM32\POWRPROF.dll
0x00007ffe646b0000 - 0x00007ffe646e5000 	C:\WINDOWS\SYSTEM32\WINMM.dll
0x00007ffe616e0000 - 0x00007ffe616eb000 	C:\WINDOWS\SYSTEM32\VERSION.dll
0x00007ffe6f0a0000 - 0x00007ffe6f0b4000 	C:\WINDOWS\SYSTEM32\UMPDC.dll
0x00007ffe6e0c0000 - 0x00007ffe6e0db000 	C:\WINDOWS\SYSTEM32\kernel.appcore.dll
0x00007ffe5ff30000 - 0x00007ffe5ff3a000 	D:\and\jbr\bin\jimage.dll
0x00007ffe63970000 - 0x00007ffe63bb2000 	C:\WINDOWS\SYSTEM32\DBGHELP.DLL
0x00007ffe70f70000 - 0x00007ffe712f6000 	C:\WINDOWS\System32\combase.dll
0x00007ffe714d0000 - 0x00007ffe715a6000 	C:\WINDOWS\System32\OLEAUT32.dll
0x00007ffe5ffa0000 - 0x00007ffe5ffdc000 	C:\WINDOWS\SYSTEM32\dbgcore.DLL
0x00007ffe6f440000 - 0x00007ffe6f4e5000 	C:\WINDOWS\System32\bcryptPrimitives.dll
0x00007ffe6a240000 - 0x00007ffe6a24e000 	D:\and\jbr\bin\instrument.dll
0x00007ffe5fa30000 - 0x00007ffe5fa50000 	D:\and\jbr\bin\java.dll
0x00007ffe5a510000 - 0x00007ffe5a528000 	D:\and\jbr\bin\zip.dll
0x00007ffe70190000 - 0x00007ffe708e3000 	C:\WINDOWS\System32\SHELL32.dll
0x00007ffe6f5a0000 - 0x00007ffe6f70a000 	C:\WINDOWS\System32\wintypes.dll
0x00007ffe6cf30000 - 0x00007ffe6d78e000 	C:\WINDOWS\SYSTEM32\windows.storage.dll
0x00007ffe70990000 - 0x00007ffe70a84000 	C:\WINDOWS\System32\SHCORE.dll
0x00007ffe71880000 - 0x00007ffe718e6000 	C:\WINDOWS\System32\shlwapi.dll
0x00007ffe6f230000 - 0x00007ffe6f259000 	C:\WINDOWS\SYSTEM32\profapi.dll
0x00007ffe5fc60000 - 0x00007ffe5fc70000 	D:\and\jbr\bin\net.dll
0x00007ffe64730000 - 0x00007ffe64858000 	C:\WINDOWS\SYSTEM32\WINHTTP.dll
0x00007ffe6e630000 - 0x00007ffe6e69b000 	C:\WINDOWS\system32\mswsock.dll
0x00007ffe46a30000 - 0x00007ffe46a46000 	D:\and\jbr\bin\nio.dll
0x00007ffe5fbc0000 - 0x00007ffe5fbd0000 	D:\and\jbr\bin\verify.dll
0x00007ffe35e90000 - 0x00007ffe35eb7000 	C:\Users\User\.gradle\native\660c5614fbf4a5f2a75b1949f50a0caf5cd603558e7d8a26e50b933a0cfb79d1\windows-amd64\native-platform.dll
0x00007ffe128e0000 - 0x00007ffe12957000 	C:\Users\User\.gradle\native\0.2.8\x86_64-windows-gnu\gradle-fileevents.dll
0x00007ffe5fa90000 - 0x00007ffe5fa99000 	D:\and\jbr\bin\management.dll
0x00007ffe5fa20000 - 0x00007ffe5fa2b000 	D:\and\jbr\bin\management_ext.dll
0x00007ffe71ae0000 - 0x00007ffe71ae8000 	C:\WINDOWS\System32\PSAPI.DLL
0x00007ffe6db20000 - 0x00007ffe6db54000 	C:\WINDOWS\SYSTEM32\IPHLPAPI.DLL
0x00007ffe72170000 - 0x00007ffe7217a000 	C:\WINDOWS\System32\NSI.dll
0x00007ffe5fbb0000 - 0x00007ffe5fbb9000 	D:\and\jbr\bin\extnet.dll
0x00007ffe6e8f0000 - 0x00007ffe6e90b000 	C:\WINDOWS\SYSTEM32\CRYPTSP.dll
0x00007ffe6e020000 - 0x00007ffe6e05a000 	C:\WINDOWS\system32\rsaenh.dll
0x00007ffe6e6e0000 - 0x00007ffe6e70b000 	C:\WINDOWS\SYSTEM32\USERENV.dll
0x00007ffe6f200000 - 0x00007ffe6f22a000 	C:\WINDOWS\SYSTEM32\bcrypt.dll
0x00007ffe6e910000 - 0x00007ffe6e91c000 	C:\WINDOWS\SYSTEM32\CRYPTBASE.dll
0x00007ffe5fb80000 - 0x00007ffe5fb88000 	C:\WINDOWS\system32\wshunix.dll
0x00007ffe6e1e0000 - 0x00007ffe6e216000 	C:\WINDOWS\SYSTEM32\ntmarta.dll

JVMTI agents:
C:\Users\User\.gradle\wrapper\dists\gradle-9.2.1-bin\2t0n5ozlw9xmuyvbp7dnzaxug\gradle-9.2.1\lib\agents\gradle-instrumentation-agent-9.2.1.jar path:D:\and\jbr\bin\instrument.dll, loaded, initialized, instrumentlib options:none

dbghelp: loaded successfully - version: 4.0.5 - missing functions: none
symbol engine: initialized successfully - sym options: 0x614 - pdb path: .;D:\and\jbr\bin;C:\WINDOWS\SYSTEM32;C:\WINDOWS\WinSxS\amd64_microsoft.windows.common-controls_6595b64144ccf1df_6.0.26100.7309_none_3e05feeae336a044;D:\and\jbr\bin\server;C:\Users\User\.gradle\native\660c5614fbf4a5f2a75b1949f50a0caf5cd603558e7d8a26e50b933a0cfb79d1\windows-amd64;C:\Users\User\.gradle\native\0.2.8\x86_64-windows-gnu

VM Arguments:
jvm_args: --add-opens=java.base/java.lang=ALL-UNNAMED --add-opens=java.base/java.lang.invoke=ALL-UNNAMED --add-opens=java.base/java.util=ALL-UNNAMED --add-opens=java.prefs/java.util.prefs=ALL-UNNAMED --add-exports=jdk.compiler/com.sun.tools.javac.api=ALL-UNNAMED --add-exports=jdk.compiler/com.sun.tools.javac.util=ALL-UNNAMED --add-opens=java.base/java.util=ALL-UNNAMED --add-opens=java.prefs/java.util.prefs=ALL-UNNAMED --add-opens=java.base/java.nio.charset=ALL-UNNAMED --add-opens=java.base/java.net=ALL-UNNAMED --add-opens=java.base/java.util.concurrent=ALL-UNNAMED --add-opens=java.base/java.util.concurrent.atomic=ALL-UNNAMED --add-opens=java.xml/javax.xml.namespace=ALL-UNNAMED --add-opens=java.base/java.time=ALL-UNNAMED -Xmx2048m -Dfile.encoding=UTF-8 -Duser.country=US -Duser.language=en -Duser.variant -javaagent:C:\Users\User\.gradle\wrapper\dists\gradle-9.2.1-bin\2t0n5ozlw9xmuyvbp7dnzaxug\gradle-9.2.1\lib\agents\gradle-instrumentation-agent-9.2.1.jar 
java_command: org.gradle.launcher.daemon.bootstrap.GradleDaemon 9.2.1
java_class_path (initial): C:\Users\User\.gradle\wrapper\dists\gradle-9.2.1-bin\2t0n5ozlw9xmuyvbp7dnzaxug\gradle-9.2.1\lib\gradle-daemon-main-9.2.1.jar
Launcher Type: SUN_STANDARD

[Global flags]
     intx CICompilerCount                          = 4                                         {product} {ergonomic}
     uint ConcGCThreads                            = 2                                         {product} {ergonomic}
     uint G1ConcRefinementThreads                  = 8                                         {product} {ergonomic}
   size_t G1HeapRegionSize                         = 1048576                                   {product} {ergonomic}
    uintx GCDrainStackTargetSize                   = 64                                        {product} {ergonomic}
   size_t InitialHeapSize                          = 123731968                                 {product} {ergonomic}
   size_t MarkStackSize                            = 4194304                                   {product} {ergonomic}
   size_t MaxHeapSize                              = 2147483648                                {product} {command line}
   size_t MaxNewSize                               = 1287651328                                {product} {ergonomic}
   size_t MinHeapDeltaBytes                        = 1048576                                   {product} {ergonomic}
   size_t MinHeapSize                              = 8388608                                   {product} {ergonomic}
    uintx NonNMethodCodeHeapSize                   = 5839372                                {pd product} {ergonomic}
    uintx NonProfiledCodeHeapSize                  = 122909434                              {pd product} {ergonomic}
    uintx ProfiledCodeHeapSize                     = 122909434                              {pd product} {ergonomic}
    uintx ReservedCodeCacheSize                    = 251658240                              {pd product} {ergonomic}
     bool SegmentedCodeCache                       = true                                      {product} {ergonomic}
   size_t SoftMaxHeapSize                          = 2147483648                             {manageable} {ergonomic}
     bool UseCompressedOops                        = true                           {product lp64_product} {ergonomic}
     bool UseG1GC                                  = true                                      {product} {ergonomic}
     bool UseLargePagesIndividualAllocation        = false                                  {pd product} {ergonomic}

Logging:
Log output configuration:
 #0: stdout all=warning uptime,level,tags foldmultilines=false
 #1: stderr all=off uptime,level,tags foldmultilines=false

Release file:
JAVA_VERSION="21.0.9" 
MODULES="java.base java.compiler java.datatransfer java.xml java.prefs java.desktop java.instrument java.logging java.management java.security.sasl java.naming java.rmi java.management.rmi java.net.http java.scripting java.security.jgss java.transaction.xa java.sql java.sql.rowset java.xml.crypto java.se java.smartcardio jdk.accessibility jdk.internal.jvmstat jdk.attach jdk.charsets jdk.internal.opt jdk.zipfs jdk.compiler jdk.crypto.ec jdk.crypto.cryptoki jdk.dynalink jdk.hotspot.agent jdk.httpserver jdk.internal.ed jdk.internal.le jdk.internal.vm.ci jdk.jartool jdk.javadoc jdk.jcmd jdk.jdeps jdk.jdwp.agent jdk.jdi jdk.jfr jdk.jlink jdk.jsobject jdk.localedata jdk.management jdk.management.agent jdk.management.jfr jdk.naming.dns jdk.naming.rmi jdk.net jdk.sctp jdk.security.auth jdk.security.jgss jdk.unsupported jdk.unsupported.desktop jdk.xml.dom" 
IMPLEMENTOR="JetBrains s.r.o." 
JAVA_RUNTIME_VERSION="21.0.9+-14649483-b1163.86" 
LIBC="default" 
OS_ARCH="x86_64" 
OS_NAME="Windows" 
SOURCE=".:git:554d0c326095" 

Environment Variables:
JAVA_HOME=C:\jdk-24.0.2
PATH=C:\Program Files\Common Files\Oracle\Java\javapath;C:\Program Files (x86)\Common Files\Oracle\Java\java8path;C:\Program Files (x86)\Common Files\Oracle\Java\javapath;C:\WINDOWS\system32;C:\WINDOWS;C:\WINDOWS\System32\Wbem;C:\WINDOWS\System32\WindowsPowerShell\v1.0\;C:\WINDOWS\System32\OpenSSH\;C:\Program Files\Git\cmd;C:\MinGW\bin;C:\jdk-24.0.2\bin;C:\jdk-24.0.2\bin;c:\Program Files\Java\jdk-24\bin;C:\Program Files (x86)\Microsoft SQL Server\160\Tools\Binn\;C:\Program Files\Microsoft SQL Server\160\Tools\Binn\;C:\Program Files\Microsoft SQL Server\Client SDK\ODBC\170\Tools\Binn\;C:\Program Files\Microsoft SQL Server\160\DTS\Binn\;C:\Program Files (x86)\Microsoft SQL Server\160\DTS\Binn\;C:\Users\User\AppData\Local\Programs\Python\Python313\Scripts\;C:\Users\User\AppData\Local\Programs\Python\Python313\;C:\Users\User\AppData\Local\Microsoft\WindowsApps;C:\MinGW\bin;C:\Users\User\AppData\Local\Programs\Microsoft VS Code\bin;C:\Program Files\JetBrains\IntelliJ IDEA 2025.2.1\bin;C:\Program Files\SDCC\bin;D:\laragon\bin\php\php-8.1.10-Win32-vs16-x64;
USERNAME=User
OS=Windows_NT
PROCESSOR_IDENTIFIER=AMD64 Family 23 Model 160 Stepping 0, AuthenticAMD
TMP=C:\Users\User\AppData\Local\Temp
TEMP=C:\Users\User\AppData\Local\Temp




Periodic native trim disabled

JNI global refs:
JNI global refs: 27, weak refs: 0

JNI global refs memory usage: 835, weak refs: 201

Process memory usage:
Resident Set Size: 488732K (6% of 7634556K total physical memory with 542184K free physical memory)

OOME stack traces (most recent first):
Classloader memory used:
Loader org.gradle.internal.classloader.VisitableURLClassLoader                         : 44542K
Loader org.gradle.internal.classloader.VisitableURLClassLoader$InstrumentingVisitableURLClassLoader: 39607K
Loader bootstrap                                                                       : 29632K
Loader org.gradle.initialization.MixInLegacyTypesClassLoader                           : 13368K
Loader jdk.internal.reflect.DelegatingClassLoader                                      : 364K
Loader jdk.internal.loader.ClassLoaders$AppClassLoader                                 : 233K
Loader org.gradle.internal.classloader.VisitableURLClassLoader                         : 215K
Loader jdk.internal.loader.ClassLoaders$PlatformClassLoader                            : 149K
Loader org.gradle.groovy.scripts.internal.DefaultScriptCompilationHandler$ScriptClassLoader: 128K
Loader sun.reflect.misc.MethodUtil                                                     : 2984B

Classes loaded by more than one classloader:
Class Program                                                                         : loaded 5 times (x 72B)
Class Build_gradle                                                                    : loaded 3 times (x 126B)
Class com.google.common.collect.RegularImmutableMap$KeySet                            : loaded 2 times (x 152B)
Class org.gradle.internal.classloader.FilteringClassLoader                            : loaded 2 times (x 105B)
Class [Lcom.google.common.collect.MapMakerInternalMap$Segment;                        : loaded 2 times (x 69B)
Class com.google.common.io.FileWriteMode                                              : loaded 2 times (x 79B)
Class [Lcom.google.common.base.AbstractIterator$State;                                : loaded 2 times (x 69B)
Class com.google.common.base.CharMatcher$IsEither                                     : loaded 2 times (x 111B)
Class org.gradle.internal.classloader.ClassLoaderHierarchy                            : loaded 2 times (x 70B)
Class com.google.common.collect.AbstractMapBasedMultimap$WrappedCollection            : loaded 2 times (x 124B)
Class com.google.common.collect.ImmutableEnumSet                                      : loaded 2 times (x 146B)
Class com.google.common.util.concurrent.ExecutionError                                : loaded 2 times (x 82B)
Class com.google.common.collect.ImmutableList$1                                       : loaded 2 times (x 97B)
Class org.gradle.api.internal.classpath.ManifestUtil                                  : loaded 2 times (x 71B)
Class com.google.common.collect.RegularImmutableMap                                   : loaded 2 times (x 121B)
Class com.google.common.collect.ImmutableMap$MapViewOfValuesAsSingletonSets           : loaded 2 times (x 126B)
Class com.google.common.collect.TransformedListIterator                               : loaded 2 times (x 93B)
Class com.google.common.reflect.TypeCapture                                           : loaded 2 times (x 71B)
Class [Lorg.objectweb.asm.Symbol;                                                     : loaded 2 times (x 69B)
Class org.objectweb.asm.ClassVisitor                                                  : loaded 2 times (x 88B)
Class com.google.common.collect.UnmodifiableListIterator                              : loaded 2 times (x 95B)
Class com.google.common.collect.MapMakerInternalMap$StrongKeyDummyValueEntry$LinkedStrongKeyDummyValueEntry: loaded 2 times (x 82B)
Class com.google.common.collect.MapMakerInternalMap$Strength                          : loaded 2 times (x 80B)
Class com.google.common.base.Platform$JdkPatternCompiler                              : loaded 2 times (x 75B)
Class org.objectweb.asm.MethodTooLargeException                                       : loaded 2 times (x 83B)
Class [Lcom.google.common.cache.CacheBuilder$OneWeigher;                              : loaded 2 times (x 69B)
Class com.google.common.base.Suppliers                                                : loaded 2 times (x 71B)
Class org.gradle.internal.classloader.DefaultClassLoaderFactory                       : loaded 2 times (x 82B)
Class com.google.common.base.CharMatcher$None                                         : loaded 2 times (x 112B)
Class org.gradle.internal.classloader.ClassLoaderVisitor                              : loaded 2 times (x 76B)
Class [Lcom.google.common.collect.ImmutableMapEntry;                                  : loaded 2 times (x 69B)
Class org.gradle.api.internal.classpath.EffectiveClassPath                            : loaded 2 times (x 90B)
Class com.google.common.collect.ListMultimap                                          : loaded 2 times (x 70B)
Class com.google.common.collect.ImmutableEnumMap                                      : loaded 2 times (x 126B)
Class com.google.common.collect.Iterators$EmptyModifiableIterator                     : loaded 2 times (x 86B)
Class com.google.common.base.Splitter                                                 : loaded 2 times (x 72B)
Class com.google.common.collect.Sets$1                                                : loaded 2 times (x 139B)
Class org.objectweb.asm.AnnotationVisitor                                             : loaded 2 times (x 78B)
Class org.gradle.api.internal.DefaultClassPathProvider                                : loaded 2 times (x 76B)
Class com.google.common.collect.MapMakerInternalMap$Strength$1                        : loaded 2 times (x 80B)
Class com.google.common.collect.Maps$ViewCachingAbstractMap                           : loaded 2 times (x 125B)
Class com.google.common.collect.Sets$2                                                : loaded 2 times (x 139B)
Class [Lorg.gradle.api.internal.ClassPathProvider;                                    : loaded 2 times (x 69B)
Class org.gradle.api.internal.ClassPathProvider                                       : loaded 2 times (x 70B)
Class com.google.common.collect.MapMakerInternalMap$Strength$2                        : loaded 2 times (x 80B)
Class com.google.common.base.AbstractIterator$State                                   : loaded 2 times (x 79B)
Class com.google.common.reflect.Types$ClassOwnership$1                                : loaded 2 times (x 80B)
Class [Lorg.objectweb.asm.AnnotationVisitor;                                          : loaded 2 times (x 69B)
Class com.google.common.collect.Sets$3                                                : loaded 2 times (x 139B)
Class com.google.common.cache.LocalCache$LocalLoadingCache                            : loaded 2 times (x 134B)
Class org.gradle.internal.service.UnknownServiceException                             : loaded 2 times (x 83B)
Class com.google.common.collect.MapMakerInternalMap$StrongValueEntry                  : loaded 2 times (x 70B)
Class com.google.common.reflect.Types$ClassOwnership$2                                : loaded 2 times (x 80B)
Class com.google.common.reflect.TypeResolver                                          : loaded 2 times (x 72B)
Class com.google.common.collect.Sets$4                                                : loaded 2 times (x 139B)
Class org.objectweb.asm.ModuleVisitor                                                 : loaded 2 times (x 81B)
Class com.google.common.cache.LocalCache$Strength$1                                   : loaded 2 times (x 81B)
Class com.google.common.reflect.Types$ClassOwnership$3                                : loaded 2 times (x 71B)
Class com.google.common.util.concurrent.SettableFuture                                : loaded 2 times (x 114B)
Class com.google.common.cache.LocalCache$Strength$2                                   : loaded 2 times (x 81B)
Class com.google.common.collect.Interners$InternerImpl                                : loaded 2 times (x 75B)
Class com.google.common.collect.Interner                                              : loaded 2 times (x 70B)
Class com.google.common.collect.TransformedIterator                                   : loaded 2 times (x 80B)
Class com.google.common.base.Splitter$1                                               : loaded 2 times (x 77B)
Class com.google.common.cache.LocalCache$Strength$3                                   : loaded 2 times (x 81B)
Class com.google.common.collect.MapDifference                                         : loaded 2 times (x 70B)
Class com.google.common.collect.MapMaker$Dummy                                        : loaded 2 times (x 79B)
Class com.google.common.reflect.Invokable                                             : loaded 2 times (x 103B)
Class org.objectweb.asm.FieldWriter                                                   : loaded 2 times (x 78B)
Class com.google.common.cache.CacheBuilder$NullListener                               : loaded 2 times (x 82B)
Class org.gradle.internal.classpath.TransformedClassPath                              : loaded 2 times (x 96B)
Class com.google.common.base.Equivalence$Identity                                     : loaded 2 times (x 82B)
Class com.google.common.reflect.Types$ParameterizedTypeImpl                           : loaded 2 times (x 81B)
Class com.google.common.cache.CacheLoader$FunctionToCacheLoader                       : loaded 2 times (x 75B)
Class com.google.common.collect.Iterators$ArrayItr                                    : loaded 2 times (x 97B)
Class com.google.common.collect.ImmutableCollection$Builder                           : loaded 2 times (x 76B)
Class com.google.common.reflect.TypeResolver$TypeVariableKey                          : loaded 2 times (x 72B)
Class com.google.common.base.Joiner                                                   : loaded 2 times (x 79B)
Class com.google.common.base.MoreObjects                                              : loaded 2 times (x 71B)
Class com.google.common.collect.Platform                                              : loaded 2 times (x 71B)
Class [Lorg.objectweb.asm.Type;                                                       : loaded 2 times (x 69B)
Class com.google.common.collect.UnmodifiableIterator                                  : loaded 2 times (x 80B)
Class org.gradle.internal.service.ServiceLocator                                      : loaded 2 times (x 70B)
Class com.google.common.base.Ascii                                                    : loaded 2 times (x 71B)
Class com.google.common.cache.LocalCache$1                                            : loaded 2 times (x 89B)
Class com.google.common.collect.SingletonImmutableBiMap                               : loaded 2 times (x 143B)
Class com.google.common.collect.Iterators$SingletonIterator                           : loaded 2 times (x 81B)
Class com.google.common.collect.AbstractMapEntry                                      : loaded 2 times (x 81B)
Class com.google.common.collect.MapMakerInternalMap$AbstractStrongKeyEntry            : loaded 2 times (x 80B)
Class com.google.common.reflect.TypeToken$SimpleTypeToken                             : loaded 2 times (x 73B)
Class com.google.common.collect.Sets$ImprovedAbstractSet                              : loaded 2 times (x 135B)
Class com.google.common.collect.ImmutableList$Builder                                 : loaded 2 times (x 77B)
Class com.google.common.collect.AbstractMultimap                                      : loaded 2 times (x 123B)
Class com.google.common.cache.LocalCache$2                                            : loaded 2 times (x 142B)
Class com.google.common.collect.RegularImmutableAsList                                : loaded 2 times (x 217B)
Class com.google.common.util.concurrent.AbstractFuture$Trusted                        : loaded 2 times (x 70B)
Class com.google.common.collect.Iterators                                             : loaded 2 times (x 71B)
Class com.google.common.io.ByteSink$AsCharSink                                        : loaded 2 times (x 80B)
Class com.google.common.collect.Lists$StringAsImmutableList                           : loaded 2 times (x 207B)
Class com.google.common.util.concurrent.UncheckedExecutionException                   : loaded 2 times (x 82B)
Class org.gradle.kotlin.dsl.VersionCatalogAccessorsKt                                 : loaded 2 times (x 71B)
Class com.google.common.collect.AbstractMapBasedMultimap$KeySet$1                     : loaded 2 times (x 82B)
Class org.objectweb.asm.ClassWriter                                                   : loaded 2 times (x 106B)
Class com.google.common.base.CharMatcher$And                                          : loaded 2 times (x 112B)
Class com.google.common.cache.CacheLoader$UnsupportedLoadingOperationException        : loaded 2 times (x 82B)
Class org.gradle.internal.classloader.ClasspathUtil$1                                 : loaded 2 times (x 76B)
Class com.google.common.base.Objects                                                  : loaded 2 times (x 71B)
Class org.objectweb.asm.FieldVisitor                                                  : loaded 2 times (x 77B)
Class com.google.common.collect.IndexedImmutableSet                                   : loaded 2 times (x 152B)
Class com.google.common.collect.ImmutableMap$1                                        : loaded 2 times (x 81B)
Class com.google.common.collect.BiMap                                                 : loaded 2 times (x 70B)
Class org.gradle.api.internal.classpath.DefaultModuleRegistry$DefaultModule           : loaded 2 times (x 86B)
Class com.google.common.reflect.Reflection                                            : loaded 2 times (x 71B)
Class com.google.common.primitives.Ints                                               : loaded 2 times (x 71B)
Class com.google.common.collect.AbstractIterator                                      : loaded 2 times (x 82B)
Class com.google.common.collect.ObjectArrays                                          : loaded 2 times (x 71B)
Class com.google.common.math.MathPreconditions                                        : loaded 2 times (x 71B)
Class com.google.common.collect.Multiset                                              : loaded 2 times (x 70B)
Class com.google.common.collect.ArrayListMultimapGwtSerializationDependencies         : loaded 2 times (x 172B)
Class com.google.common.collect.AbstractIndexedListIterator                           : loaded 2 times (x 96B)
Class com.google.common.collect.ImmutableMapEntrySet                                  : loaded 2 times (x 152B)
Class org.gradle.api.internal.classpath.Module                                        : loaded 2 times (x 70B)
Class com.google.common.cache.Weigher                                                 : loaded 2 times (x 70B)
Class org.gradle.api.internal.classpath.UnknownModuleException                        : loaded 2 times (x 82B)
Class com.google.common.base.Stopwatch                                                : loaded 2 times (x 72B)
Class com.google.common.cache.LocalCache$Strength                                     : loaded 2 times (x 81B)
Class com.google.common.cache.Cache                                                   : loaded 2 times (x 70B)
Class com.google.common.base.NullnessCasts                                            : loaded 2 times (x 71B)
Class com.google.common.util.concurrent.AbstractFuture$Cancellation                   : loaded 2 times (x 72B)
Class com.google.common.collect.ImmutableMap$Builder                                  : loaded 2 times (x 82B)
Class com.google.common.collect.AbstractMapBasedMultimap$WrappedCollection$WrappedIterator: loaded 2 times (x 84B)
Class com.google.common.cache.RemovalListener                                         : loaded 2 times (x 70B)
Class org.gradle.api.internal.DefaultClassPathRegistry                                : loaded 2 times (x 76B)
Class com.google.common.reflect.Invokable$ConstructorInvokable                        : loaded 2 times (x 107B)
Class com.google.common.primitives.IntsMethodsForWeb                                  : loaded 2 times (x 71B)
Class com.google.common.collect.Multimap                                              : loaded 2 times (x 70B)
Class org.gradle.api.internal.ClassPathRegistry                                       : loaded 2 times (x 70B)
Class org.gradle.internal.classpath.DefaultClassPath$ImmutableUniqueList              : loaded 2 times (x 199B)
Class com.google.common.collect.MapMakerInternalMap$Segment                           : loaded 2 times (x 142B)
Class com.google.common.reflect.TypeToken                                             : loaded 2 times (x 73B)
Class com.google.common.base.ExtraObjectsMethodsForWeb                                : loaded 2 times (x 71B)
Class org.gradle.internal.classloader.InstrumentingClassLoader                        : loaded 2 times (x 70B)
Class com.google.common.io.ByteSink                                                   : loaded 2 times (x 76B)
Class com.google.common.cache.CacheBuilder                                            : loaded 2 times (x 72B)
Class com.google.common.collect.SingletonImmutableList                                : loaded 2 times (x 207B)
Class Settings_gradle$1                                                               : loaded 2 times (x 74B)
Class org.gradle.internal.classpath.ClassPath                                         : loaded 2 times (x 70B)
Class com.google.common.collect.Interners$InternerBuilder                             : loaded 2 times (x 76B)
Class com.google.common.io.Files$FileByteSource                                       : loaded 2 times (x 85B)
Class [Lcom.google.common.reflect.Types$JavaVersion;                                  : loaded 2 times (x 69B)
Class com.google.common.base.JdkPattern                                               : loaded 2 times (x 75B)
Class com.google.common.collect.ImmutableList$ReverseImmutableList                    : loaded 2 times (x 209B)
Class org.objectweb.asm.SymbolTable$Entry                                             : loaded 2 times (x 74B)
Class org.objectweb.asm.Edge                                                          : loaded 2 times (x 72B)
Class com.google.common.base.Suppliers$SupplierOfInstance                             : loaded 2 times (x 79B)
Class com.google.common.collect.Iterators$1                                           : loaded 2 times (x 81B)
Class com.google.common.reflect.TypeToken$1                                           : loaded 2 times (x 110B)
Class com.google.common.cache.LocalCache$ComputingValueReference                      : loaded 2 times (x 96B)
Class com.google.common.collect.SingletonImmutableSet                                 : loaded 2 times (x 146B)
Class com.google.common.collect.ImmutableMap$IteratorBasedImmutableMap                : loaded 2 times (x 126B)
Class com.google.common.reflect.TypeToken$2                                           : loaded 2 times (x 110B)
Class com.google.common.cache.LocalCache$Segment                                      : loaded 2 times (x 154B)
Class ijKotlinCoroutineJvmDebugInit1_dofq3drr9aihm4earzh7ldbbw                        : loaded 2 times (x 171B)
Class com.google.common.collect.AbstractListMultimap                                  : loaded 2 times (x 172B)
Class [Lorg.objectweb.asm.SymbolTable$Entry;                                          : loaded 2 times (x 69B)
Class com.google.common.cache.CacheLoader                                             : loaded 2 times (x 74B)
Class com.google.common.collect.Iterators$4                                           : loaded 2 times (x 82B)
Class com.google.common.collect.ImmutableBiMap                                        : loaded 2 times (x 143B)
Class org.gradle.api.internal.classpath.ModuleRegistry                                : loaded 2 times (x 70B)
Class org.gradle.internal.installation.GradleInstallation$1                           : loaded 2 times (x 75B)
Class com.google.common.base.Splitter$SplittingIterator                               : loaded 2 times (x 84B)
Class com.google.common.collect.ImmutableSet$JdkBackedSetBuilderImpl                  : loaded 2 times (x 76B)
Class com.google.common.util.concurrent.internal.InternalFutureFailureAccess          : loaded 2 times (x 72B)
Class com.google.common.collect.Iterators$5                                           : loaded 2 times (x 82B)
Class com.google.common.base.CharMatcher$ForPredicate                                 : loaded 2 times (x 112B)
Class com.google.common.cache.LocalCache$LocalManualCache$1                           : loaded 2 times (x 75B)
Class com.google.common.base.CharMatcher$AnyOf                                        : loaded 2 times (x 112B)
Class com.google.common.collect.ImmutableCollection                                   : loaded 2 times (x 125B)
Class org.gradle.api.internal.classpath.DefaultModuleRegistry                         : loaded 2 times (x 86B)
Class com.google.common.collect.Lists                                                 : loaded 2 times (x 71B)
Class com.google.common.util.concurrent.ListenableFuture                              : loaded 2 times (x 70B)
Class com.google.common.cache.ReferenceEntry                                          : loaded 2 times (x 70B)
Class com.google.common.base.Converter                                                : loaded 2 times (x 90B)
Class com.google.common.collect.ImmutableSet$CachingAsList                            : loaded 2 times (x 148B)
Class com.google.common.collect.AbstractMapBasedMultimap                              : loaded 2 times (x 139B)
Class com.google.common.util.concurrent.AbstractFuture                                : loaded 2 times (x 106B)
Class com.google.common.base.FunctionalEquivalence                                    : loaded 2 times (x 83B)
Class com.google.common.collect.Iterators$9                                           : loaded 2 times (x 81B)
Class com.google.common.collect.ImmutableAsList                                       : loaded 2 times (x 209B)
Class com.google.common.reflect.TypeResolver$TypeTable                                : loaded 2 times (x 73B)
Class org.objectweb.asm.RecordComponentVisitor                                        : loaded 2 times (x 77B)
Class com.google.common.cache.CacheLoader$SupplierToCacheLoader                       : loaded 2 times (x 75B)
Class com.google.common.reflect.TypeResolver$TypeTable$1                              : loaded 2 times (x 73B)
Class com.google.common.collect.Maps$EntryTransformer                                 : loaded 2 times (x 70B)
Class org.gradle.internal.service.ServiceLookupException                              : loaded 2 times (x 82B)
Class [Lcom.google.common.cache.LocalCache$EntryFactory;                              : loaded 2 times (x 69B)
Class org.gradle.internal.classloader.ClassLoaderFactory                              : loaded 2 times (x 70B)
Class com.google.common.base.CommonPattern                                            : loaded 2 times (x 74B)
Class com.google.common.base.CharMatcher$IsNot                                        : loaded 2 times (x 111B)
Class com.google.common.cache.LocalCache$LocalManualCache                             : loaded 2 times (x 99B)
Class org.gradle.internal.service.CachingServiceLocator                               : loaded 2 times (x 82B)
Class com.google.common.collect.AbstractMapBasedMultimap$KeySet                       : loaded 2 times (x 137B)
Class com.google.common.math.IntMath                                                  : loaded 2 times (x 71B)
Class com.google.common.collect.MapMakerInternalMap$InternalEntry                     : loaded 2 times (x 70B)
Class com.google.common.reflect.Types$TypeVariableInvocationHandler                   : loaded 2 times (x 75B)
Class com.google.common.collect.ImmutableMapEntry                                     : loaded 2 times (x 85B)
Class com.google.common.base.Equivalence                                              : loaded 2 times (x 82B)
Class com.google.common.base.Function                                                 : loaded 2 times (x 70B)
Class com.google.common.collect.ImmutableMapEntry$NonTerminalImmutableMapEntry        : loaded 2 times (x 85B)
Class com.google.common.collect.IndexedImmutableSet$1                                 : loaded 2 times (x 213B)
Class com.google.common.cache.CacheBuilder$OneWeigher                                 : loaded 2 times (x 82B)
Class com.google.common.collect.RegularImmutableList                                  : loaded 2 times (x 213B)
Class com.google.common.reflect.Types$ClassOwnership$1LocalClass                      : loaded 2 times (x 71B)
Class org.gradle.internal.classloader.ClasspathUtil                                   : loaded 2 times (x 71B)
Class com.google.common.util.concurrent.Uninterruptibles                              : loaded 2 times (x 71B)
Class com.google.common.util.concurrent.LazyLogger                                    : loaded 2 times (x 72B)
Class com.google.common.collect.Maps                                                  : loaded 2 times (x 71B)
Class org.gradle.api.specs.Spec                                                       : loaded 2 times (x 70B)
Class com.google.common.collect.MapMaker                                              : loaded 2 times (x 72B)
Class com.google.common.reflect.Types$JavaVersion                                     : loaded 2 times (x 83B)
Class [Lcom.google.common.collect.ImmutableEntry;                                     : loaded 2 times (x 69B)
Class com.google.common.cache.LocalCache$LoadingValueReference                        : loaded 2 times (x 96B)
Class com.google.common.collect.MapMakerInternalMap$StrongKeyDummyValueEntry          : loaded 2 times (x 82B)
Class com.google.common.reflect.Invokable$MethodInvokable                             : loaded 2 times (x 107B)
Class com.google.common.base.Platform                                                 : loaded 2 times (x 71B)
Class com.google.common.collect.AbstractMapBasedMultimap$WrappedList                  : loaded 2 times (x 205B)
Class [Lorg.objectweb.asm.AnnotationWriter;                                           : loaded 2 times (x 69B)
Class com.google.common.collect.Maps$8                                                : loaded 2 times (x 82B)
Class [Lcom.google.common.collect.Iterators$EmptyModifiableIterator;                  : loaded 2 times (x 69B)
Class com.google.common.collect.Sets$SetView                                          : loaded 2 times (x 138B)
Class com.google.common.cache.LocalCache$StrongValueReference                         : loaded 2 times (x 90B)
Class com.google.common.graph.SuccessorsFunction                                      : loaded 2 times (x 70B)
Class org.objectweb.asm.Type                                                          : loaded 2 times (x 72B)
Class org.gradle.internal.classloader.VisitableURLClassLoader$InstrumentingVisitableURLClassLoader: loaded 2 times (x 123B)
Class com.google.common.collect.MapMakerInternalMap$StrongKeyDummyValueEntry$Helper   : loaded 2 times (x 79B)
Class com.google.common.io.Files$FileByteSink                                         : loaded 2 times (x 77B)
Class com.google.common.math.IntMath$1                                                : loaded 2 times (x 71B)
Class org.objectweb.asm.ByteVector                                                    : loaded 2 times (x 79B)
Class [Lcom.google.common.cache.CacheBuilder$NullListener;                            : loaded 2 times (x 69B)
Class org.gradle.internal.classloader.VisitableURLClassLoader$Spec                    : loaded 2 times (x 74B)
Class org.gradle.internal.classpath.DefaultClassPath                                  : loaded 2 times (x 90B)
Class com.google.common.base.AbstractIterator                                         : loaded 2 times (x 80B)
Class com.google.common.reflect.Types$ClassOwnership                                  : loaded 2 times (x 80B)
Class org.objectweb.asm.Symbol                                                        : loaded 2 times (x 73B)
Class com.google.common.io.Closer                                                     : loaded 2 times (x 78B)
Class com.google.common.base.CharMatcher$BitSetMatcher                                : loaded 2 times (x 112B)
Class com.google.common.collect.ImmutableSet                                          : loaded 2 times (x 145B)
Class com.google.common.collect.RegularImmutableMap$Values                            : loaded 2 times (x 207B)
Class org.gradle.internal.classloader.ClassLoaderSpec                                 : loaded 2 times (x 71B)
Class org.objectweb.asm.AnnotationWriter                                              : loaded 2 times (x 79B)
Class com.google.common.cache.CacheStats                                              : loaded 2 times (x 71B)
Class com.google.common.collect.Interners                                             : loaded 2 times (x 71B)
Class com.google.common.io.Closer$Suppressor                                          : loaded 2 times (x 70B)
Class com.google.common.io.LineProcessor                                              : loaded 2 times (x 70B)
Class org.objectweb.asm.RecordComponentWriter                                         : loaded 2 times (x 78B)
Class com.google.common.util.concurrent.AbstractFuture$Listener                       : loaded 2 times (x 72B)
Class com.google.common.base.CharMatcher$Or                                           : loaded 2 times (x 112B)
Class Settings_gradle$1$1                                                             : loaded 2 times (x 74B)
Class org.objectweb.asm.Attribute                                                     : loaded 2 times (x 77B)
Class com.google.common.base.Supplier                                                 : loaded 2 times (x 70B)
Class ijKotlinCoroutineJvmDebugInit1_dofq3drr9aihm4earzh7ldbbw$_run_closure1          : loaded 2 times (x 139B)
Class org.gradle.internal.classloader.VisitableURLClassLoader                         : loaded 2 times (x 117B)
Class Settings_gradle                                                                 : loaded 2 times (x 124B)
Class org.gradle.internal.Cast                                                        : loaded 2 times (x 71B)
Class org.gradle.api.Action                                                           : loaded 2 times (x 70B)
Class com.google.common.collect.MapMakerInternalMap                                   : loaded 2 times (x 161B)
Class com.google.common.base.Strings                                                  : loaded 2 times (x 71B)
Class com.google.common.collect.Sets                                                  : loaded 2 times (x 71B)
Class org.objectweb.asm.Handler                                                       : loaded 2 times (x 72B)
Class com.google.common.base.CharMatcher$FastMatcher                                  : loaded 2 times (x 111B)
Class com.google.common.base.Ticker                                                   : loaded 2 times (x 72B)
Class [Lcom.google.common.cache.LocalCache$Segment;                                   : loaded 2 times (x 69B)
Class com.google.common.base.Predicate                                                : loaded 2 times (x 70B)
Class [Lcom.google.common.cache.LocalCache$Strength;                                  : loaded 2 times (x 69B)
Class com.google.common.cache.CacheBuilder$1                                          : loaded 2 times (x 85B)
Class com.google.common.collect.ImmutableMap                                          : loaded 2 times (x 120B)
Class org.gradle.internal.classpath.DefaultClassPath$ImmutableUniqueList$Builder      : loaded 2 times (x 75B)
Class com.google.common.collect.MapMakerInternalMap$WeakValueReference                : loaded 2 times (x 70B)
Class com.google.common.base.CharMatcher$NegatedFastMatcher                           : loaded 2 times (x 113B)
Class com.google.common.cache.LocalCache                                              : loaded 2 times (x 187B)
Class com.google.common.cache.CacheBuilder$2                                          : loaded 2 times (x 79B)
Class com.google.common.collect.ArrayListMultimap                                     : loaded 2 times (x 172B)
Class com.google.common.cache.CacheBuilder$3                                          : loaded 2 times (x 72B)
Class [Lcom.google.common.collect.AbstractMapEntry;                                   : loaded 2 times (x 69B)
Class com.google.common.collect.ImmutableEntry                                        : loaded 2 times (x 82B)
Class org.gradle.api.GradleException                                                  : loaded 2 times (x 82B)
Class com.google.common.collect.CollectPreconditions                                  : loaded 2 times (x 71B)
Class [Lcom.google.common.collect.MapMakerInternalMap$Strength;                       : loaded 2 times (x 69B)
Class [Lcom.google.common.io.FileWriteMode;                                           : loaded 2 times (x 69B)
Class com.google.common.collect.SortedMapDifference                                   : loaded 2 times (x 70B)
Class com.google.common.collect.MapMakerInternalMap$StrongKeyDummyValueSegment        : loaded 2 times (x 142B)
Class com.google.common.io.Files                                                      : loaded 2 times (x 71B)
Class com.google.common.cache.LocalCache$WriteThroughEntry                            : loaded 2 times (x 79B)
Class com.google.common.cache.LocalCache$HashIterator                                 : loaded 2 times (x 86B)
Class com.google.common.cache.LocalCache$EntryFactory                                 : loaded 2 times (x 83B)
Class [Lcom.google.common.collect.MapMaker$Dummy;                                     : loaded 2 times (x 69B)
Class com.google.common.base.CharMatcher$Whitespace                                   : loaded 2 times (x 112B)
Class com.google.common.reflect.Types$NativeTypeVariableEquals                        : loaded 2 times (x 71B)
Class com.google.common.reflect.TypeParameter                                         : loaded 2 times (x 72B)
Class com.google.common.cache.LocalCache$AbstractReferenceEntry                       : loaded 2 times (x 107B)
Class ijJvmDebugger1_9x3erf11sbp6hr81ma3cxq5r2$_run_closure1$_closure2                : loaded 2 times (x 140B)
Class org.gradle.internal.IoActions                                                   : loaded 2 times (x 71B)
Class com.google.common.collect.ImmutableMapKeySet                                    : loaded 2 times (x 152B)
Class org.objectweb.asm.SymbolTable                                                   : loaded 2 times (x 72B)
Class com.google.common.cache.CacheLoader$InvalidCacheLoadException                   : loaded 2 times (x 82B)
Class com.google.common.collect.ImmutableSet$RegularSetBuilderImpl                    : loaded 2 times (x 77B)
Class ijJvmDebugger1_9x3erf11sbp6hr81ma3cxq5r2                                        : loaded 2 times (x 171B)
Class org.gradle.internal.classloader.SystemClassLoaderSpec                           : loaded 2 times (x 71B)
Class com.google.common.cache.LocalCache$StrongEntry                                  : loaded 2 times (x 108B)
Class com.google.common.util.concurrent.AbstractFuture$TrustedFuture                  : loaded 2 times (x 114B)
Class com.google.common.cache.LoadingCache                                            : loaded 2 times (x 70B)
Class org.objectweb.asm.MethodWriter                                                  : loaded 2 times (x 106B)
Class [Lcom.google.common.cache.Weigher;                                              : loaded 2 times (x 69B)
Class com.google.common.collect.RegularImmutableMap$BucketOverflowException           : loaded 2 times (x 82B)
Class com.google.common.collect.AbstractMapBasedMultimap$RandomAccessWrappedList      : loaded 2 times (x 205B)
Class com.google.common.reflect.Types$JavaVersion$1                                   : loaded 2 times (x 83B)
Class com.google.common.base.CharMatcher$Negated                                      : loaded 2 times (x 113B)
Class com.google.common.base.CharMatcher$Is                                           : loaded 2 times (x 111B)
Class com.google.common.cache.LocalCache$ValueReference                               : loaded 2 times (x 70B)
Class com.google.common.collect.RegularImmutableBiMap                                 : loaded 2 times (x 149B)
Class com.google.common.hash.PrimitiveSink                                            : loaded 2 times (x 70B)
Class com.google.common.reflect.Types$JavaVersion$2                                   : loaded 2 times (x 83B)
Class com.google.common.reflect.Types                                                 : loaded 2 times (x 71B)
Class com.google.common.base.PatternCompiler                                          : loaded 2 times (x 70B)
Class com.google.common.util.concurrent.AbstractFuture$Failure                        : loaded 2 times (x 72B)
Class com.google.common.base.Equivalence$Equals                                       : loaded 2 times (x 82B)
Class com.google.common.collect.Hashing                                               : loaded 2 times (x 71B)
Class com.google.common.base.Preconditions                                            : loaded 2 times (x 71B)
Class ijJvmDebugger1_9x3erf11sbp6hr81ma3cxq5r2$_run_closure1                          : loaded 2 times (x 139B)
Class com.google.common.io.CharSink                                                   : loaded 2 times (x 79B)
Class com.google.common.reflect.Types$JavaVersion$3                                   : loaded 2 times (x 83B)
Class com.google.common.base.Joiner$1                                                 : loaded 2 times (x 80B)
Class org.objectweb.asm.Label                                                         : loaded 2 times (x 73B)
Class org.objectweb.asm.CurrentFrame                                                  : loaded 2 times (x 73B)
Class org.objectweb.asm.ClassTooLargeException                                        : loaded 2 times (x 83B)
Class com.google.common.base.CharMatcher                                              : loaded 2 times (x 111B)
Class com.google.common.collect.PeekingIterator                                       : loaded 2 times (x 70B)
Class com.google.common.collect.MapMakerInternalMap$InternalEntryHelper               : loaded 2 times (x 70B)
Class com.google.common.collect.Table                                                 : loaded 2 times (x 70B)
Class com.google.common.reflect.Types$JavaVersion$4                                   : loaded 2 times (x 83B)
Class com.google.common.collect.Maps$IteratorBasedAbstractMap                         : loaded 2 times (x 125B)
Class com.google.common.base.Joiner$2                                                 : loaded 2 times (x 79B)
Class org.objectweb.asm.Frame                                                         : loaded 2 times (x 73B)
Class org.objectweb.asm.MethodVisitor                                                 : loaded 2 times (x 105B)
Class com.google.common.base.CharMatcher$1                                            : loaded 2 times (x 113B)
Class com.google.common.base.CharMatcher$NamedFastMatcher                             : loaded 2 times (x 112B)
Class com.google.common.cache.LocalCache$EntryFactory$1                               : loaded 2 times (x 83B)
Class [Lcom.google.common.cache.RemovalListener;                                      : loaded 2 times (x 69B)
Class com.google.common.reflect.Types$JavaVersion$5                                   : loaded 2 times (x 71B)
Class [Lcom.google.common.reflect.Types$ClassOwnership;                               : loaded 2 times (x 69B)
Class com.google.common.cache.LocalCache$EntryFactory$2                               : loaded 2 times (x 83B)
Class ijKotlinCoroutineJvmDebugInit1_dofq3drr9aihm4earzh7ldbbw$_run_closure1$_closure2: loaded 2 times (x 139B)
Class org.gradle.api.internal.classpath.GlobalCacheRootsProvider                      : loaded 2 times (x 70B)
Class org.objectweb.asm.ModuleWriter                                                  : loaded 2 times (x 82B)
Class com.google.common.cache.LocalCache$EntryFactory$3                               : loaded 2 times (x 83B)
Class com.google.common.base.Ticker$1                                                 : loaded 2 times (x 72B)
Class com.google.common.collect.Maps$BiMapConverter                                   : loaded 2 times (x 90B)
Class com.google.common.collect.ImmutableMapEntrySet$RegularEntrySet                  : loaded 2 times (x 152B)
Class com.google.common.collect.ImmutableSet$Builder                                  : loaded 2 times (x 85B)
Class com.google.common.base.CharMatcher$InRange                                      : loaded 2 times (x 111B)
Class com.google.common.cache.LocalCache$EntryFactory$4                               : loaded 2 times (x 83B)
Class com.google.common.cache.LocalCache$EntryFactory$5                               : loaded 2 times (x 83B)
Class com.google.common.base.PairwiseEquivalence                                      : loaded 2 times (x 83B)
Class com.google.common.cache.LocalCache$EntryFactory$6                               : loaded 2 times (x 83B)
Class org.gradle.internal.installation.CurrentGradleInstallationLocator               : loaded 2 times (x 71B)
Class com.google.common.collect.Maps$KeySet                                           : loaded 2 times (x 137B)
Class com.google.common.collect.ImmutableSet$EmptySetBuilderImpl                      : loaded 2 times (x 76B)
Class com.google.common.cache.LocalCache$EntryFactory$7                               : loaded 2 times (x 83B)
Class com.google.common.collect.ImmutableList                                         : loaded 2 times (x 206B)
Class org.gradle.internal.service.DefaultServiceLocator                               : loaded 2 times (x 83B)
Class com.google.common.collect.Maps$EntrySet                                         : loaded 2 times (x 136B)
Class com.google.common.cache.LocalCache$EntryFactory$8                               : loaded 2 times (x 83B)
Class com.google.common.collect.ImmutableSet$SetBuilderImpl                           : loaded 2 times (x 76B)
Class org.gradle.internal.installation.CurrentGradleInstallation                      : loaded 2 times (x 73B)
Class com.google.common.cache.CacheLoader$1                                           : loaded 2 times (x 75B)
Class com.google.common.collect.ImmutableList$SubList                                 : loaded 2 times (x 209B)
Class org.gradle.util.internal.GUtil                                                  : loaded 2 times (x 71B)
Class com.google.common.io.ByteSource                                                 : loaded 2 times (x 84B)
Class com.google.common.cache.AbstractCache$StatsCounter                              : loaded 2 times (x 70B)
Class com.google.common.collect.MapMakerInternalMap$1                                 : loaded 2 times (x 83B)
Class com.google.common.reflect.Types$TypeVariableImpl                                : loaded 2 times (x 72B)
Class com.google.common.collect.Iterators$MergingIterator                             : loaded 2 times (x 81B)
Class com.google.common.collect.RegularImmutableSet                                   : loaded 2 times (x 149B)
Class org.gradle.internal.installation.GradleInstallation                             : loaded 2 times (x 75B)
Class com.google.common.base.Splitter$Strategy                                        : loaded 2 times (x 70B)
Class com.google.common.collect.Iterables                                             : loaded 2 times (x 71B)

---------------  S Y S T E M  ---------------

OS:
 Windows 11 , 64 bit Build 26100 (10.0.26100.7309)
OS uptime: 3 days 6:26 hours

CPU: total 8 (initial active 8) (8 cores per cpu, 2 threads per core) family 23 model 160 stepping 0 microcode 0x8a00006, cx8, cmov, fxsr, ht, mmx, 3dnowpref, sse, sse2, sse3, ssse3, sse4a, sse4.1, sse4.2, popcnt, lzcnt, tsc, tscinvbit, avx, avx2, aes, clmul, bmi1, bmi2, adx, sha, fma, vzeroupper, clflush, clflushopt, rdtscp, rdpid, f16c
Processor Information for the first 8 processors :
  Max Mhz: 2401, Current Mhz: 2401, Mhz Limit: 2401

Memory: 4k page, system-wide physical 7455M (529M free)
TotalPageFile size 22153M (AvailPageFile size 115M)
current process WorkingSet (physical memory assigned to process): 477M, peak: 487M
current process commit charge ("private bytes"): 563M, peak: 945M

vm_info: OpenJDK 64-Bit Server VM (21.0.9+-14649483-b1163.86) for windows-amd64 JRE (21.0.9+-14649483-b1163.86), built on 2025-12-30T22:08:35Z by "builder" with MS VC++ 16.10 / 16.11 (VS2019)

END.
